NMAI ARK,NMAI Internal EMu ID,Term,Scope Note,Used for,Language Notes,Entire Tree,Level 1,Level 2,Level 3,Level 4,Level 5,Level 6,Level 7
Source URL,Source Citation,Preferred term,Scope note,Alternative term,Scope Note addition,Found Data,,,,,,,
http://n2t.net/ark:/65665/sz888f1f285-7bd9-40f5-a815-1c0f3e4fddcd,NMAICulture_188,Chukchee,,Chukchi,Language Family info:  Chukotko-Kamchatkan,Asia - Arctic - Siberia - Chukchee,Asia,Arctic,Siberia,Chukchee,,,
http://n2t.net/ark:/65665/sz8e748c974-e73d-4f6e-8aec-7c01bf67c39b,NMAICulture_219,Evenk (Even or Lamut Tungus),,,Language Family info:  Altaic/Tungus,Asia - Arctic - Siberia - Evenk (Even or Lamut Tungus),Asia,Arctic,Siberia,Evenk (Even or Lamut Tungus),,,
http://n2t.net/ark:/65665/sz841f64961-80b5-4cb3-b6aa-601fcdc2a9e0,NMAICulture_284,Koryak,,Nymylan,Language Family info:  Chukotko-Kamchatkan,Asia - Arctic - Siberia - Koryak,Asia,Arctic,Siberia,Koryak,,,
http://n2t.net/ark:/65665/sz8ef374f41-c2c4-4358-986f-20db47744f12,NMAICulture_36,Siberia,,,,Asia - Arctic - Siberia,Asia,Arctic,Siberia,,,,
http://n2t.net/ark:/65665/sz87f58f330-7eaa-48f0-94fc-60ce1c576bed,NMAICulture_9,Arctic,,,,Asia - Arctic,Asia,Arctic,,,,,
http://n2t.net/ark:/65665/sz88f5a291a-4882-4fb0-97a2-5dfaf62ca1a1,NMAICulture_3,Asia,,,,Asia,Asia,,,,,,
http://n2t.net/ark:/65665/sz842d7aa39-2fab-4550-b2e7-87c6c4dc955d,NMAICulture_2764,Barrera-Mordán Complex (archaeological culture),,,,Central America - Circum-Caribbean - Island Caribbean - Archaic Age (Ortoiroid) (archaeological culture) - Barrera-Mordán Complex (archaeological culture),Central America,Circum-Caribbean,Island Caribbean,Archaic Age (Ortoiroid) (archaeological culture),Barrera-Mordán Complex (archaeological culture),,
http://n2t.net/ark:/65665/sz896dde5c8-3b4b-4b22-90ce-8021f4ba9659,NMAICulture_2763,Archaic Age (Ortoiroid) (archaeological culture),,,,Central America - Circum-Caribbean - Island Caribbean - Archaic Age (Ortoiroid) (archaeological culture),Central America,Circum-Caribbean,Island Caribbean,Archaic Age (Ortoiroid) (archaeological culture),,,
http://n2t.net/ark:/65665/sz8e760046c-2e51-48b1-a7d5-378818d24b24,NMAICulture_2762,Banwari Complex (archaeological culture),,,,Central America - Circum-Caribbean - Island Caribbean - Banwari Complex (archaeological culture),Central America,Circum-Caribbean,Island Caribbean,Banwari Complex (archaeological culture),,,
http://n2t.net/ark:/65665/sz8481823fa-67e5-4a0d-aa9f-956f7107478f,NMAICulture_3165,Afro-Caribbean,,,,Central America - Circum-Caribbean - Island Caribbean - Caribbean Non-Indians - Afro-Caribbean,Central America,Circum-Caribbean,Island Caribbean,Caribbean Non-Indians,Afro-Caribbean,,
http://n2t.net/ark:/65665/sz8a717d6d3-3c3c-4b8f-8824-80bf9f4a775e,NMAICulture_535,Afro-Haitian,,Haytian; Voodoo Haitian Negro,,Central America - Circum-Caribbean - Island Caribbean - Caribbean Non-Indians - Afro-Haitian,Central America,Circum-Caribbean,Island Caribbean,Caribbean Non-Indians,Afro-Haitian,,
http://n2t.net/ark:/65665/sz896d1bcae-3b60-4b5d-88b9-44021f266c30,NMAICulture_536,Afro-Jamaican,,Jamaican Negro,,Central America - Circum-Caribbean - Island Caribbean - Caribbean Non-Indians - Afro-Jamaican,Central America,Circum-Caribbean,Island Caribbean,Caribbean Non-Indians,Afro-Jamaican,,
http://n2t.net/ark:/65665/sz8357a4cd2-2cdc-4bbe-b5eb-b9e9a36ec975,NMAICulture_156,Caribbean Non-Indians,,,,Central America - Circum-Caribbean - Island Caribbean - Caribbean Non-Indians,Central America,Circum-Caribbean,Island Caribbean,Caribbean Non-Indians,,,
http://n2t.net/ark:/65665/sz87c6b2209-7359-4f30-8b8e-79433e5f2782,NMAICulture_3160,Dabajuroid (archaeological culture),,,,Central America - Circum-Caribbean - Island Caribbean - Dabajuroid (archaeological culture),Central America,Circum-Caribbean,Island Caribbean,Dabajuroid (archaeological culture),,,
http://n2t.net/ark:/65665/sz85e5e8a74-1640-4f4b-b2c4-fa8d45d7b256,NMAICulture_3129,Huecoid Tradition (archaeological culture),,,,Central America - Circum-Caribbean - Island Caribbean - Huecoid Tradition (archaeological culture),Central America,Circum-Caribbean,Island Caribbean,Huecoid Tradition (archaeological culture),,,
http://n2t.net/ark:/65665/sz8c6445182-d418-44b7-a88a-62ff944d05e7,NMAICulture_571,Carib [Jamaica],,,Language Family info:  Arawakan/Maipuran/Northern Maipuran/Caribbean,Central America - Circum-Caribbean - Island Caribbean - Island Carib - Carib [Jamaica],Central America,Circum-Caribbean,Island Caribbean,Island Carib,Carib [Jamaica],,
http://n2t.net/ark:/65665/sz84d946f17-dbbe-4511-9973-60291b7bd0fa,NMAICulture_572,Carib [St. Vincent],,,Language Family info:  Arawakan/Maipuran/Northern Maipuran/Caribbean,Central America - Circum-Caribbean - Island Caribbean - Island Carib - Carib [St. Vincent],Central America,Circum-Caribbean,Island Caribbean,Island Carib,Carib [St. Vincent],,
http://n2t.net/ark:/65665/sz8acaa1742-a7bb-4cc2-8fd0-ce1d543c4242,NMAICulture_674,Kalinago (Carib/Kalina) [Dominica],,Kalina,Language Family info:  Arawakan/Maipuran/Northern Maipuran/Caribbean,Central America - Circum-Caribbean - Island Caribbean - Island Carib - Kalinago (Carib/Kalina) [Dominica],Central America,Circum-Caribbean,Island Caribbean,Island Carib,Kalinago (Carib/Kalina) [Dominica],,
http://n2t.net/ark:/65665/sz8cf6b02a3-8086-421a-8fec-d94f9ed42da9,NMAICulture_259,Island Carib,"Includes all individual Island Carib objects not assignable to more specific terms (Cuba, Barbados); other subdivions can be added if warranted",,Language Family info:  Arawakan/Maipuran/Northern Maipuran/Caribbean,Central America - Circum-Caribbean - Island Caribbean - Island Carib,Central America,Circum-Caribbean,Island Caribbean,Island Carib,,,
http://n2t.net/ark:/65665/sz8af3acb5a-ff04-490b-8570-ec1eef8eb496,NMAICulture_3136,Cayo Complex (archaeological culture),,,,Central America - Circum-Caribbean - Island Caribbean - Island Caribbean (archaeological culture) - Cayo Complex (archaeological culture),Central America,Circum-Caribbean,Island Caribbean,Island Caribbean (archaeological culture),Cayo Complex (archaeological culture),,
http://n2t.net/ark:/65665/sz87cd71d61-dc15-4dc5-8611-d9b9f09fc196,NMAICulture_3024,Island Caribbean (archaeological culture),,,,Central America - Circum-Caribbean - Island Caribbean - Island Caribbean (archaeological culture),Central America,Circum-Caribbean,Island Caribbean,Island Caribbean (archaeological culture),,,
http://n2t.net/ark:/65665/sz8c6289a35-a705-43a4-baa3-cf2344ac52e5,NMAICulture_2740,Chican Ostionoid (Chicoid) (archaeological culture),,,,Central America - Circum-Caribbean - Island Caribbean - Ostionoid Tradition (archaeological culture) - Chican Ostionoid (Chicoid) (archaeological culture),Central America,Circum-Caribbean,Island Caribbean,Ostionoid Tradition (archaeological culture),Chican Ostionoid (Chicoid) (archaeological culture),,
http://n2t.net/ark:/65665/sz8472896dd-acac-4627-9ada-b0e94b8f4074,NMAICulture_3059,Elenan Ostionoid (Elenoid) (archaeological culture),,,,Central America - Circum-Caribbean - Island Caribbean - Ostionoid Tradition (archaeological culture) - Elenan Ostionoid (Elenoid) (archaeological culture),Central America,Circum-Caribbean,Island Caribbean,Ostionoid Tradition (archaeological culture),Elenan Ostionoid (Elenoid) (archaeological culture),,
http://n2t.net/ark:/65665/sz84fd72296-2a0d-44f7-8887-63546bbbd221,NMAICulture_3062,Meillacan Ostionoid (Meillacoid) (archaeological culture),,,,Central America - Circum-Caribbean - Island Caribbean - Ostionoid Tradition (archaeological culture) - Meillacan Ostionoid (Meillacoid) (archaeological culture),Central America,Circum-Caribbean,Island Caribbean,Ostionoid Tradition (archaeological culture),Meillacan Ostionoid (Meillacoid) (archaeological culture),,
http://n2t.net/ark:/65665/sz8fd93d19c-b3af-4d7b-8830-45d786f86b49,NMAICulture_3058,Ostionan Ostionoid (archaeological culture),,,,Central America - Circum-Caribbean - Island Caribbean - Ostionoid Tradition (archaeological culture) - Ostionan Ostionoid (archaeological culture),Central America,Circum-Caribbean,Island Caribbean,Ostionoid Tradition (archaeological culture),Ostionan Ostionoid (archaeological culture),,
http://n2t.net/ark:/65665/sz8719ccc82-4b0d-422b-9348-c8132523959a,NMAICulture_2779,Ostionoid Tradition (archaeological culture),,,,Central America - Circum-Caribbean - Island Caribbean - Ostionoid Tradition (archaeological culture),Central America,Circum-Caribbean,Island Caribbean,Ostionoid Tradition (archaeological culture),,,
http://n2t.net/ark:/65665/sz87e42e1e8-0728-43bb-a2f9-7d0e13c131f2,NMAICulture_2777,Saladoid (archaeological culture),,,,Central America - Circum-Caribbean - Island Caribbean - Saladoid (archaeological culture),Central America,Circum-Caribbean,Island Caribbean,Saladoid (archaeological culture),,,
http://n2t.net/ark:/65665/sz8667878b9-0650-4d0a-abc7-ba3399aceb99,NMAICulture_706,Lucayan (Bahamian Indians),,,Language Family info:  Arawakan/Maipuran/Northern Maipuran/Caribbean,Central America - Circum-Caribbean - Island Caribbean - Taíno - Lucayan (Bahamian Indians),Central America,Circum-Caribbean,Island Caribbean,Taíno,Lucayan (Bahamian Indians),,
http://n2t.net/ark:/65665/sz8df63e5b4-a2f0-4e31-9714-c49bf4506bd8,NMAICulture_862,Taíno [Dominican Republic],,,Language Family info:  Arawakan/Maipuran/Northern Maipuran/Caribbean,Central America - Circum-Caribbean - Island Caribbean - Taíno - Taíno [Dominican Republic],Central America,Circum-Caribbean,Island Caribbean,Taíno,Taíno [Dominican Republic],,
http://n2t.net/ark:/65665/sz8ea1c0e7b-3dab-4f0d-97b7-626928809dd9,NMAICulture_863,Taíno [Haiti],,Haytian,Language Family info:  Arawakan/Maipuran/Northern Maipuran/Caribbean,Central America - Circum-Caribbean - Island Caribbean - Taíno - Taíno [Haiti],Central America,Circum-Caribbean,Island Caribbean,Taíno,Taíno [Haiti],,
http://n2t.net/ark:/65665/sz8eb37a2ea-31c2-4f33-9770-852e5d439a66,NMAICulture_864,Taíno [Jamaica],,,Language Family info:  Arawakan/Maipuran/Northern Maipuran/Caribbean,Central America - Circum-Caribbean - Island Caribbean - Taíno - Taíno [Jamaica],Central America,Circum-Caribbean,Island Caribbean,Taíno,Taíno [Jamaica],,
http://n2t.net/ark:/65665/sz83a7982a0-daf2-4ea9-9d8d-880100076d10,NMAICulture_865,Taíno [Puerto Rico],,,Language Family info:  Arawakan/Maipuran/Northern Maipuran/Caribbean,Central America - Circum-Caribbean - Island Caribbean - Taíno - Taíno [Puerto Rico],Central America,Circum-Caribbean,Island Caribbean,Taíno,Taíno [Puerto Rico],,
http://n2t.net/ark:/65665/sz821547cc1-856a-4d1b-ad2c-0f0675fade5f,NMAICulture_930,Yara Taíno,,,Language Family info:  Arawakan/Maipuran/Northern Maipuran/Caribbean,Central America - Circum-Caribbean - Island Caribbean - Taíno - Yara Taíno,Central America,Circum-Caribbean,Island Caribbean,Taíno,Yara Taíno,,
http://n2t.net/ark:/65665/sz89ca6d65c-b9d2-47f2-912d-468bf55a6f9e,NMAICulture_440,Taíno,,,Language Family info:  Arawakan/Maipuran/Northern Maipuran/Caribbean,Central America - Circum-Caribbean - Island Caribbean - Taíno,Central America,Circum-Caribbean,Island Caribbean,Taíno,,,
http://n2t.net/ark:/65665/sz830243de7-8617-4323-997b-253804ec1c8e,NMAICulture_3133,Mamoran Troumassoid (archaeological culture),,,,Central America - Circum-Caribbean - Island Caribbean - Troumassoid Tradition (archaeological culture) - Mamoran Troumassoid (archaeological culture),Central America,Circum-Caribbean,Island Caribbean,Troumassoid Tradition (archaeological culture),Mamoran Troumassoid (archaeological culture),,
http://n2t.net/ark:/65665/sz81969db7a-60de-4e8a-a2e8-e7cc5f252ac4,NMAICulture_3132,Suazan Troumassoid (archaeological culture),,,,Central America - Circum-Caribbean - Island Caribbean - Troumassoid Tradition (archaeological culture) - Suazan Troumassoid (archaeological culture),Central America,Circum-Caribbean,Island Caribbean,Troumassoid Tradition (archaeological culture),Suazan Troumassoid (archaeological culture),,
http://n2t.net/ark:/65665/sz8e94d1ce9-841b-4bec-8f3c-9208bf1bdf77,NMAICulture_3131,Troumassan Troumassoid (archaeological culture),,,,Central America - Circum-Caribbean - Island Caribbean - Troumassoid Tradition (archaeological culture) - Troumassan Troumassoid (archaeological culture),Central America,Circum-Caribbean,Island Caribbean,Troumassoid Tradition (archaeological culture),Troumassan Troumassoid (archaeological culture),,
http://n2t.net/ark:/65665/sz8cda26fbd-46a0-4faf-b14b-1522d4921fb5,NMAICulture_3130,Troumassoid Tradition (archaeological culture),,,,Central America - Circum-Caribbean - Island Caribbean - Troumassoid Tradition (archaeological culture),Central America,Circum-Caribbean,Island Caribbean,Troumassoid Tradition (archaeological culture),,,
http://n2t.net/ark:/65665/sz81ae573ed-2282-4830-a452-bda68f2fb218,NMAICulture_496,West Indies,,,,Central America - Circum-Caribbean - Island Caribbean - West Indies,Central America,Circum-Caribbean,Island Caribbean,West Indies,,,
http://n2t.net/ark:/65665/sz8a3d07b42-16b8-4033-9727-1694d6188762,NMAICulture_38,Island Caribbean,,,,Central America - Circum-Caribbean - Island Caribbean,Central America,Circum-Caribbean,Island Caribbean,,,,
http://n2t.net/ark:/65665/sz8d9d6c45f-404a-45cc-ba35-55fca1538d81,NMAICulture_2963,Cabécar (Chirripó),,,Language family info: Chibchan,Central America - Circum-Caribbean - Mainland Caribbean - Cabécar (Chirripó),Central America,Circum-Caribbean,Mainland Caribbean,Cabécar (Chirripó),,,
http://n2t.net/ark:/65665/sz836b2883a-61ff-4434-b805-fa10bff7e501,NMAICulture_2632,Chiriquí (archaeological culture),,,,Central America - Circum-Caribbean - Mainland Caribbean - Chiriquí (archaeological culture),Central America,Circum-Caribbean,Mainland Caribbean,Chiriquí (archaeological culture),,,
http://n2t.net/ark:/65665/sz8b91cfde3-a979-4304-a29b-b147ed58412b,NMAICulture_669,Juarro,May be part of Emberá; provenience is Sucubiti River,,Language Family info:  Choco,Central America - Circum-Caribbean - Mainland Caribbean - Emberá (Choikoi) - Juarro,Central America,Circum-Caribbean,Mainland Caribbean,Emberá (Choikoi),Juarro,,
http://n2t.net/ark:/65665/sz86253eccc-927a-4f07-90aa-f3bea5d89d8a,NMAICulture_216,Emberá (Choikoi),"Choikoi is an unpreferred colonial/outsider term (per Emberá community members, 9/2006)",Chokoi; Choco,Language Family info:  Choco,Central America - Circum-Caribbean - Mainland Caribbean - Emberá (Choikoi),Central America,Circum-Caribbean,Mainland Caribbean,Emberá (Choikoi),,,
http://n2t.net/ark:/65665/sz8d746d22b-e90e-4060-8ff9-bdda3378975b,NMAICulture_2672,Gran Coclé Tradition: Conté style (archaeological culture),,,,Central America - Circum-Caribbean - Mainland Caribbean - Gran Coclé Tradition (archaeological culture) - Gran Coclé Tradition: Conté style (archaeological culture),Central America,Circum-Caribbean,Mainland Caribbean,Gran Coclé Tradition (archaeological culture),Gran Coclé Tradition: Conté style (archaeological culture),,
http://n2t.net/ark:/65665/sz8ca836d98-ffdf-40c7-b888-9295a1afc5ee,NMAICulture_2671,Gran Coclé Tradition: Cubita style (archaeological culture),,,,Central America - Circum-Caribbean - Mainland Caribbean - Gran Coclé Tradition (archaeological culture) - Gran Coclé Tradition: Cubita style (archaeological culture),Central America,Circum-Caribbean,Mainland Caribbean,Gran Coclé Tradition (archaeological culture),Gran Coclé Tradition: Cubita style (archaeological culture),,
http://n2t.net/ark:/65665/sz8a1195183-c5e5-4a1a-8240-f7d7ffb765f3,NMAICulture_3029,Gran Coclé Tradition: El Hatillo style (archaeological culture),,,,Central America - Circum-Caribbean - Mainland Caribbean - Gran Coclé Tradition (archaeological culture) - Gran Coclé Tradition: El Hatillo style (archaeological culture),Central America,Circum-Caribbean,Mainland Caribbean,Gran Coclé Tradition (archaeological culture),Gran Coclé Tradition: El Hatillo style (archaeological culture),,
http://n2t.net/ark:/65665/sz82ece0702-38bf-44ba-b267-dec3049ac284,NMAICulture_2669,Gran Coclé Tradition: La Mula style (archaeological culture),,,,Central America - Circum-Caribbean - Mainland Caribbean - Gran Coclé Tradition (archaeological culture) - Gran Coclé Tradition: La Mula style (archaeological culture),Central America,Circum-Caribbean,Mainland Caribbean,Gran Coclé Tradition (archaeological culture),Gran Coclé Tradition: La Mula style (archaeological culture),,
http://n2t.net/ark:/65665/sz8a232f4be-1b22-43d6-8127-8fd40f3d2411,NMAICulture_3030,Gran Coclé Tradition: Macaracas style (archaeological culture),,,,Central America - Circum-Caribbean - Mainland Caribbean - Gran Coclé Tradition (archaeological culture) - Gran Coclé Tradition: Macaracas style (archaeological culture),Central America,Circum-Caribbean,Mainland Caribbean,Gran Coclé Tradition (archaeological culture),Gran Coclé Tradition: Macaracas style (archaeological culture),,
http://n2t.net/ark:/65665/sz8601ac22c-7136-4e3b-9980-2e340374e065,NMAICulture_2673,Gran Coclé Tradition: Parita style (archaeological culture),,,,Central America - Circum-Caribbean - Mainland Caribbean - Gran Coclé Tradition (archaeological culture) - Gran Coclé Tradition: Parita style (archaeological culture),Central America,Circum-Caribbean,Mainland Caribbean,Gran Coclé Tradition (archaeological culture),Gran Coclé Tradition: Parita style (archaeological culture),,
http://n2t.net/ark:/65665/sz87e92e7e6-329a-45d3-a863-ccf85c33b117,NMAICulture_2670,Gran Coclé Tradition: Tonosí style (archaeological culture),,,,Central America - Circum-Caribbean - Mainland Caribbean - Gran Coclé Tradition (archaeological culture) - Gran Coclé Tradition: Tonosí style (archaeological culture),Central America,Circum-Caribbean,Mainland Caribbean,Gran Coclé Tradition (archaeological culture),Gran Coclé Tradition: Tonosí style (archaeological culture),,
http://n2t.net/ark:/65665/sz8a075adc6-7f04-4c33-91e8-500b14f2877b,NMAICulture_2668,Gran Coclé Tradition (archaeological culture),,,,Central America - Circum-Caribbean - Mainland Caribbean - Gran Coclé Tradition (archaeological culture),Central America,Circum-Caribbean,Mainland Caribbean,Gran Coclé Tradition (archaeological culture),,,
http://n2t.net/ark:/65665/sz85693b5f6-716c-47df-9914-bad1656f30df,NMAICulture_1132,Sabanero Buglere,,Bokota; Bogota; Bofota; Bobota; Bocota; Bukueta; Nortenyo; Murire; Veraguas Sabanero; Sabanero; Bokotá,Language Family info:  Chibchan,Central America - Circum-Caribbean - Mainland Caribbean - Guaymi - Buglere - Sabanero Buglere,Central America,Circum-Caribbean,Mainland Caribbean,Guaymi,Buglere,Sabanero Buglere,
http://n2t.net/ark:/65665/sz859ad10a8-5559-4391-93c2-21db27df4d00,NMAICulture_560,Buglere,,,,Central America - Circum-Caribbean - Mainland Caribbean - Guaymi - Buglere,Central America,Circum-Caribbean,Mainland Caribbean,Guaymi,Buglere,,
http://n2t.net/ark:/65665/sz8ab8aba25-dcec-4d1c-83cf-34ef78a769b9,NMAICulture_748,Ngäbe (Guaymi),,Boorabi;Boorabbi; Ngäbere; Chiriqui; Ngobere; Valiente; Ngobe; Cuaymi; Boorabi; Guaymi,Language Family info:  Chibchan,Central America - Circum-Caribbean - Mainland Caribbean - Guaymi - Ngäbe (Guaymi),Central America,Circum-Caribbean,Mainland Caribbean,Guaymi,Ngäbe (Guaymi),,
http://n2t.net/ark:/65665/sz8a5119764-e693-4ded-be86-f4ac563fca60,NMAICulture_557,Border Guna [Colombia],,Colombia Cuna ; Caiman Nuevo ; Paya-Pucuro,Language Family info:  Chibchan,Central America - Circum-Caribbean - Mainland Caribbean - Guna (Kuna) - Border Guna [Colombia],Central America,Circum-Caribbean,Mainland Caribbean,Guna (Kuna),Border Guna [Colombia],,
http://n2t.net/ark:/65665/sz8aef62cdd-c99b-4c0d-8e97-4e6b3a4603f7,NMAICulture_595,Chucunaque Guna (Kuna),,Chucunague Cuna,Language Family info:  Chibchan,Central America - Circum-Caribbean - Mainland Caribbean - Guna (Kuna) - Chucunaque Guna (Kuna),Central America,Circum-Caribbean,Mainland Caribbean,Guna (Kuna),Chucunaque Guna (Kuna),,
http://n2t.net/ark:/65665/sz89d466915-b5fb-4306-86b0-25ec48b4b3b9,NMAICulture_1051,Guna [Guna Yala],"Kuna Yala is an autonomous territory or comarca in Panama, inhabited by the Kuna. The name means Kuna-land or Kuna mountain in the Kuna language. The area was formerly known as San Blas. (from Wikipedia, 2006)",San Blas Kuna; San Blas Indians ; Kuna Yala ;Cuna,Language Family info:  Chibchan,Central America - Circum-Caribbean - Mainland Caribbean - Guna (Kuna) - San Blas Kuna - Guna [Guna Yala],Central America,Circum-Caribbean,Mainland Caribbean,Guna (Kuna),San Blas Kuna,Guna [Guna Yala],
http://n2t.net/ark:/65665/sz8ac40cff6-ff15-430b-b3ce-927c0047cc41,NMAICulture_287,Guna (Kuna),,Dule ; Tule; Teguala,Language Family info:  Chibchan,Central America - Circum-Caribbean - Mainland Caribbean - Guna (Kuna),Central America,Circum-Caribbean,Mainland Caribbean,Guna (Kuna),,,
http://n2t.net/ark:/65665/sz80842d438-4f57-4179-86b2-18de3d0ab76b,NMAICulture_261,Jicaque,,Xicaque; Jicaques; Tol; Tolpan,Language Family info:  Language isolate,Central America - Circum-Caribbean - Mainland Caribbean - Jicaque,Central America,Circum-Caribbean,Mainland Caribbean,Jicaque,,,
http://n2t.net/ark:/65665/sz8fc455d33-0bc6-4e1d-a0ac-bf3c40164099,NMAICulture_628,Garifuna (Garif Carib),,Black Carib; Caribe,Language Family info:  Arawakan/Maipuran/Northern Maipuran/Caribbean,Central America - Circum-Caribbean - Mainland Caribbean - Mainland Carib - Garifuna (Garif Carib),Central America,Circum-Caribbean,Mainland Caribbean,Mainland Carib,Garifuna (Garif Carib),,
http://n2t.net/ark:/65665/sz8c10a3e77-c4dd-43c6-a0a7-3944bab526f1,NMAICulture_301,Mainland Carib,,,Language Family info:  Arawakan/Maipuran/Northern Maipuran/Caribbean,Central America - Circum-Caribbean - Mainland Caribbean - Mainland Carib,Central America,Circum-Caribbean,Mainland Caribbean,Mainland Carib,,,
http://n2t.net/ark:/65665/sz8c023271e-9d1e-421e-913c-d7dfcdc64c61,NMAICulture_3141,Arauquinoid Tradition (archaeological culture),,,,Central America - Circum-Caribbean - Mainland Caribbean - Mainland Caribbean (archaeological culture) - Arauquinoid Tradition (archaeological culture),Central America,Circum-Caribbean,Mainland Caribbean,Mainland Caribbean (archaeological culture),Arauquinoid Tradition (archaeological culture),,
http://n2t.net/ark:/65665/sz8a3e26eea-0608-4102-a2d3-c682205edb57,NMAICulture_3140,Barrancoid Tradition (archaeological culture),,,,Central America - Circum-Caribbean - Mainland Caribbean - Mainland Caribbean (archaeological culture) - Barrancoid Tradition (archaeological culture),Central America,Circum-Caribbean,Mainland Caribbean,Mainland Caribbean (archaeological culture),Barrancoid Tradition (archaeological culture),,
http://n2t.net/ark:/65665/sz8e90ddde1-48d1-41e2-8b3f-d7299c655736,NMAICulture_3033,Mainland Caribbean (archaeological culture),,,,Central America - Circum-Caribbean - Mainland Caribbean - Mainland Caribbean (archaeological culture),Central America,Circum-Caribbean,Mainland Caribbean,Mainland Caribbean (archaeological culture),,,
http://n2t.net/ark:/65665/sz897a5e938-f40b-42bf-88b3-5e460612079c,NMAICulture_2772,Manicuare complex (archaeological culture),,,,Central America - Circum-Caribbean - Mainland Caribbean - Manicuare complex (archaeological culture),Central America,Circum-Caribbean,Mainland Caribbean,Manicuare complex (archaeological culture),,,
http://n2t.net/ark:/65665/sz85d7fdb03-c43b-40ed-924d-4db2c185e094,NMAICulture_326,Mískito (Mosquito),,Miskito; Mísquito; Mískitu; Marquito; Sambo Indians; Moskito; Muskito; Miskito,Language Family info:  Misumalpan,Central America - Circum-Caribbean - Mainland Caribbean - Mískito (Mosquito),Central America,Circum-Caribbean,Mainland Caribbean,Mískito (Mosquito),,,
http://n2t.net/ark:/65665/sz809f0c211-94e3-4a0d-973f-37e327019527,NMAICulture_382,Pech (Paya),,Pech; Payas; Seco,Language Family info:  Chibchan,Central America - Circum-Caribbean - Mainland Caribbean - Pech (Paya),Central America,Circum-Caribbean,Mainland Caribbean,Pech (Paya),,,
http://n2t.net/ark:/65665/sz8bdc4c92a-29b3-45da-a743-c4848f7f090a,NMAICulture_412,Rama,,,Language Family info:  Chibchan,Central America - Circum-Caribbean - Mainland Caribbean - Rama,Central America,Circum-Caribbean,Mainland Caribbean,Rama,,,
http://n2t.net/ark:/65665/sz82e328676-9880-48d9-a60e-2e71462d9d20,NMAICulture_3031,Selin Tradition (archaeological culture),,,,Central America - Circum-Caribbean - Mainland Caribbean - Selin Tradition (archaeological culture),Central America,Circum-Caribbean,Mainland Caribbean,Selin Tradition (archaeological culture),,,
http://n2t.net/ark:/65665/sz82aff2acd-e8fb-46bf-afb7-2895ca0d900e,NMAICulture_529,Tawahka,,Twahka,Language Family info:  Misumalpan,Central America - Circum-Caribbean - Mainland Caribbean - Sumo - Tawahka,Central America,Circum-Caribbean,Mainland Caribbean,Sumo,Tawahka,,
http://n2t.net/ark:/65665/sz8d8c3e51a-4fe4-4eaf-9760-bcec4777aebe,NMAICulture_438,Sumo,,Sumo ; Sumu ; Soumo ; Sumoo,Language Family info:  Misumalpan,Central America - Circum-Caribbean - Mainland Caribbean - Sumo,Central America,Circum-Caribbean,Mainland Caribbean,Sumo,,,
http://n2t.net/ark:/65665/sz84d2801bd-9e86-4a75-a8fa-b47a86bfc931,NMAICulture_558,Boruca,,Borunca ; Burunca ; Brunca ; Brunka,Language Family info:  Chibchan,Central America - Circum-Caribbean - Mainland Caribbean - Talamanca - Boruca,Central America,Circum-Caribbean,Mainland Caribbean,Talamanca,Boruca,,
http://n2t.net/ark:/65665/sz83604fe1e-ef61-4502-8ccb-950cba89ee2f,NMAICulture_559,Bribri,,Bri Bri,Language Family info:  Chibchan,Central America - Circum-Caribbean - Mainland Caribbean - Talamanca - Bribri,Central America,Circum-Caribbean,Mainland Caribbean,Talamanca,Bribri,,
http://n2t.net/ark:/65665/sz89622ede5-fc1c-4a25-a237-bd983d3cabe9,NMAICulture_878,Teribe (Terraba),,Tiribi; Tirribi; Nortenyo; Quequexque; Naso; Terribi; Shayshan; Taribi,Language Family info:  Chibchan,Central America - Circum-Caribbean - Mainland Caribbean - Talamanca - Teribe (Terraba),Central America,Circum-Caribbean,Mainland Caribbean,Talamanca,Teribe (Terraba),,
http://n2t.net/ark:/65665/sz89c96b864-27b8-4b60-adb3-b06aa71d57f5,NMAICulture_442,Talamanca,,,Language Family info:  Chibchan,Central America - Circum-Caribbean - Mainland Caribbean - Talamanca,Central America,Circum-Caribbean,Mainland Caribbean,Talamanca,,,
http://n2t.net/ark:/65665/sz85aa6c05d-01e2-47f3-acbd-97f2da0c3ef2,NMAICulture_39,Mainland Caribbean,,Caribe ; Cariña ; Kalihna ; Kalinya ; Galibi,,Central America - Circum-Caribbean - Mainland Caribbean,Central America,Circum-Caribbean,Mainland Caribbean,,,,
http://n2t.net/ark:/65665/sz84d5f8417-ea5e-4cb1-a413-264cadbb68d7,NMAICulture_10,Circum-Caribbean,,,,Central America - Circum-Caribbean,Central America,Circum-Caribbean,,,,,
http://n2t.net/ark:/65665/sz88e927dc2-6ca5-43c0-9725-a597fd710999,NMAICulture_186,Ch'orti' (Chorti) Maya,,,Language Family info:  Mayan/Cholan-Tzeltalan,Central America - Mesoamerica - Maya - Highland Maya - Ch'orti' (Chorti) Maya,Central America,Mesoamerica,Maya,Highland Maya,Ch'orti' (Chorti) Maya,,
http://n2t.net/ark:/65665/sz89aa73502-3fa2-4a2c-851e-f93ff1bf28ab,NMAICulture_1035,Ixtatán Chuj Maya,,,Language Family info:  Mayan/Kanjobalan-Chujean,Central America - Mesoamerica - Maya - Highland Maya - Chujean Maya - Ixtatán Chuj Maya,Central America,Mesoamerica,Maya,Highland Maya,Chujean Maya,Ixtatán Chuj Maya,
http://n2t.net/ark:/65665/sz8088531c6-6152-4018-8794-8e1b43975b16,NMAICulture_886,Tojolabal Maya [Chiapas],,Tojolbal; Chañabal; Comiteco,Language Family info:  Mayan/Kanjobalan-Chujean,Central America - Mesoamerica - Maya - Highland Maya - Chujean Maya - Tojolabal Maya [Chiapas],Central America,Mesoamerica,Maya,Highland Maya,Chujean Maya,Tojolabal Maya [Chiapas],
http://n2t.net/ark:/65665/sz8a3e98bd9-5b9a-46c4-be18-2655f1348c6f,NMAICulture_187,Chujean Maya,,,Language Family info:  Mayan/Kanjobalan-Chujean,Central America - Mesoamerica - Maya - Highland Maya - Chujean Maya,Central America,Mesoamerica,Maya,Highland Maya,Chujean Maya,,
http://n2t.net/ark:/65665/sz86a5bdd74-f360-44a6-a930-1f6b2f382e92,NMAICulture_272,Kaqchikel Maya (Cakchiquel),Specific communities can be delineated as separate terms as warranted,Cakchiquel; Cachiquel,Language Family info:  Mayan/Quichean-Mamean,Central America - Mesoamerica - Maya - Highland Maya - Kaqchikel Maya (Cakchiquel),Central America,Mesoamerica,Maya,Highland Maya,Kaqchikel Maya (Cakchiquel),,
http://n2t.net/ark:/65665/sz84dfa3741-8c10-4243-8be3-4927cd0c3354,NMAICulture_276,Kekchi Jacaltec,Problematic term: Kekchi/Q'eqchi' and Jacaltec/Jacateko are from very different language subfamilies,,Language Family info:   Mayan/Quichean-Mamean,Central America - Mesoamerica - Maya - Highland Maya - Kekchi Jacaltec,Central America,Mesoamerica,Maya,Highland Maya,Kekchi Jacaltec,,
http://n2t.net/ark:/65665/sz842c53499-ab1f-483f-9717-724dbfe26b18,NMAICulture_664,Ixil K'iche' Maya,,Ixil Quiche,Language Family info:  Mayan/Quichean-Mamean,Central America - Mesoamerica - Maya - Highland Maya - K'iche' Maya (Quiché) - Ixil K'iche' Maya,Central America,Mesoamerica,Maya,Highland Maya,K'iche' Maya (Quiché),Ixil K'iche' Maya,
http://n2t.net/ark:/65665/sz8d0b31f7d-a752-40c6-bb06-82136768a47f,NMAICulture_409,K'iche' Maya (Quiché),Specific communities can be delineated as separate terms as warranted,Quiche,Language Family info:  Mayan/Quichean-Mamean,Central America - Mesoamerica - Maya - Highland Maya - K'iche' Maya (Quiché),Central America,Mesoamerica,Maya,Highland Maya,K'iche' Maya (Quiché),,
http://n2t.net/ark:/65665/sz843ef63ac-c5f8-46bb-8708-002fb5c6fe93,NMAICulture_1242,Ladino Saltillo,"Problematic term: Ciudad Las Casas, or San Cristobal de las Casas as it is now called, seems to be a mixed Maya community.  Unclear where Ladino Saltillo comes from: In Chiapas, Ladino can mean non-Native or those of indigenous ancestry who deny it",,,Central America - Mesoamerica - Maya - Highland Maya - Ladino Saltillo,Central America,Mesoamerica,Maya,Highland Maya,Ladino Saltillo,,
http://n2t.net/ark:/65665/sz8b9066f1c-623c-4456-836e-0f8a4d5e5a0e,NMAICulture_868,Tapachula Maya,,,Language Family info:  Mayan/Quichean-Mamean,Central America - Mesoamerica - Maya - Highland Maya - Mam Maya - Tapachula Maya,Central America,Mesoamerica,Maya,Highland Maya,Mam Maya,Tapachula Maya,
http://n2t.net/ark:/65665/sz8e7f5c3b8-25a0-4c57-9e60-5eb4e1418e83,NMAICulture_306,Mam Maya,,Mame,Language Family info:  Mayan/Quichean-Mamean,Central America - Mesoamerica - Maya - Highland Maya - Mam Maya,Central America,Mesoamerica,Maya,Highland Maya,Mam Maya,,
http://n2t.net/ark:/65665/sz8b3d14603-40e9-4243-adff-b92dd5205802,NMAICulture_101,Pocomam Maya (Pokomam),,,Language Family info:   Mayan/Quichean-Mamean,Central America - Mesoamerica - Maya - Highland Maya - Pocomam Maya (Pokomam),Central America,Mesoamerica,Maya,Highland Maya,Pocomam Maya (Pokomam),,
http://n2t.net/ark:/65665/sz808b7f9a8-80d3-4ee6-8c7f-a7888eccd59f,NMAICulture_3015,Pokomchi (Pocomchi) Maya,,Poqomchi' Maya,Language Family info:   Mayan/Quichean-Mamean/Pocom,Central America - Mesoamerica - Maya - Highland Maya - Pokomchi (Pocomchi) Maya,Central America,Mesoamerica,Maya,Highland Maya,Pokomchi (Pocomchi) Maya,,
http://n2t.net/ark:/65665/sz868f7dd88-0d27-4348-95b7-45ca656ed022,NMAICulture_401,Q'eqchi Maya,,Qeqchi ; Q'eqch'i ;Kekchi,Language Family info:  Mayan/Quichean-Mamean,Central America - Mesoamerica - Maya - Highland Maya - Q'eqchi Maya,Central America,Mesoamerica,Maya,Highland Maya,Q'eqchi Maya,,
http://n2t.net/ark:/65665/sz8cb02308a-1346-42c7-8c52-f371f25ad4bb,NMAICulture_1248,Bachajón Tzeltal Maya,,Bachajon,Language Family info:  Mayan/Cholan-Tzeltalan,Central America - Mesoamerica - Maya - Highland Maya - Tzeltal Maya - Bachajón Tzeltal Maya,Central America,Mesoamerica,Maya,Highland Maya,Tzeltal Maya,Bachajón Tzeltal Maya,
http://n2t.net/ark:/65665/sz837f009a8-f0e0-4020-a57e-cecb13e1d83b,NMAICulture_1249,Oxchuc Tzeltal Maya (Occucero),,Highland Tzeltal; Tenejapa; Chanal Cancuc Tenango,Language Family info:  Mayan/Cholan-Tzeltalan,Central America - Mesoamerica - Maya - Highland Maya - Tzeltal Maya - Oxchuc Tzeltal Maya (Occucero),Central America,Mesoamerica,Maya,Highland Maya,Tzeltal Maya,Oxchuc Tzeltal Maya (Occucero),
http://n2t.net/ark:/65665/sz8b926a65e-344c-4324-8b06-3c5b0cc0cf5b,NMAICulture_474,Tzeltal Maya,,Tzental ; Tzletal,Language Family info:  Mayan/Cholan-Tzeltalan,Central America - Mesoamerica - Maya - Highland Maya - Tzeltal Maya,Central America,Mesoamerica,Maya,Highland Maya,Tzeltal Maya,,
http://n2t.net/ark:/65665/sz87b186f8f-cfa5-4ed7-9c63-fe8ad7332ca9,NMAICulture_579,Chamula Maya,,,Language Family info:  Mayan/Cholan-Tzeltalan,Central America - Mesoamerica - Maya - Highland Maya - Tzotzil Maya - Chamula Maya,Central America,Mesoamerica,Maya,Highland Maya,Tzotzil Maya,Chamula Maya,
http://n2t.net/ark:/65665/sz8e3b22da0-7591-4006-8d3b-50486cbd8e32,NMAICulture_587,Chenalhó Maya (Chemalho),,Chenalho; Chenaló,Language Family info:  Mayan/Cholan-Tzeltalan,Central America - Mesoamerica - Maya - Highland Maya - Tzotzil Maya - Chenalhó Maya (Chemalho),Central America,Mesoamerica,Maya,Highland Maya,Tzotzil Maya,Chenalhó Maya (Chemalho),
http://n2t.net/ark:/65665/sz8a163df9f-af4e-4ee0-8ca4-07df133b4ecf,NMAICulture_653,Huixteco Maya [Chiapas],,,Language Family info:  Mayan/Cholan-Tzeltalan,Central America - Mesoamerica - Maya - Highland Maya - Tzotzil Maya - Huixteco Maya [Chiapas],Central America,Mesoamerica,Maya,Highland Maya,Tzotzil Maya,Huixteco Maya [Chiapas],
http://n2t.net/ark:/65665/sz8b7f78cf7-cfbd-46f4-b457-2bc6ac5cdb33,NMAICulture_1280,Tzotzil Maya [Chiapa de Corzo] (Chiapense),"Chiapense seems to refer strictly to Chiapa de Corzo, which seems to be Tzotzil Maya",,Language Family info:  Mayan/Cholan-Tzeltalan,Central America - Mesoamerica - Maya - Highland Maya - Tzotzil Maya - Tzotzil Maya [Chiapa de Corzo] (Chiapense),Central America,Mesoamerica,Maya,Highland Maya,Tzotzil Maya,Tzotzil Maya [Chiapa de Corzo] (Chiapense),
http://n2t.net/ark:/65665/sz865da43ea-fbb5-43f9-b066-e934a6655a01,NMAICulture_905,Venustiano Carranza Tzotzil Maya [San Bartolomé],,San Bartolomeco Indians,,Central America - Mesoamerica - Maya - Highland Maya - Tzotzil Maya - Venustiano Carranza Tzotzil Maya [San Bartolomé],Central America,Mesoamerica,Maya,Highland Maya,Tzotzil Maya,Venustiano Carranza Tzotzil Maya [San Bartolomé],
http://n2t.net/ark:/65665/sz8b03c952f-e139-4bd0-88f6-0673a0abb215,NMAICulture_475,Tzotzil Maya,,,Language Family info:  Mayan/Cholan-Tzeltalan,Central America - Mesoamerica - Maya - Highland Maya - Tzotzil Maya,Central America,Mesoamerica,Maya,Highland Maya,Tzotzil Maya,,
http://n2t.net/ark:/65665/sz883bec61e-1ced-4adb-8b3c-bc4babc17761,NMAICulture_476,Tz'utuhil Maya (Tzutuhil/Zutigil),,Tsutujil,Language Family info:  Mayan/Quichean-Mamean,Central America - Mesoamerica - Maya - Highland Maya - Tz'utuhil Maya (Tzutuhil/Zutigil),Central America,Mesoamerica,Maya,Highland Maya,Tz'utuhil Maya (Tzutuhil/Zutigil),,
http://n2t.net/ark:/65665/sz899b842d7-dac3-4779-bf8e-581417dc74e8,NMAICulture_40,Highland Maya,,,,Central America - Mesoamerica - Maya - Highland Maya,Central America,Mesoamerica,Maya,Highland Maya,,,
http://n2t.net/ark:/65665/sz8c2f4da33-a499-4e5e-848e-cee5bfe57259,NMAICulture_183,Chol Maya,,Ch'ol,Language Family info:  Mayan/Cholan-Tzeltalan,Central America - Mesoamerica - Maya - Lowland Maya - Chol Maya,Central America,Mesoamerica,Maya,Lowland Maya,Chol Maya,,
http://n2t.net/ark:/65665/sz8b8ac15a8-ad16-4f70-8c8d-977c2d3d39de,NMAICulture_705,Lowland Oaxaca Chontal,,,Language Family info:  Mayan/Cholan-Tzeltalan,Central America - Mesoamerica - Maya - Lowland Maya - Chontal (Chontol) - Lowland Oaxaca Chontal,Central America,Mesoamerica,Maya,Lowland Maya,Chontal (Chontol),Lowland Oaxaca Chontal,
http://n2t.net/ark:/65665/sz8d2f0ecba-fe5b-4b1e-8f98-1f69af07f83c,NMAICulture_859,Tabasco Chontal,,,Language Family info:  Mayan/Cholan-Tzeltalan,Central America - Mesoamerica - Maya - Lowland Maya - Chontal (Chontol) - Tabasco Chontal,Central America,Mesoamerica,Maya,Lowland Maya,Chontal (Chontol),Tabasco Chontal,
http://n2t.net/ark:/65665/sz83c6f2d17-bbe4-4f0d-b4ef-d956e7b401e6,NMAICulture_184,Chontal (Chontol),,,Language Family info:  Mayan/Cholan-Tzeltalan,Central America - Mesoamerica - Maya - Lowland Maya - Chontal (Chontol),Central America,Mesoamerica,Maya,Lowland Maya,Chontal (Chontol),,
http://n2t.net/ark:/65665/sz8c18fd105-ab30-456d-a174-37e1c35dc588,NMAICulture_3016,Mopan Maya,,,Language Family info:  Mayan/Yucatecan/Mopan-Itza,Central America - Mesoamerica - Maya - Lowland Maya - Mopan Maya,Central America,Mesoamerica,Maya,Lowland Maya,Mopan Maya,,
http://n2t.net/ark:/65665/sz867d45a1c-89dc-427a-8030-5175ff81400c,NMAICulture_580,Chan Santa Cruz Maya,Objects identified as Santa Cruz Nahua: need checking/fixing,Santa Cruz Maya ; Chan Santa Cruz Nahua,Language Family info:  Mayan/Yucatecan,Central America - Mesoamerica - Maya - Lowland Maya - Yucatec (Yacatec) Maya - Chan Santa Cruz Maya,Central America,Mesoamerica,Maya,Lowland Maya,Yucatec (Yacatec) Maya,Chan Santa Cruz Maya,
http://n2t.net/ark:/65665/sz84a255c2a-e797-4523-8dea-df99d1699b7f,NMAICulture_694,Lacandon Maya,,Lacanjá; Najá; Lancandon,Language Family info:  Mayan/Yucatecan,Central America - Mesoamerica - Maya - Lowland Maya - Yucatec (Yacatec) Maya - Lacandon Maya,Central America,Mesoamerica,Maya,Lowland Maya,Yucatec (Yacatec) Maya,Lacandon Maya,
http://n2t.net/ark:/65665/sz8b6eb67e6-6f9f-423a-a364-5bf14c1e43c5,NMAICulture_2872,Yucatán Maya,,,Language Family info:  Mayan/Yucatecan,Central America - Mesoamerica - Maya - Lowland Maya - Yucatec (Yacatec) Maya - Yucatán Maya,Central America,Mesoamerica,Maya,Lowland Maya,Yucatec (Yacatec) Maya,Yucatán Maya,
http://n2t.net/ark:/65665/sz801623028-8a1b-4c12-8986-c8fdfad46feb,NMAICulture_517,Yucatec (Yacatec) Maya,,,Language Family info:  Mayan/Yucatecan,Central America - Mesoamerica - Maya - Lowland Maya - Yucatec (Yacatec) Maya,Central America,Mesoamerica,Maya,Lowland Maya,Yucatec (Yacatec) Maya,,
http://n2t.net/ark:/65665/sz8e2dbee7f-a5b1-4940-b79c-08633ba0011b,NMAICulture_41,Lowland Maya,,,,Central America - Mesoamerica - Maya - Lowland Maya,Central America,Mesoamerica,Maya,Lowland Maya,,,
http://n2t.net/ark:/65665/sz8d50445f1-9b59-47bd-a09d-af90223767e3,NMAICulture_2625,Classic period Maya (archaeological culture),,,,Central America - Mesoamerica - Maya - Maya (archaeological culture) - Classic period Maya (archaeological culture),Central America,Mesoamerica,Maya,Maya (archaeological culture),Classic period Maya (archaeological culture),,
http://n2t.net/ark:/65665/sz830e3a777-8399-41b8-a2ca-58282091d68e,NMAICulture_2662,Post-Classic period Maya (archaeological culture),,,,Central America - Mesoamerica - Maya - Maya (archaeological culture) - Post-Classic period Maya (archaeological culture),Central America,Mesoamerica,Maya,Maya (archaeological culture),Post-Classic period Maya (archaeological culture),,
http://n2t.net/ark:/65665/sz855ba7103-8854-4566-8971-fe55f5b3b8ab,NMAICulture_2661,Pre-Classic Period Maya (archaeological culture),,,,Central America - Mesoamerica - Maya - Maya (archaeological culture) - Pre-Classic Period Maya (archaeological culture),Central America,Mesoamerica,Maya,Maya (archaeological culture),Pre-Classic Period Maya (archaeological culture),,
http://n2t.net/ark:/65665/sz8a8f5b635-d4cd-4789-b66f-d7d14400e7d8,NMAICulture_2624,Maya (archaeological culture),,,,Central America - Mesoamerica - Maya - Maya (archaeological culture),Central America,Mesoamerica,Maya,Maya (archaeological culture),,,
http://n2t.net/ark:/65665/sz8438b4d7e-57f5-4f92-99e6-95de6e22181c,NMAICulture_2658,Olmec (archaeological culture),,,,Central America - Mesoamerica - Maya - Olmec (archaeological culture),Central America,Mesoamerica,Maya,Olmec (archaeological culture),,,
http://n2t.net/ark:/65665/sz830a69569-5db8-422e-ae20-80afa582f0fe,NMAICulture_2835,Chiapas Tradition (archaeological culture),,,,Central America - Mesoamerica - Maya - Veracruz/Gulf Coast (archaeological culture) - Chiapas Tradition (archaeological culture),Central America,Mesoamerica,Maya,Veracruz/Gulf Coast (archaeological culture),Chiapas Tradition (archaeological culture),,
http://n2t.net/ark:/65665/sz8b4d1bd01-8823-45df-b8ce-236887ac67ef,NMAICulture_2629,Classic period Veracruz/Gulf Coast: Remojadas (archaeological culture),,,,Central America - Mesoamerica - Maya - Veracruz/Gulf Coast (archaeological culture) - Classic period Veracruz/Gulf Coast (archaeological culture) - Classic period Veracruz/Gulf Coast: Remojadas (archaeological culture),Central America,Mesoamerica,Maya,Veracruz/Gulf Coast (archaeological culture),Classic period Veracruz/Gulf Coast (archaeological culture),Classic period Veracruz/Gulf Coast: Remojadas (archaeological culture),
http://n2t.net/ark:/65665/sz8204c59e7-d7a5-4e8e-bd2f-20ea6b6df364,NMAICulture_2628,Classic period Veracruz/Gulf Coast (archaeological culture),,,,Central America - Mesoamerica - Maya - Veracruz/Gulf Coast (archaeological culture) - Classic period Veracruz/Gulf Coast (archaeological culture),Central America,Mesoamerica,Maya,Veracruz/Gulf Coast (archaeological culture),Classic period Veracruz/Gulf Coast (archaeological culture),,
http://n2t.net/ark:/65665/sz8bdb2e26d-269c-495b-84e1-a7520e426f6a,NMAICulture_2827,Epi-Olmec (archaeological culture),,,,Central America - Mesoamerica - Maya - Veracruz/Gulf Coast (archaeological culture) - Epi-Olmec (archaeological culture),Central America,Mesoamerica,Maya,Veracruz/Gulf Coast (archaeological culture),Epi-Olmec (archaeological culture),,
http://n2t.net/ark:/65665/sz8e3c9183e-f302-43b4-9be5-eb41bea581c3,NMAICulture_2660,Post-Classic period Veracruz/Gulf Coast (archaeological culture),,,,Central America - Mesoamerica - Maya - Veracruz/Gulf Coast (archaeological culture) - Post-Classic period Veracruz/Gulf Coast (archaeological culture),Central America,Mesoamerica,Maya,Veracruz/Gulf Coast (archaeological culture),Post-Classic period Veracruz/Gulf Coast (archaeological culture),,
http://n2t.net/ark:/65665/sz84597f643-375e-4e8c-9518-6aba01578c31,NMAICulture_11,Maya,,,Language Family info:  Mayan,Central America - Mesoamerica - Maya,Central America,Mesoamerica,Maya,,,,
http://n2t.net/ark:/65665/sz86ba95ab8-a4c9-435a-9c41-3f26d9f95630,NMAICulture_2742,Mesoamerican (archaeological culture),,,,Central America - Mesoamerica - Mesoamerican (archaeological culture),Central America,Mesoamerica,Mesoamerican (archaeological culture),,,,
http://n2t.net/ark:/65665/sz838012f32-f389-4e6f-82f7-cfeae5b6ef82,NMAICulture_3034,Mesoamerican: Plumbate style (archaeological culture),,,,Central America - Mesoamerica - Mesoamerican: Plumbate style (archaeological culture),Central America,Mesoamerica,Mesoamerican: Plumbate style (archaeological culture),,,,
http://n2t.net/ark:/65665/sz8f839d927-d7d2-4ffb-9eef-9aff5c4454c5,NMAICulture_3035,Mesoamerican: Usulután style (archaeological culture),,,,Central America - Mesoamerica - Mesoamerican: Usulután style (archaeological culture),Central America,Mesoamerica,Mesoamerican: Usulután style (archaeological culture),,,,
http://n2t.net/ark:/65665/sz830ff8517-0106-4e70-bb87-1e12a669dec5,NMAICulture_1261,Amuzgo (Amusgo),,Amusgo,,Central America - Mesoamerica - Northern Mesoamerica - Amuzgo (Amusgo),Central America,Mesoamerica,Northern Mesoamerica,Amuzgo (Amusgo),,,
http://n2t.net/ark:/65665/sz880b8e9c2-af5b-48b0-b04d-2f8b3d4234b7,NMAICulture_2681,Aztec (archaeological culture),,,,Central America - Mesoamerica - Northern Mesoamerica - Central Mexico/Valley of Mexico (archaeological culture) - Aztec (archaeological culture),Central America,Mesoamerica,Northern Mesoamerica,Central Mexico/Valley of Mexico (archaeological culture),Aztec (archaeological culture),,
http://n2t.net/ark:/65665/sz8794c3d9a-bcbb-4210-8c70-753478f494ec,NMAICulture_2678,Cholula (archaeological culture),,,,Central America - Mesoamerica - Northern Mesoamerica - Central Mexico/Valley of Mexico (archaeological culture) - Cholula (archaeological culture),Central America,Mesoamerica,Northern Mesoamerica,Central Mexico/Valley of Mexico (archaeological culture),Cholula (archaeological culture),,
http://n2t.net/ark:/65665/sz84262ce0d-a3ff-44fb-aa6c-5604e38f5151,NMAICulture_2863,Cuicuilco (archaeological culture),,,,Central America - Mesoamerica - Northern Mesoamerica - Central Mexico/Valley of Mexico (archaeological culture) - Cuicuilco (archaeological culture),Central America,Mesoamerica,Northern Mesoamerica,Central Mexico/Valley of Mexico (archaeological culture),Cuicuilco (archaeological culture),,
http://n2t.net/ark:/65665/sz85d530137-0533-449a-b93c-44e774a614b3,NMAICulture_3304,Mexica (archaeological culture),,,,Central America - Mesoamerica - Northern Mesoamerica - Central Mexico/Valley of Mexico (archaeological culture) - Mexica (archaeological culture),Central America,Mesoamerica,Northern Mesoamerica,Central Mexico/Valley of Mexico (archaeological culture),Mexica (archaeological culture),,
http://n2t.net/ark:/65665/sz896f74b1d-26a3-4a1f-8b73-c3c50d8df5f6,NMAICulture_2679,Mixteca (Mixtec) (archaeological culture),,,,Central America - Mesoamerica - Northern Mesoamerica - Central Mexico/Valley of Mexico (archaeological culture) - Mixteca (Mixtec) (archaeological culture),Central America,Mesoamerica,Northern Mesoamerica,Central Mexico/Valley of Mexico (archaeological culture),Mixteca (Mixtec) (archaeological culture),,
http://n2t.net/ark:/65665/sz8fd374fee-2750-46ba-918a-77358648fbdb,NMAICulture_2677,Teotihuacán (archaeological culture),,,,Central America - Mesoamerica - Northern Mesoamerica - Central Mexico/Valley of Mexico (archaeological culture) - Teotihuacán (archaeological culture),Central America,Mesoamerica,Northern Mesoamerica,Central Mexico/Valley of Mexico (archaeological culture),Teotihuacán (archaeological culture),,
http://n2t.net/ark:/65665/sz8a0274c0d-8263-4bb1-a8b6-966e43a65379,NMAICulture_2919,Tepaneca (Tepanec) (archaeological culture),,,,Central America - Mesoamerica - Northern Mesoamerica - Central Mexico/Valley of Mexico (archaeological culture) - Tepaneca (Tepanec) (archaeological culture),Central America,Mesoamerica,Northern Mesoamerica,Central Mexico/Valley of Mexico (archaeological culture),Tepaneca (Tepanec) (archaeological culture),,
http://n2t.net/ark:/65665/sz8c2b2574e-f6b2-4d85-b479-0ec54f47972e,NMAICulture_2675,Tlapacoya Tradition (archaeological culture),,,,Central America - Mesoamerica - Northern Mesoamerica - Central Mexico/Valley of Mexico (archaeological culture) - Tlapacoya Tradition (archaeological culture),Central America,Mesoamerica,Northern Mesoamerica,Central Mexico/Valley of Mexico (archaeological culture),Tlapacoya Tradition (archaeological culture),,
http://n2t.net/ark:/65665/sz87e332533-c993-4e0d-9e6a-c9a9e7e9325c,NMAICulture_2676,Tlatilco (archaeological culture),,,,Central America - Mesoamerica - Northern Mesoamerica - Central Mexico/Valley of Mexico (archaeological culture) - Tlatilco (archaeological culture),Central America,Mesoamerica,Northern Mesoamerica,Central Mexico/Valley of Mexico (archaeological culture),Tlatilco (archaeological culture),,
http://n2t.net/ark:/65665/sz8d7c3c130-9fcf-4b8a-abf6-fa7fb9b0c2f1,NMAICulture_2680,Toltec (archaeological culture),,,,Central America - Mesoamerica - Northern Mesoamerica - Central Mexico/Valley of Mexico (archaeological culture) - Toltec (archaeological culture),Central America,Mesoamerica,Northern Mesoamerica,Central Mexico/Valley of Mexico (archaeological culture),Toltec (archaeological culture),,
http://n2t.net/ark:/65665/sz8ed38de2d-f313-483a-bb5a-60caec1e9201,NMAICulture_2862,Zacatenco (archaeological culture),,,,Central America - Mesoamerica - Northern Mesoamerica - Central Mexico/Valley of Mexico (archaeological culture) - Zacatenco (archaeological culture),Central America,Mesoamerica,Northern Mesoamerica,Central Mexico/Valley of Mexico (archaeological culture),Zacatenco (archaeological culture),,
http://n2t.net/ark:/65665/sz86430f408-9a5c-4b8f-96a9-274a9176e1ef,NMAICulture_2674,Central Mexico/Valley of Mexico (archaeological culture),,,,Central America - Mesoamerica - Northern Mesoamerica - Central Mexico/Valley of Mexico (archaeological culture),Central America,Mesoamerica,Northern Mesoamerica,Central Mexico/Valley of Mexico (archaeological culture),,,
http://n2t.net/ark:/65665/sz8ff9ce580-87e7-4396-8e03-8e3add81b8c1,NMAICulture_170,Chiapanec,,Chiapaneco,Language Family info:  Oto-Manguean/Chiapanec-Mangue,Central America - Mesoamerica - Northern Mesoamerica - Chiapanec,Central America,Mesoamerica,Northern Mesoamerica,Chiapanec,,,
http://n2t.net/ark:/65665/sz8b2f3e3e0-e405-4bd5-bbbe-a9c75d9c722b,NMAICulture_1263,Chinantec [Chinantla],,,Language Family info:  Oto-Manguean/Chinantecan,Central America - Mesoamerica - Northern Mesoamerica - Chinantec - Chinantec [Chinantla],Central America,Mesoamerica,Northern Mesoamerica,Chinantec,Chinantec [Chinantla],,
http://n2t.net/ark:/65665/sz8ec098294-17ff-45eb-826d-3aabe908d6ab,NMAICulture_176,Chinantec,,,Language Family info:  Oto-Manguean/Chinantecan,Central America - Mesoamerica - Northern Mesoamerica - Chinantec,Central America,Mesoamerica,Northern Mesoamerica,Chinantec,,,
http://n2t.net/ark:/65665/sz84db0d81a-beba-460d-87a3-0e740a73800c,NMAICulture_2964,Chocholtec (Chocho),,,Language family: Oto-Manguean/Popolocan/Chocho-Popolocan,Central America - Mesoamerica - Northern Mesoamerica - Chocholtec (Chocho),Central America,Mesoamerica,Northern Mesoamerica,Chocholtec (Chocho),,,
http://n2t.net/ark:/65665/sz82fd1ca46-76b6-47ca-96f3-46e9d882769d,NMAICulture_652,Huaynamota Cora (Nayarit Nahua),,Nayerit,Language Family info:  Uto-Aztecan/Southern Uto-Aztecan/Sonoran/Corachol,Central America - Mesoamerica - Northern Mesoamerica - Cora - Huaynamota Cora (Nayarit Nahua),Central America,Mesoamerica,Northern Mesoamerica,Cora,Huaynamota Cora (Nayarit Nahua),,
http://n2t.net/ark:/65665/sz8bce3fa8e-edea-4642-b2b1-83f1be7dffdd,NMAICulture_200,Cora,,Cora de el Nayar,Language Family info:  Uto-Aztecan/Southern Uto-Aztecan/Sonoran/Corachol,Central America - Mesoamerica - Northern Mesoamerica - Cora,Central America,Mesoamerica,Northern Mesoamerica,Cora,,,
http://n2t.net/ark:/65665/sz8f078d513-1b00-4017-9e8f-77b69dbf104d,NMAICulture_3299,Cuicatec (archaeological culture),,,,Central America - Mesoamerica - Northern Mesoamerica - Cuicatec (archaeological culture),Central America,Mesoamerica,Northern Mesoamerica,Cuicatec (archaeological culture),,,
http://n2t.net/ark:/65665/sz8f28f1e09-3144-46c2-95c1-1e132d4f769f,NMAICulture_3097,Dubaku (Cuicateco),,Cuicatec ; Dbaku ; Duaku,Language family: Oto-manguean / Eastern Otomanguean / Amuzgo-Mixtecan /Mixtecan/  Cuiatec,Central America - Mesoamerica - Northern Mesoamerica - Dubaku (Cuicateco),Central America,Mesoamerica,Northern Mesoamerica,Dubaku (Cuicateco),,,
http://n2t.net/ark:/65665/sz8ed392f25-fdd3-4279-ba24-1122cbc56c70,NMAICulture_2659,Huastec (Huasteca) (archaeological culture),,,,Central America - Mesoamerica - Northern Mesoamerica - Huastec (Huasteca) (archaeological culture),Central America,Mesoamerica,Northern Mesoamerica,Huastec (Huasteca) (archaeological culture),,,
http://n2t.net/ark:/65665/sz858d6fe8a-e399-423a-bf87-a5c72271b43f,NMAICulture_241,Huastec,Problematic term: need to research to differentiate ethnographic Huastec and archaeological Huastec objects,Huaxtec; Huasteco; Huasteco de Tantoyuca,Language Family info:  Mayan/Huastecan,Central America - Mesoamerica - Northern Mesoamerica - Huastec,Central America,Mesoamerica,Northern Mesoamerica,Huastec,,,
http://n2t.net/ark:/65665/sz8267102ae-96e0-42ff-9e18-98d8f61b9689,NMAICulture_819,San Mateo del Mar Ikood (Huave),,,Language Family info:  Huavean,Central America - Mesoamerica - Northern Mesoamerica - Ikood (Huave) - San Mateo del Mar Ikood (Huave),Central America,Mesoamerica,Northern Mesoamerica,Ikood (Huave),San Mateo del Mar Ikood (Huave),,
http://n2t.net/ark:/65665/sz831013a51-9695-440c-86b5-c179c0f96a2d,NMAICulture_242,Ikood (Huave),,Juave,Language Family info:  Huavean,Central America - Mesoamerica - Northern Mesoamerica - Ikood (Huave),Central America,Mesoamerica,Northern Mesoamerica,Ikood (Huave),,,
http://n2t.net/ark:/65665/sz8be515d7c-02e1-445e-9e08-e2380356f496,NMAICulture_2656,Lowland Mesoamerican Archaic Tradition (Lowland Hunter and Gatherer Tradition) (archaeological culture),,,,Central America - Mesoamerica - Northern Mesoamerica - Lowland Mesoamerican Archaic Tradition (Lowland Hunter and Gatherer Tradition) (archaeological culture),Central America,Mesoamerica,Northern Mesoamerica,Lowland Mesoamerican Archaic Tradition (Lowland Hunter and Gatherer Tradition) (archaeological culture),,,
http://n2t.net/ark:/65665/sz89329e8f5-c0c2-4760-9593-27686833d399,NMAICulture_312,Matlatzinca,,,Language Family info:  Oto-Manguean/Otopamean,Central America - Mesoamerica - Northern Mesoamerica - Matlatzinca,Central America,Mesoamerica,Northern Mesoamerica,Matlatzinca,,,
http://n2t.net/ark:/65665/sz83e5ab607-2c38-4e69-8659-5c8b7d768b1e,NMAICulture_317,Mazahua,,,Language Family info:  Oto-Manguean/Otopamean,Central America - Mesoamerica - Northern Mesoamerica - Mazahua,Central America,Mesoamerica,Northern Mesoamerica,Mazahua,,,
http://n2t.net/ark:/65665/sz8bccc0e63-d998-4ec7-b0fe-6e6dbe7a5eae,NMAICulture_2953,Mazatec [Huautla],,Highland Mazatec ; Mazateco de Huautla de Jimenez ; Mazateco de la Sierra,Language family: Oto-Manguean/Popolocan/Mazatecan,Central America - Mesoamerica - Northern Mesoamerica - Mazatec - Mazatec [Huautla],Central America,Mesoamerica,Northern Mesoamerica,Mazatec,Mazatec [Huautla],,
http://n2t.net/ark:/65665/sz832468f79-b0bf-4252-ba59-f941297e4c81,NMAICulture_3433,Mazatec,,,Language family: Oto-Manguean/Popolocan/Mazatecan,Central America - Mesoamerica - Northern Mesoamerica - Mazatec,Central America,Mesoamerica,Northern Mesoamerica,Mazatec,,,
http://n2t.net/ark:/65665/sz8f7789722-2a2f-41ec-b109-2838bb2fb5ef,NMAICulture_670,Juquila Mixe,,Ocotepec Mixe; Juquilla,Language Family info:  Mixe-Zoque,Central America - Mesoamerica - Northern Mesoamerica - Mixe - Juquila Mixe,Central America,Mesoamerica,Northern Mesoamerica,Mixe,Juquila Mixe,,
http://n2t.net/ark:/65665/sz86a0aac63-5697-439c-b866-d4c3af5e4b0b,NMAICulture_329,Mixe,,,Language Family info:  Mixe-Zoque,Central America - Mesoamerica - Northern Mesoamerica - Mixe,Central America,Mesoamerica,Northern Mesoamerica,Mixe,,,
http://n2t.net/ark:/65665/sz8179e7e1b-12c6-4db4-9fc9-fb25c3d077d2,NMAICulture_330,Mixtec,Problematic term: need to research to differentiate ethnographic Mixtec and archaeological Mixtec objects,Mixteco; Mixtes,Language Family info:  Oto-Manguean/ Mixtecan,Central America - Mesoamerica - Northern Mesoamerica - Mixtec,Central America,Mesoamerica,Northern Mesoamerica,Mixtec,,,
http://n2t.net/ark:/65665/sz891d5302b-e392-46a4-99e5-01874af48da4,NMAICulture_627,Federal District Nahua,,,Language Family info:  Uto-Aztecan/Southern Uto-Aztecan,Central America - Mesoamerica - Northern Mesoamerica - Nahua - Federal District Nahua,Central America,Mesoamerica,Northern Mesoamerica,Nahua,Federal District Nahua,,
http://n2t.net/ark:/65665/sz805801ef3-257f-4cbd-ae6e-fd8daae63e4f,NMAICulture_1101,Nahua [Acatlan],,,Language Family info:  Uto-Aztecan/Southern Uto-Aztecan,Central America - Mesoamerica - Northern Mesoamerica - Nahua - Guerrero Nahua - Nahua [Acatlan],Central America,Mesoamerica,Northern Mesoamerica,Nahua,Guerrero Nahua,Nahua [Acatlan],
http://n2t.net/ark:/65665/sz8e7054f43-d818-4057-8b37-27f67f6e3bee,NMAICulture_1102,Nahua [Ameyaltepec],,,Language Family info:  Uto-Aztecan/Southern Uto-Aztecan,Central America - Mesoamerica - Northern Mesoamerica - Nahua - Guerrero Nahua - Nahua [Ameyaltepec],Central America,Mesoamerica,Northern Mesoamerica,Nahua,Guerrero Nahua,Nahua [Ameyaltepec],
http://n2t.net/ark:/65665/sz851960dde-935c-49ed-8b62-d5e750f97090,NMAICulture_1104,Nahua [Olinalá],,,Language Family info:  Uto-Aztecan/Southern Uto-Aztecan,Central America - Mesoamerica - Northern Mesoamerica - Nahua - Guerrero Nahua - Nahua [Olinalá],Central America,Mesoamerica,Northern Mesoamerica,Nahua,Guerrero Nahua,Nahua [Olinalá],
http://n2t.net/ark:/65665/sz8e3ace1af-658f-409b-87dd-7021f5fa34a8,NMAICulture_1105,Nahua [San Agustín Oapan],,Oapan; San Augustin Oapan,Language Family info:  Uto-Aztecan/Southern Uto-Aztecan,Central America - Mesoamerica - Northern Mesoamerica - Nahua - Guerrero Nahua - Nahua [San Agustín Oapan],Central America,Mesoamerica,Northern Mesoamerica,Nahua,Guerrero Nahua,Nahua [San Agustín Oapan],
http://n2t.net/ark:/65665/sz83d680d4e-08ca-4bec-be25-7dc03db62e21,NMAICulture_1107,Nahua [Xalitla],,,Language Family info:  Uto-Aztecan/Southern Uto-Aztecan,Central America - Mesoamerica - Northern Mesoamerica - Nahua - Guerrero Nahua - Nahua [Xalitla],Central America,Mesoamerica,Northern Mesoamerica,Nahua,Guerrero Nahua,Nahua [Xalitla],
http://n2t.net/ark:/65665/sz823e2eaf0-7e95-4a6c-a732-0e19c29afc77,NMAICulture_633,Guerrero Nahua,,,,Central America - Mesoamerica - Northern Mesoamerica - Nahua - Guerrero Nahua,Central America,Mesoamerica,Northern Mesoamerica,Nahua,Guerrero Nahua,,
http://n2t.net/ark:/65665/sz8a2604720-e977-463c-8738-d9ea5e231eaf,NMAICulture_1106,Nahua [Teul],,,Language Family info:  Uto-Aztecan/Southern Uto-Aztecan,Central America - Mesoamerica - Northern Mesoamerica - Nahua - Jalisco Nahua - Nahua [Teul],Central America,Mesoamerica,Northern Mesoamerica,Nahua,Jalisco Nahua,Nahua [Teul],
http://n2t.net/ark:/65665/sz8a1ff3f19-e21d-407f-a603-6bc09f815d79,NMAICulture_665,Jalisco Nahua,,,,Central America - Mesoamerica - Northern Mesoamerica - Nahua - Jalisco Nahua,Central America,Mesoamerica,Northern Mesoamerica,Nahua,Jalisco Nahua,,
http://n2t.net/ark:/65665/sz8639bbff9-c483-4815-84f6-1ccc91f95abe,NMAICulture_2554,Morelos Nahua,,,Language Family info:  Uto-Aztecan/Southern Uto-Aztecan,Central America - Mesoamerica - Northern Mesoamerica - Nahua - Morelos Nahua,Central America,Mesoamerica,Northern Mesoamerica,Nahua,Morelos Nahua,,
http://n2t.net/ark:/65665/sz892568d59-f233-4518-b3b5-6030589af8a6,NMAICulture_1103,Nahua [Northern Puebla],,Sierra Nahua,Language Family info:  Uto-Aztecan/Southern Uto-Aztecan,Central America - Mesoamerica - Northern Mesoamerica - Nahua - Puebla Nahua - Nahua [Northern Puebla],Central America,Mesoamerica,Northern Mesoamerica,Nahua,Puebla Nahua,Nahua [Northern Puebla],
http://n2t.net/ark:/65665/sz8528eb093-7a22-4d94-a445-2f8589991260,NMAICulture_799,Puebla Nahua,,,,Central America - Mesoamerica - Northern Mesoamerica - Nahua - Puebla Nahua,Central America,Mesoamerica,Northern Mesoamerica,Nahua,Puebla Nahua,,
http://n2t.net/ark:/65665/sz807e61c4c-b048-44ce-bfc7-2c02cca1fc2c,NMAICulture_339,Nahua,,Aztec Indians; Nahuatl; Nahuatl Aztec; Modern Aztec,Language Family info:  Uto-Aztecan/Southern Uto-Aztecan,Central America - Mesoamerica - Northern Mesoamerica - Nahua,Central America,Mesoamerica,Northern Mesoamerica,Nahua,,,
http://n2t.net/ark:/65665/sz8ef205814-900b-4b04-a58d-a166be8d78d4,NMAICulture_1272,Otomí [San Pablito],,,Language Family info:  Oto-Manguean/Otopamean,Central America - Mesoamerica - Northern Mesoamerica - Otomí (Otomi) - Otomí [San Pablito],Central America,Mesoamerica,Northern Mesoamerica,Otomí (Otomi),Otomí [San Pablito],,
http://n2t.net/ark:/65665/sz8197b2421-e688-4853-80c6-f23a17db99ef,NMAICulture_373,Otomí (Otomi),,,Language Family info:  Oto-Manguean/Otopamean,Central America - Mesoamerica - Northern Mesoamerica - Otomí (Otomi),Central America,Mesoamerica,Northern Mesoamerica,Otomí (Otomi),,,
http://n2t.net/ark:/65665/sz8bef25890-65ef-4057-ac51-94293d5e0c95,NMAICulture_2665,Paleoindian Tradition: Clovis (archaeological culture),,,,Central America - Mesoamerica - Northern Mesoamerica - Paleoindian Tradition (archaeological culture) - Paleoindian Tradition: Clovis (archaeological culture),Central America,Mesoamerica,Northern Mesoamerica,Paleoindian Tradition (archaeological culture),Paleoindian Tradition: Clovis (archaeological culture),,
http://n2t.net/ark:/65665/sz8165d8379-3531-414e-a7ea-bbe5739c0b46,NMAICulture_2666,Paleoindian Tradition: Folsom (archaeological culture),,,,Central America - Mesoamerica - Northern Mesoamerica - Paleoindian Tradition (archaeological culture) - Paleoindian Tradition: Folsom (archaeological culture),Central America,Mesoamerica,Northern Mesoamerica,Paleoindian Tradition (archaeological culture),Paleoindian Tradition: Folsom (archaeological culture),,
http://n2t.net/ark:/65665/sz84c137c23-5e38-49f7-ac03-228d9b10289f,NMAICulture_2667,Paleoindian Tradition: Plano (archaeological culture),,,,Central America - Mesoamerica - Northern Mesoamerica - Paleoindian Tradition (archaeological culture) - Paleoindian Tradition: Plano (archaeological culture),Central America,Mesoamerica,Northern Mesoamerica,Paleoindian Tradition (archaeological culture),Paleoindian Tradition: Plano (archaeological culture),,
http://n2t.net/ark:/65665/sz895ed2b89-3dd0-422b-bd63-65717c4174f4,NMAICulture_2664,Paleoindian Tradition (archaeological culture),,Paleo-Indian,,Central America - Mesoamerica - Northern Mesoamerica - Paleoindian Tradition (archaeological culture),Central America,Mesoamerica,Northern Mesoamerica,Paleoindian Tradition (archaeological culture),,,
http://n2t.net/ark:/65665/sz88ec5a3ba-ba18-4b26-99b3-e4f270a80931,NMAICulture_2657,Pre-Ceramic/Tamaulipas Tradition (archaeological culture),,,,Central America - Mesoamerica - Northern Mesoamerica - Pre-Ceramic/Tamaulipas Tradition (archaeological culture),Central America,Mesoamerica,Northern Mesoamerica,Pre-Ceramic/Tamaulipas Tradition (archaeological culture),,,
http://n2t.net/ark:/65665/sz864a67cb6-98aa-48b9-98b3-26caaad5f3d6,NMAICulture_398,Purepecha (Tarasco),,Tarascan; Terascan; Phorhépecha; Porhé,Language Family info:  Tarascan,Central America - Mesoamerica - Northern Mesoamerica - Purepecha (Tarasco),Central America,Mesoamerica,Northern Mesoamerica,Purepecha (Tarasco),,,
http://n2t.net/ark:/65665/sz833be595f-8307-41c7-ac12-1c3d8e5f5244,NMAICulture_2981,Tepecano,,,Language Family info:  Uto-Aztecan/Southern Uto-Aztecan/Sonoran/Tepiman,Central America - Mesoamerica - Northern Mesoamerica - Tepecano,Central America,Mesoamerica,Northern Mesoamerica,Tepecano,,,
http://n2t.net/ark:/65665/sz89bd4de08-e6ba-41ed-88e7-69c1dc877ad3,NMAICulture_448,Tepehuán (Tepehuan),,Tepehuano,Language Family info:  Uto-Aztecan/Southern Uto-Aztecan/Sonoran/Tepiman,Central America - Mesoamerica - Northern Mesoamerica - Tepehuán (Tepehuan),Central America,Mesoamerica,Northern Mesoamerica,Tepehuán (Tepehuan),,,
http://n2t.net/ark:/65665/sz826d20b3d-1b72-4f93-855a-04d366570bd0,NMAICulture_2655,Totonac (Totonaco) (archaeological culture),,,,Central America - Mesoamerica - Northern Mesoamerica - Totonac (Totonaco) (archaeological culture),Central America,Mesoamerica,Northern Mesoamerica,Totonac (Totonaco) (archaeological culture),,,
http://n2t.net/ark:/65665/sz8023ab69e-b780-4222-93e9-eb261fabad84,NMAICulture_457,Totonac (Totonaco),Problematic term: need to research to differentiate ethnographic Totonac and archaeological Totonac objects,Totonaco,Language Family info:  Totonacan,Central America - Mesoamerica - Northern Mesoamerica - Totonac (Totonaco),Central America,Mesoamerica,Northern Mesoamerica,Totonac (Totonaco),,,
http://n2t.net/ark:/65665/sz8d20ce9ff-4112-4e20-8a53-1d4882495574,NMAICulture_588,Triqui (Trique) [San Andrés Chicahuaxtla],,Chicahuastla,Language Family info:  Oto-Manguean/Mixtecan,Central America - Mesoamerica - Northern Mesoamerica - Triqui (Trique Choco) - Triqui (Trique) [San Andrés Chicahuaxtla],Central America,Mesoamerica,Northern Mesoamerica,Triqui (Trique Choco),Triqui (Trique) [San Andrés Chicahuaxtla],,
http://n2t.net/ark:/65665/sz8d27e1a96-edb1-41d4-9b47-6da697ffb897,NMAICulture_2852,Triqui (Trique) [San Joan Copala],,Copala,Language Family info:  Oto-Manguean/Mixtecan,Central America - Mesoamerica - Northern Mesoamerica - Triqui (Trique Choco) - Triqui (Trique) [San Joan Copala],Central America,Mesoamerica,Northern Mesoamerica,Triqui (Trique Choco),Triqui (Trique) [San Joan Copala],,
http://n2t.net/ark:/65665/sz81818bb31-8b35-49ea-ac08-968d86cf583c,NMAICulture_459,Triqui (Trique Choco),,,Language Family info:  Oto-Manguean/Mixtecan/Trique,Central America - Mesoamerica - Northern Mesoamerica - Triqui (Trique Choco),Central America,Mesoamerica,Northern Mesoamerica,Triqui (Trique Choco),,,
http://n2t.net/ark:/65665/sz8ce140190-a6ab-4ae9-ad03-b4fe362ac17c,NMAICulture_2627,Veracruz/Gulf Coast (archaeological culture),,,,Central America - Mesoamerica - Northern Mesoamerica - Veracruz/Gulf Coast (archaeological culture),Central America,Mesoamerica,Northern Mesoamerica,Veracruz/Gulf Coast (archaeological culture),,,
http://n2t.net/ark:/65665/sz897decc30-bdb5-4f4b-bcb2-747f68545ac9,NMAICulture_2623,Chupícuaro (archaeological culture),,,,Central America - Mesoamerica - Northern Mesoamerica - West Mexican Tradition (archaeological culture) - Chupícuaro (archaeological culture),Central America,Mesoamerica,Northern Mesoamerica,West Mexican Tradition (archaeological culture),Chupícuaro (archaeological culture),,
http://n2t.net/ark:/65665/sz81d83adfa-4e99-4f79-a180-bd22f7d0161d,NMAICulture_2858,Mezcala (archaeological culture),,,,Central America - Mesoamerica - Northern Mesoamerica - West Mexican Tradition (archaeological culture) - Mezcala (archaeological culture),Central America,Mesoamerica,Northern Mesoamerica,West Mexican Tradition (archaeological culture),Mezcala (archaeological culture),,
http://n2t.net/ark:/65665/sz8e6bb5f26-e889-4fcf-8d27-9d0b5e9c5723,NMAICulture_2652,Michoacán (archaeological culture),,,,Central America - Mesoamerica - Northern Mesoamerica - West Mexican Tradition (archaeological culture) - Michoacán (archaeological culture),Central America,Mesoamerica,Northern Mesoamerica,West Mexican Tradition (archaeological culture),Michoacán (archaeological culture),,
http://n2t.net/ark:/65665/sz8621aae29-ef69-45d6-ab74-ab35a3f5d84b,NMAICulture_2653,Tarascan (archaeological culture),,,,Central America - Mesoamerica - Northern Mesoamerica - West Mexican Tradition (archaeological culture) - Tarascan (archaeological culture),Central America,Mesoamerica,Northern Mesoamerica,West Mexican Tradition (archaeological culture),Tarascan (archaeological culture),,
http://n2t.net/ark:/65665/sz8f68fe833-83c6-4062-84e9-34fcde58f5d4,NMAICulture_2683,Teuchitlán (archaeological culture),,,,Central America - Mesoamerica - Northern Mesoamerica - West Mexican Tradition (archaeological culture) - Teuchitlán (archaeological culture),Central America,Mesoamerica,Northern Mesoamerica,West Mexican Tradition (archaeological culture),Teuchitlán (archaeological culture),,
http://n2t.net/ark:/65665/sz82684aada-d700-442a-bbc3-21e84a93b652,NMAICulture_2650,West Mexican/Shaft Tombs Tradition: Colima style (archaeological culture),,,,Central America - Mesoamerica - Northern Mesoamerica - West Mexican Tradition (archaeological culture) - West Mexican/Shaft Tombs Tradition (archaeological culture) - West Mexican/Shaft Tombs Tradition: Colima style (archaeological culture),Central America,Mesoamerica,Northern Mesoamerica,West Mexican Tradition (archaeological culture),West Mexican/Shaft Tombs Tradition (archaeological culture),West Mexican/Shaft Tombs Tradition: Colima style (archaeological culture),
http://n2t.net/ark:/65665/sz805aa63b1-0d12-422e-a949-711a320647f2,NMAICulture_2651,West Mexican/Shaft Tombs Tradition: Nayarit style (archaeological culture),,,,Central America - Mesoamerica - Northern Mesoamerica - West Mexican Tradition (archaeological culture) - West Mexican/Shaft Tombs Tradition (archaeological culture) - West Mexican/Shaft Tombs Tradition: Nayarit style (archaeological culture),Central America,Mesoamerica,Northern Mesoamerica,West Mexican Tradition (archaeological culture),West Mexican/Shaft Tombs Tradition (archaeological culture),West Mexican/Shaft Tombs Tradition: Nayarit style (archaeological culture),
http://n2t.net/ark:/65665/sz8ab5f07ec-8c1f-4933-8b53-c1ff3e42aa9f,NMAICulture_3329,West Mexican/Shaft Tombs Tradition: Zacatecas style (archaeological culture),,,,Central America - Mesoamerica - Northern Mesoamerica - West Mexican Tradition (archaeological culture) - West Mexican/Shaft Tombs Tradition (archaeological culture) - West Mexican/Shaft Tombs Tradition: Zacatecas style (archaeological culture),Central America,Mesoamerica,Northern Mesoamerica,West Mexican Tradition (archaeological culture),West Mexican/Shaft Tombs Tradition (archaeological culture),West Mexican/Shaft Tombs Tradition: Zacatecas style (archaeological culture),
http://n2t.net/ark:/65665/sz8ac04b2d8-3025-47fc-88cf-25ef3caa1d80,NMAICulture_2649,West Mexican/Shaft Tombs Tradition (archaeological culture),,,,Central America - Mesoamerica - Northern Mesoamerica - West Mexican Tradition (archaeological culture) - West Mexican/Shaft Tombs Tradition (archaeological culture),Central America,Mesoamerica,Northern Mesoamerica,West Mexican Tradition (archaeological culture),West Mexican/Shaft Tombs Tradition (archaeological culture),,
http://n2t.net/ark:/65665/sz8f42bd4fc-cfb9-45d9-80ff-f59def2d171a,NMAICulture_2682,Xochipala (archaeological culture),,,,Central America - Mesoamerica - Northern Mesoamerica - West Mexican Tradition (archaeological culture) - Xochipala (archaeological culture),Central America,Mesoamerica,Northern Mesoamerica,West Mexican Tradition (archaeological culture),Xochipala (archaeological culture),,
http://n2t.net/ark:/65665/sz86421729b-df38-42a9-b47d-6d862c4019b9,NMAICulture_2622,West Mexican Tradition (archaeological culture),,,,Central America - Mesoamerica - Northern Mesoamerica - West Mexican Tradition (archaeological culture),Central America,Mesoamerica,Northern Mesoamerica,West Mexican Tradition (archaeological culture),,,
http://n2t.net/ark:/65665/sz8e023452a-a415-4cfd-9cc0-9c995145db46,NMAICulture_499,Wixarika (Huichol),Specific communities can be delineated as separate terms as warranted,,Language Family info:  Uto-Aztecan/Southern Uto-Aztecan/Sonoran/Corachol,Central America - Mesoamerica - Northern Mesoamerica - Wixarika (Huichol),Central America,Mesoamerica,Northern Mesoamerica,Wixarika (Huichol),,,
http://n2t.net/ark:/65665/sz8a7fbbe76-c3df-49fa-8e11-354e59a090a0,NMAICulture_1056,Lachiguiri Zapotec [Tehuantepec],,Zapoteco de Santiago Lachiguiri,Language Family info:  Oto-Manguean/Zapotecan,Central America - Mesoamerica - Northern Mesoamerica - Zapotec - Lachiguiri Zapotec - Lachiguiri Zapotec [Tehuantepec],Central America,Mesoamerica,Northern Mesoamerica,Zapotec,Lachiguiri Zapotec,Lachiguiri Zapotec [Tehuantepec],
http://n2t.net/ark:/65665/sz81457353f-db7d-4aaf-b016-92edda854cff,NMAICulture_695,Lachiguiri Zapotec,,,,Central America - Mesoamerica - Northern Mesoamerica - Zapotec - Lachiguiri Zapotec,Central America,Mesoamerica,Northern Mesoamerica,Zapotec,Lachiguiri Zapotec,,
http://n2t.net/ark:/65665/sz8d19b49ed-11fa-4d34-a65d-63ef201cbdcf,NMAICulture_2829,Lachixío Zapotec,,,,Central America - Mesoamerica - Northern Mesoamerica - Zapotec - Lachixío Zapotec,Central America,Mesoamerica,Northern Mesoamerica,Zapotec,Lachixío Zapotec,,
http://n2t.net/ark:/65665/sz8d0c6581a-39f1-40fd-a648-496010678fe0,NMAICulture_2654,Zapotec (archaeological culture),,,,Central America - Mesoamerica - Northern Mesoamerica - Zapotec (archaeological culture),Central America,Mesoamerica,Northern Mesoamerica,Zapotec (archaeological culture),,,
http://n2t.net/ark:/65665/sz81647a909-835d-48ef-b4ff-f7b2be81431e,NMAICulture_527,Zapotec,Problematic term: need to research to differentiate ethnographic Zapotec and archaeological Zapotec objects,Zapotecan,Language Family info:  Oto-Manguean/Zapotecan,Central America - Mesoamerica - Northern Mesoamerica - Zapotec,Central America,Mesoamerica,Northern Mesoamerica,Zapotec,,,
http://n2t.net/ark:/65665/sz83fe98229-1836-4645-a2d9-6b880f71760a,NMAICulture_528,Zoque,,,Language Family info:  Mixe-Zoque,Central America - Mesoamerica - Northern Mesoamerica - Zoque,Central America,Mesoamerica,Northern Mesoamerica,Zoque,,,
http://n2t.net/ark:/65665/sz8147da1c9-3b83-45ed-b73e-6e8f7d520609,NMAICulture_3305,Mesoamerican Archaic Tradition (archaeological culture),,,,Central America - Mesoamerica - Northern Mesoamerica (archaeological) - Mesoamerican Archaic Tradition (archaeological culture),Central America,Mesoamerica,Northern Mesoamerica (archaeological),Mesoamerican Archaic Tradition (archaeological culture),,,
http://n2t.net/ark:/65665/sz8e26ece33-f9e8-4b0a-bfdf-ca96f155322d,NMAICulture_43,Northern Mesoamerica,,,,Central America - Mesoamerica - Northern Mesoamerica,Central America,Mesoamerica,Northern Mesoamerica,,,,
http://n2t.net/ark:/65665/sz8da45970f-c9ff-4f01-8e78-64d58783b042,NMAICulture_2781,Central Caribbean/Costa Rican Atlantic Watershed (archaeological culture),,,,Central America - Mesoamerica - Southern Mesoamerica - Central Caribbean/Costa Rican Atlantic Watershed (archaeological culture),Central America,Mesoamerica,Southern Mesoamerica,Central Caribbean/Costa Rican Atlantic Watershed (archaeological culture),,,
http://n2t.net/ark:/65665/sz8eb3bcd32-7f2c-4909-9960-275c60a13b31,NMAICulture_185,Chorotega,,Choratega; Choluteca; Mangue; Diria; Orotina,Language Family info:  Oto-Manguean/Chiapanec-Mangue,Central America - Mesoamerica - Southern Mesoamerica - Chorotega,Central America,Mesoamerica,Southern Mesoamerica,Chorotega,,,
http://n2t.net/ark:/65665/sz8c8c88a33-d02f-4318-923f-836274c176f7,NMAICulture_2663,Diquís (archaeological culture),,,,Central America - Mesoamerica - Southern Mesoamerica - Diquís (archaeological culture),Central America,Mesoamerica,Southern Mesoamerica,Diquís (archaeological culture),,,
http://n2t.net/ark:/65665/sz8cf9e10b9-a08e-4d57-baeb-f9d4449b1200,NMAICulture_2621,Guanacaste-Nicoya (archaeological culture),,,,Central America - Mesoamerica - Southern Mesoamerica - Guanacaste-Nicoya (archaeological culture),Central America,Mesoamerica,Southern Mesoamerica,Guanacaste-Nicoya (archaeological culture),,,
http://n2t.net/ark:/65665/sz8f39dc328-f2b2-4504-9711-492cb178a18b,NMAICulture_150,Kakawira (Cacaopera),Cacaopera is distinct from and not synonymous with Miskito,,Language Family info:  Misumalpan,Central America - Mesoamerica - Southern Mesoamerica - Kakawira (Cacaopera),Central America,Mesoamerica,Southern Mesoamerica,Kakawira (Cacaopera),,,
http://n2t.net/ark:/65665/sz8e0a1a6e3-3281-4bac-8e0e-602037d72c9c,NMAICulture_3022,Lempa River (archaeological culture),,,,Central America - Mesoamerica - Southern Mesoamerica - Lempa River (archaeological culture),Central America,Mesoamerica,Southern Mesoamerica,Lempa River (archaeological culture),,,
http://n2t.net/ark:/65665/sz82f7e3cac-1f14-4ca1-b319-ad5ec1f12685,NMAICulture_292,Lenca,,,Language Family info:  Macro-Chibchan,Central America - Mesoamerica - Southern Mesoamerica - Lenca,Central America,Mesoamerica,Southern Mesoamerica,Lenca,,,
http://n2t.net/ark:/65665/sz8857e3a39-c277-44f2-b67a-f2dde2c21f2d,NMAICulture_3014,Matagalpa,,,Language Family info:  Misumalpan,Central America - Mesoamerica - Southern Mesoamerica - Matagalpa,Central America,Mesoamerica,Southern Mesoamerica,Matagalpa,,,
http://n2t.net/ark:/65665/sz8d57641d0-cd18-4fda-b797-60f71da8bd82,NMAICulture_2920,Ulúa River (archaeological culture),,,,Central America - Mesoamerica - Southern Mesoamerica - Mayoid Tradition (archaeological culture) - Ulúa River (archaeological culture),Central America,Mesoamerica,Southern Mesoamerica,Mayoid Tradition (archaeological culture),Ulúa River (archaeological culture),,
http://n2t.net/ark:/65665/sz84036b8a2-954c-4332-aadb-e70892ffc236,NMAICulture_2921,Mayoid Tradition (archaeological culture),,,,Central America - Mesoamerica - Southern Mesoamerica - Mayoid Tradition (archaeological culture),Central America,Mesoamerica,Southern Mesoamerica,Mayoid Tradition (archaeological culture),,,
http://n2t.net/ark:/65665/sz838ee6beb-ee99-4e80-bd3b-23ff6961cc6c,NMAICulture_387,Pipil,,,Language Family info:  Uto-Aztecan/Southern Uto-Aztecan,Central America - Mesoamerica - Southern Mesoamerica - Pipil,Central America,Mesoamerica,Southern Mesoamerica,Pipil,,,
http://n2t.net/ark:/65665/sz8951aafd4-e670-4a7c-ad12-8d4cb72084db,NMAICulture_3032,Salua (archaeological culture),,,,Central America - Mesoamerica - Southern Mesoamerica - Salua (archaeological culture),Central America,Mesoamerica,Southern Mesoamerica,Salua (archaeological culture),,,
http://n2t.net/ark:/65665/sz8d5bb1fb8-57a0-47e7-b910-d62bbbba82bc,NMAICulture_44,Southern Mesoamerica,,,,Central America - Mesoamerica - Southern Mesoamerica,Central America,Mesoamerica,Southern Mesoamerica,,,,
http://n2t.net/ark:/65665/sz8fda8d02b-8282-4ffc-89b0-7f8871ae51c1,NMAICulture_12,Mesoamerica,,,,Central America - Mesoamerica,Central America,Mesoamerica,,,,,
http://n2t.net/ark:/65665/sz864721340-d681-4f14-a716-94725adbb557,NMAICulture_4,Central America,,,,Central America,Central America,,,,,,
http://n2t.net/ark:/65665/sz8f751218d-af9d-406f-bf47-9932703a614a,NMAICulture_180,Choco,Choco  is a generic term for speakers of Choco langugaes: should be replaced with culturally specific terms where possible.,,Language Family info:  Choco,Choco,Choco,,,,,,
NMAICulture_3450,Chocoan (archaeological culture),,,,Chocoan (archaeological culture),Chocoan (archaeological culture),,,,,,,
http://n2t.net/ark:/65665/sz80cf23cbd-b1d6-467e-8499-249f13544400,NMAICulture_3095,Cosanga (Cosanga-Píllaro/Panzaleo) archaeological culture),,Panzaleo (archaeological culture),,Cosanga (Cosanga-Píllaro/Panzaleo) archaeological culture),Cosanga (Cosanga-Píllaro/Panzaleo) archaeological culture),,,,,,
http://n2t.net/ark:/65665/sz8bcd932e8-85b7-4e9e-8e82-66aed345e14e,NMAICulture_1217,Danish,,,,Europe - Danish,Europe,Danish,,,,,
http://n2t.net/ark:/65665/sz8c19a5f08-6b71-4248-8b09-50b39760e0d2,NMAICulture_1218,Saami (Lapp),,Lapland,,Europe - Saami (Lapp),Europe,Saami (Lapp),,,,,
http://n2t.net/ark:/65665/sz843fe62c5-f849-479b-855e-8ce65c4a98b7,NMAICulture_5,Europe,,,,Europe,Europe,,,,,,
http://n2t.net/ark:/65665/sz8b8d47563-ea43-4807-92d3-598d0ede18cf,NMAICulture_3083,FAKE/FRAUD,,,,FAKE/FRAUD,FAKE/FRAUD,,,,,,
http://n2t.net/ark:/65665/sz811409381-6696-4149-8012-32d8c33450d9,NMAICulture_2756,Multiple archaeological cultures,,,,Multiple archaeological cultures,Multiple archaeological cultures,,,,,,
http://n2t.net/ark:/65665/sz8522f3e32-8d8d-4830-a05e-473dacb4c948,NMAICulture_68,Non-Indian,,non-Native,,Non-Indian,Non-Indian,,,,,,
http://n2t.net/ark:/65665/sz8f6915c1b-5bba-42c3-b511-00870690a25d,NMAICulture_945,Baffinland Inuit [Akuliarmiut],Icy Cape to beyond Amadjuak/Admakdjauk Bay,Baffinland Eskimo Akuliarmiut,Language Family info:  Eskimo-Aleut/Eskimo/Inuit/Inuktitut,North America - Arctic - Central  Arctic - Inuit - Baffinland Inuit - Baffinland Inuit [Akuliarmiut],North America,Arctic,Central  Arctic,Inuit,Baffinland Inuit,Baffinland Inuit [Akuliarmiut],
http://n2t.net/ark:/65665/sz8a48f268a-2e8c-4d53-a763-7a39f0758ef6,NMAICulture_1045,Baffinland Inuit [Kingarmiut/Sikosuilarmiut],"around King Charles Cape, Fox (Foxe?) Land,  Baffin Island",Sikoslingmuit ; Sikosuilarmiut ; Baffinland Eskimo ;Kingarmiut,Language Family info:  Eskimo-Aleut/Eskimo/Inuit/Inuktitut,North America - Arctic - Central  Arctic - Inuit - Baffinland Inuit - Baffinland Inuit [Kingarmiut/Sikosuilarmiut],North America,Arctic,Central  Arctic,Inuit,Baffinland Inuit,Baffinland Inuit [Kingarmiut/Sikosuilarmiut],
http://n2t.net/ark:/65665/sz89dfdad1e-7664-4d4b-b72f-02b978c60d72,NMAICulture_1124,Baffinland Inuit [Pilingmiut],,Kidlinermiut ; Baffinland Eskimo Pilingmiut,Language Family info:  Eskimo-Aleut/Eskimo/Inuit/Inuktitut,North America - Arctic - Central  Arctic - Inuit - Baffinland Inuit - Baffinland Inuit [Pilingmiut],North America,Arctic,Central  Arctic,Inuit,Baffinland Inuit,Baffinland Inuit [Pilingmiut],
http://n2t.net/ark:/65665/sz8ef9acd65-1910-4fef-8df3-fae42a4a8d4c,NMAICulture_1029,Inuit [Cape Dorset/Kinngait],,,Language Family info:  Eskimo-Aleut/Eskimo/Inuit/Inuktitut,North America - Arctic - Central  Arctic - Inuit - Baffinland Inuit - Inuit [Cape Dorset/Kinngait],North America,Arctic,Central  Arctic,Inuit,Baffinland Inuit,Inuit [Cape Dorset/Kinngait],
http://n2t.net/ark:/65665/sz8008751df-861d-42f1-8300-6e69f5bad8b6,NMAICulture_1033,Inuit [Pannirtuq/Pangnirtung],,,Language Family info:  Eskimo-Aleut/Eskimo/Inuit/Inuktitut,North America - Arctic - Central  Arctic - Inuit - Baffinland Inuit - Inuit [Pannirtuq/Pangnirtung],North America,Arctic,Central  Arctic,Inuit,Baffinland Inuit,Inuit [Pannirtuq/Pangnirtung],
http://n2t.net/ark:/65665/sz8f5045328-e52b-45d5-ba50-5bd9ece86717,NMAICulture_1034,Inuit [Pond Inlet/Mittimatalik],,Tununirmiut,Language Family info:  Eskimo-Aleut/Eskimo/Inuit/Inuktitut,North America - Arctic - Central  Arctic - Inuit - Baffinland Inuit - Inuit [Pond Inlet/Mittimatalik],North America,Arctic,Central  Arctic,Inuit,Baffinland Inuit,Inuit [Pond Inlet/Mittimatalik],
http://n2t.net/ark:/65665/sz890066d76-383a-4d65-b00f-6c59f98cc105,NMAICulture_550,Baffinland Inuit,,Baffin Island Inuit ; Baffinland Eskimo,Language Family info:  Eskimo-Aleut/Eskimo/Inuit/Inuktitut,North America - Arctic - Central  Arctic - Inuit - Baffinland Inuit,North America,Arctic,Central  Arctic,Inuit,Baffinland Inuit,,
http://n2t.net/ark:/65665/sz8ac1d81ca-c7a7-4151-885e-2c6c91374af3,NMAICulture_1129,Caribou Inuit [Karnermiut/Qaermiut],,Qaernermiut; Kinipetu; Kinipeter ; Caribou Eskimo,Language Family info:  Eskimo-Aleut/Eskimo/Inuit/Inuktitut,North America - Arctic - Central  Arctic - Inuit - Caribou Inuit - Caribou Inuit [Karnermiut/Qaermiut],North America,Arctic,Central  Arctic,Inuit,Caribou Inuit,Caribou Inuit [Karnermiut/Qaermiut],
http://n2t.net/ark:/65665/sz8aed54229-f41e-476e-9f89-e8e19cacbd5a,NMAICulture_1122,Caribou Inuit [Padliqmiut],"Tassiujormiut = West Coast of Hudsons Bay, Ferguson River",Padlimiut; Tassiujormiut,Language Family info:  Eskimo-Aleut/Eskimo/Inuit/Inuktitut,North America - Arctic - Central  Arctic - Inuit - Caribou Inuit - Caribou Inuit [Padliqmiut],North America,Arctic,Central  Arctic,Inuit,Caribou Inuit,Caribou Inuit [Padliqmiut],
http://n2t.net/ark:/65665/sz81bfc61fb-6d89-4e2f-a706-98723fb1d9a6,NMAICulture_1143,Caribou Inuit [Sharwaktormiut],"West Coast of Hudsons Bay, Yathkyed Lake and Kazan River",Caribou Eskimo Sharwaktormiut,Language Family info:  Eskimo-Aleut/Eskimo/Inuit/Inuktitut,North America - Arctic - Central  Arctic - Inuit - Caribou Inuit - Caribou Inuit [Sharwaktormiut],North America,Arctic,Central  Arctic,Inuit,Caribou Inuit,Caribou Inuit [Sharwaktormiut],
http://n2t.net/ark:/65665/sz83fc8e0c3-0a60-4012-8abe-465676fe9359,NMAICulture_1028,Inuit [Baker Lake/Qamanituaq],,Qamanittuaq,Language Family info:  Eskimo-Aleut/Eskimo/Inuit/Inuktitut,North America - Arctic - Central  Arctic - Inuit - Caribou Inuit - Inuit [Baker Lake/Qamanituaq],North America,Arctic,Central  Arctic,Inuit,Caribou Inuit,Inuit [Baker Lake/Qamanituaq],
http://n2t.net/ark:/65665/sz84bb48879-ae62-45e0-9ccc-ed8350a4cd4a,NMAICulture_2567,Inuit [Rankin Inlet/Kangiqliniq],,,Language Family info:  Eskimo-Aleut/Eskimo/Inuit/Inuktitut,North America - Arctic - Central  Arctic - Inuit - Caribou Inuit - Inuit [Rankin Inlet/Kangiqliniq],North America,Arctic,Central  Arctic,Inuit,Caribou Inuit,Inuit [Rankin Inlet/Kangiqliniq],
http://n2t.net/ark:/65665/sz840026d02-a578-443e-a6f1-a6aecfb01d3e,NMAICulture_575,Caribou Inuit,,Caribou Eskimo,Language Family info:  Eskimo-Aleut/Eskimo/Inuit/Inuktitut,North America - Arctic - Central  Arctic - Inuit - Caribou Inuit,North America,Arctic,Central  Arctic,Inuit,Caribou Inuit,,
http://n2t.net/ark:/65665/sz8d80909ab-bd71-488f-859e-19d592e06ade,NMAICulture_943,Copper Inuit [Ahagmiut/Coronation Gulf],,Ahiagmiutak ;Copper Eskimo coronation gulf,Language Family info:  Eskimo-Aleut/Eskimo/Inuit/Inuktitut,North America - Arctic - Central  Arctic - Inuit - Copper Inuit - Copper Inuit [Ahagmiut/Coronation Gulf],North America,Arctic,Central  Arctic,Inuit,Copper Inuit,Copper Inuit [Ahagmiut/Coronation Gulf],
http://n2t.net/ark:/65665/sz8036dcfdf-882b-46a6-a354-163de0afd2f3,NMAICulture_1137,Copper Inuit [Sauniktumiut],"West Coast of Hudsons Bay, Saunnerktor River; Saumingmiut = between Cape Mercy and Exeter Sound",Saumingmiut ; Copper Eskimo Sauniktumiut,Language Family info:  Eskimo-Aleut/Eskimo/Inuit/Inuktitut,North America - Arctic - Central  Arctic - Inuit - Copper Inuit - Copper Inuit [Sauniktumiut],North America,Arctic,Central  Arctic,Inuit,Copper Inuit,Copper Inuit [Sauniktumiut],
http://n2t.net/ark:/65665/sz8ebb5ff33-5bef-4d49-9a6f-41c6d91fd7c9,NMAICulture_609,Copper Inuit,,Copper Eskimo,Language Family info:  Eskimo-Aleut/Eskimo/Inuit/Inuktitut,North America - Arctic - Central  Arctic - Inuit - Copper Inuit,North America,Arctic,Central  Arctic,Inuit,Copper Inuit,,
http://n2t.net/ark:/65665/sz8b327e3e7-9ef3-48e9-83bd-b95f2d44aac8,NMAICulture_1031,Inuit [Iglulik/Igloolik],,,Language Family info:  Eskimo-Aleut/Eskimo/Inuit/Inuktitut,North America - Arctic - Central  Arctic - Inuit - Iglulingmiut Inuit (Iglulirmiut) - Inuit [Iglulik/Igloolik],North America,Arctic,Central  Arctic,Inuit,Iglulingmiut Inuit (Iglulirmiut),Inuit [Iglulik/Igloolik],
http://n2t.net/ark:/65665/sz83a25be31-03ca-4b92-bd21-b9f0b3fa28db,NMAICulture_655,Iglulingmiut Inuit (Iglulirmiut),,Iglulingmuit ; Iglulik Eskimo,Language Family info:  Eskimo-Aleut/Eskimo/Inuit/Inuktitut,North America - Arctic - Central  Arctic - Inuit - Iglulingmiut Inuit (Iglulirmiut),North America,Arctic,Central  Arctic,Inuit,Iglulingmiut Inuit (Iglulirmiut),,
http://n2t.net/ark:/65665/sz8e9772273-254b-4324-b5f6-fc193b1e4931,NMAICulture_3380,Inuit [Arctic Bay/Ikpiarjuk],,,Language Family info:  Eskimo-Aleut/Eskimo/Inuit/Inuktitut,North America - Arctic - Central  Arctic - Inuit - Inuit [Arctic Bay/Ikpiarjuk],North America,Arctic,Central  Arctic,Inuit,Inuit [Arctic Bay/Ikpiarjuk],,
http://n2t.net/ark:/65665/sz8e1caef7e-e354-4bc2-a0cd-2a971874450e,NMAICulture_3385,Inuit [Arviat],,Eskimo Point,Language Family info:  Eskimo-Aleut/Eskimo/Inuit/Inuktitut,North America - Arctic - Central  Arctic - Inuit - Inuit [Arviat],North America,Arctic,Central  Arctic,Inuit,Inuit [Arviat],,
http://n2t.net/ark:/65665/sz8c78e3557-ead4-4883-8307-c08ac64aae5c,NMAICulture_3381,Inuit [Bathurst Inlet/Qingaq],,,Language Family info:  Eskimo-Aleut/Eskimo/Inuit/Inuktitut,North America - Arctic - Central  Arctic - Inuit - Inuit [Bathurst Inlet/Qingaq],North America,Arctic,Central  Arctic,Inuit,Inuit [Bathurst Inlet/Qingaq],,
http://n2t.net/ark:/65665/sz83abbc470-0fdb-41ed-badd-3bafc777496a,NMAICulture_3399,Inuit [Chesterfield Inlet/Igluligaardjuq],,,,North America - Arctic - Central  Arctic - Inuit - Inuit [Chesterfield Inlet/Igluligaardjuq],North America,Arctic,Central  Arctic,Inuit,Inuit [Chesterfield Inlet/Igluligaardjuq],,
http://n2t.net/ark:/65665/sz85f9d15c2-39f7-40a1-bec1-97e6cfee5cc2,NMAICulture_3398,Inuit [Coppermine/Kugluktuk],,,,North America - Arctic - Central  Arctic - Inuit - Inuit [Coppermine/Kugluktuk],North America,Arctic,Central  Arctic,Inuit,Inuit [Coppermine/Kugluktuk],,
http://n2t.net/ark:/65665/sz8585a0468-9769-4608-991f-e451a3c28f83,NMAICulture_3404,Inuit [Coral Harbour/Salliit],,,,North America - Arctic - Central  Arctic - Inuit - Inuit [Coral Harbour/Salliit],North America,Arctic,Central  Arctic,Inuit,Inuit [Coral Harbour/Salliit],,
http://n2t.net/ark:/65665/sz8418a8104-dfc1-4b53-9a6b-73a1f606f381,NMAICulture_3387,Inuit [Gjoa Haven/Uqsuqtuuq],,,Language Family info:  Eskimo-Aleut/Eskimo/Inuit/Inuktitut,North America - Arctic - Central  Arctic - Inuit - Inuit [Gjoa Haven/Uqsuqtuuq],North America,Arctic,Central  Arctic,Inuit,Inuit [Gjoa Haven/Uqsuqtuuq],,
http://n2t.net/ark:/65665/sz8b01b9cb2-65e6-4826-8574-9d10afeb9c07,NMAICulture_3402,Inuit [Hall Beach/Sanirajak],,,,North America - Arctic - Central  Arctic - Inuit - Inuit [Hall Beach/Sanirajak],North America,Arctic,Central  Arctic,Inuit,Inuit [Hall Beach/Sanirajak],,
http://n2t.net/ark:/65665/sz840d5f000-8b45-4591-8d49-9753c6f9ebf6,NMAICulture_3395,Inuit [Holman/Ulukhaktok],,,,North America - Arctic - Central  Arctic - Inuit - Inuit [Holman/Ulukhaktok],North America,Arctic,Central  Arctic,Inuit,Inuit [Holman/Ulukhaktok],,
http://n2t.net/ark:/65665/sz826915cbd-77eb-447b-bfdc-c60d24092945,NMAICulture_3403,Inuit [Paulatuk],,,,North America - Arctic - Central  Arctic - Inuit - Inuit [Paulatuk],North America,Arctic,Central  Arctic,Inuit,Inuit [Paulatuk],,
http://n2t.net/ark:/65665/sz8fa74abc2-5983-41ab-86a8-7804550804c6,NMAICulture_3390,Inuit [Pelly Bay/Arviliqjuaq],,,Language Family info:  Eskimo-Aleut/Eskimo/Inuit/Inuktitut,North America - Arctic - Central  Arctic - Inuit - Inuit [Pelly Bay/Arviliqjuaq],North America,Arctic,Central  Arctic,Inuit,Inuit [Pelly Bay/Arviliqjuaq],,
http://n2t.net/ark:/65665/sz8e15ce81e-5e65-4786-8da2-64b6cd847571,NMAICulture_3393,Inuit [Repulse Bay/Naujaat],,,Language Family info:  Eskimo-Aleut/Eskimo/Inuit/Inuktitut,North America - Arctic - Central  Arctic - Inuit - Inuit [Repulse Bay/Naujaat],North America,Arctic,Central  Arctic,Inuit,Inuit [Repulse Bay/Naujaat],,
http://n2t.net/ark:/65665/sz80974d55e-2065-4615-b708-ac195559e161,NMAICulture_3394,Inuit [Spence Bay/Taloyoak],,,Language Family info:  Eskimo-Aleut/Eskimo/Inuit/Inuktitut,North America - Arctic - Central  Arctic - Inuit - Inuit [Spence Bay/Taloyoak],North America,Arctic,Central  Arctic,Inuit,Inuit [Spence Bay/Taloyoak],,
http://n2t.net/ark:/65665/sz86a262bf9-881d-4b05-8954-4b8104fedb72,NMAICulture_660,Inuvialuit [Mackenzie Delta],,Mackenzie Delta Eskimo,Language Family info:  Eskimo-Aleut/Eskimo/Inuit/Inupiaq,North America - Arctic - Central  Arctic - Inuit - Inuvialuit [Mackenzie Delta],North America,Arctic,Central  Arctic,Inuit,Inuvialuit [Mackenzie Delta],,
http://n2t.net/ark:/65665/sz81a16a9ce-9cd2-4844-8042-65b557db63f8,NMAICulture_944,Netsilingmiut Inuit (Netsilik) [Aivilingmiut/Aivilirmiut/Aivilik],"NW shore of Hudson Bay; may be Caribou Inuit, not Netsilik",Avilik; Aivillirmiut ; Netsilingmiut Eskimo,Language Family info:  Eskimo-Aleut/Eskimo/Inuit/Inuktitut,North America - Arctic - Central  Arctic - Inuit - Netsilingmiut Inuit (Netsilik) - Netsilingmiut Inuit (Netsilik) [Aivilingmiut/Aivilirmiut/Aivilik],North America,Arctic,Central  Arctic,Inuit,Netsilingmiut Inuit (Netsilik),Netsilingmiut Inuit (Netsilik) [Aivilingmiut/Aivilirmiut/Aivilik],
http://n2t.net/ark:/65665/sz82821c858-180e-4a8d-b203-0bb9840820bb,NMAICulture_1182,Netsilingmiut Inuit (Netsilik) [Utkuhiksalingmiut],Utkuhikhalingmiut = Chantrey Inlet; Utkuhiksalingmiut = Back River (these may be the same general locale); Utkuhikhalingmiut is preferred,Utkuhiksalik; Utkusiksh ; Utkuhiksalingmiut Eskimo,Language Family info:  Eskimo-Aleut/Eskimo/Inuit/Inuktitut,North America - Arctic - Central  Arctic - Inuit - Netsilingmiut Inuit (Netsilik) - Netsilingmiut Inuit (Netsilik) [Utkuhiksalingmiut],North America,Arctic,Central  Arctic,Inuit,Netsilingmiut Inuit (Netsilik),Netsilingmiut Inuit (Netsilik) [Utkuhiksalingmiut],
http://n2t.net/ark:/65665/sz8623d843a-2693-40ad-80bc-0b885431de25,NMAICulture_745,Netsilingmiut Inuit (Netsilik),,Netchilirmiut; Netchilirmuit ; Netsilik Eskimo,Language Family info:  Eskimo-Aleut/Eskimo/Inuit/Inuktitut,North America - Arctic - Central  Arctic - Inuit - Netsilingmiut Inuit (Netsilik),North America,Arctic,Central  Arctic,Inuit,Netsilingmiut Inuit (Netsilik),,
http://n2t.net/ark:/65665/sz8ff60cb70-ed65-4e78-be96-5c074771041e,NMAICulture_809,Sallirmiut Inuit (Sagdlimiut),Southampton Island; Tunit is the Inuit name for the Dorset (representatives of the archaeological Dorset culture);,Sagdlimiut or Tunit Eskimo;Sagdlirmiut;Sadlermiut,Language Family info:  Eskimo-Aleut/Eskimo/Inuit/Inuktitut,North America - Arctic - Central  Arctic - Inuit - Sallirmiut Inuit (Sagdlimiut),North America,Arctic,Central  Arctic,Inuit,Sallirmiut Inuit (Sagdlimiut),,
http://n2t.net/ark:/65665/sz800332556-2aec-4990-801b-369d6f747524,NMAICulture_252,Inuit,,Canadian Eskimo,Language Family info:  Eskimo-Aleut/Eskimo/Inuit/Inuktitut,North America - Arctic - Central  Arctic - Inuit,North America,Arctic,Central  Arctic,Inuit,,,
http://n2t.net/ark:/65665/sz8c0572ffa-02e6-4058-bd63-f5de8b72335e,NMAICulture_2684,Thule Tradition (archaeological culture),,,,North America - Arctic - Central  Arctic - Thule Tradition (archaeological culture),North America,Arctic,Central  Arctic,Thule Tradition (archaeological culture),,,
http://n2t.net/ark:/65665/sz808bd31a5-3231-403f-8307-d19d66c7ac52,NMAICulture_33,Central  Arctic,,,,North America - Arctic - Central  Arctic,North America,Arctic,Central  Arctic,,,,
http://n2t.net/ark:/65665/sz8b5c53b21-4c6e-4beb-b6e0-3830bae1d48c,NMAICulture_2767,Dorset Tradition (archaeological culture),,,,North America - Arctic - Eastern Arctic - Dorset Tradition (archaeological culture),North America,Arctic,Eastern Arctic,Dorset Tradition (archaeological culture),,,
http://n2t.net/ark:/65665/sz8b27ca641-d05c-4a59-bc07-ee7ac6fa724b,NMAICulture_3264,Groswater (archaeological culture),,,,North America - Arctic - Eastern Arctic - Groswater (archaeological culture),North America,Arctic,Eastern Arctic,Groswater (archaeological culture),,,
http://n2t.net/ark:/65665/sz8ab2176a1-2235-44dd-bebf-997d389d240a,NMAICulture_3382,Inuit [Belcher Islands/Sanikiluaq],,,Language Family info:  Eskimo-Aleut/Eskimo/Inuit/Inuktitut,North America - Arctic - Eastern Arctic - Inuit - Inuit [Belcher Islands/Sanikiluaq],North America,Arctic,Eastern Arctic,Inuit,Inuit [Belcher Islands/Sanikiluaq],,
http://n2t.net/ark:/65665/sz8a6963a7c-9f8b-4db8-9386-894d6ecd6c4d,NMAICulture_3383,Inuit [Broughton Island/Qikiqtarjuaq],,,Language Family info:  Eskimo-Aleut/Eskimo/Inuit/Inuktitut,North America - Arctic - Eastern Arctic - Inuit - Inuit [Broughton Island/Qikiqtarjuaq],North America,Arctic,Eastern Arctic,Inuit,Inuit [Broughton Island/Qikiqtarjuaq],,
http://n2t.net/ark:/65665/sz8b3a1200d-4dda-415a-993e-92bd30011930,NMAICulture_3384,Inuit [Clyde River/Kangiqtugaapik],,,Language Family info:  Eskimo-Aleut/Eskimo/Inuit/Inuktitut,North America - Arctic - Eastern Arctic - Inuit - Inuit [Clyde River/Kangiqtugaapik],North America,Arctic,Eastern Arctic,Inuit,Inuit [Clyde River/Kangiqtugaapik],,
http://n2t.net/ark:/65665/sz8723261b5-438b-4061-864c-8468234b6404,NMAICulture_3386,Inuit [Frobisher Bay/Iqaluit],,,Language Family info:  Eskimo-Aleut/Eskimo/Inuit/Inuktitut,North America - Arctic - Eastern Arctic - Inuit - Inuit [Frobisher Bay/Iqaluit],North America,Arctic,Eastern Arctic,Inuit,Inuit [Frobisher Bay/Iqaluit],,
http://n2t.net/ark:/65665/sz8730f27f5-b378-49d9-9877-3673d8bc3a13,NMAICulture_3400,Inuit [George River/Kangiqsualujjuaq],,,,North America - Arctic - Eastern Arctic - Inuit - Inuit [George River/Kangiqsualujjuaq],North America,Arctic,Eastern Arctic,Inuit,Inuit [George River/Kangiqsualujjuaq],,
http://n2t.net/ark:/65665/sz8c561a1d4-48ab-4505-b561-f7144dead632,NMAICulture_3388,Inuit [Great Whale River/Kuujjuaraapik],,,Language Family info:  Eskimo-Aleut/Eskimo/Inuit/Inuktitut,North America - Arctic - Eastern Arctic - Inuit - Inuit [Great Whale River/Kuujjuaraapik],North America,Arctic,Eastern Arctic,Inuit,Inuit [Great Whale River/Kuujjuaraapik],,
http://n2t.net/ark:/65665/sz8d155cef5-e564-4168-b04f-829e29c10d16,NMAICulture_3396,Inuit [Ivujivik],,,,North America - Arctic - Eastern Arctic - Inuit - Inuit [Ivujivik],North America,Arctic,Eastern Arctic,Inuit,Inuit [Ivujivik],,
http://n2t.net/ark:/65665/sz87be5dc7b-64d4-4ce2-aa13-a2b995a4bac1,NMAICulture_3389,Inuit [Lake Harbour/Kimmirut],,,Language Family info:  Eskimo-Aleut/Eskimo/Inuit/Inuktitut,North America - Arctic - Eastern Arctic - Inuit - Inuit [Lake Harbour/Kimmirut],North America,Arctic,Eastern Arctic,Inuit,Inuit [Lake Harbour/Kimmirut],,
http://n2t.net/ark:/65665/sz8cb683315-3bdf-4429-abb9-b6b6245bddc5,NMAICulture_2494,Inuit [Payne Bay/Bellin/Kangirsuk],,,Language Family info:  Eskimo-Aleut/Eskimo/Inuit/Inuktitut,North America - Arctic - Eastern Arctic - Inuit - Inuit [Payne Bay/Bellin/Kangirsuk],North America,Arctic,Eastern Arctic,Inuit,Inuit [Payne Bay/Bellin/Kangirsuk],,
http://n2t.net/ark:/65665/sz8e5d59e85-0157-4ce8-8255-d123e30f79b8,NMAICulture_3391,Inuit [Port Harrison/Inukjuak],,,Language Family info:  Eskimo-Aleut/Eskimo/Inuit/Inuktitut,North America - Arctic - Eastern Arctic - Inuit - Inuit [Port Harrison/Inukjuak],North America,Arctic,Eastern Arctic,Inuit,Inuit [Port Harrison/Inukjuak],,
http://n2t.net/ark:/65665/sz88db31b7a-6ae8-4ddf-814c-c5fdac5523a4,NMAICulture_3392,Inuit [Povungnituk/Puvirnituq],,,Language Family info:  Eskimo-Aleut/Eskimo/Inuit/Inuktitut,North America - Arctic - Eastern Arctic - Inuit - Inuit [Povungnituk/Puvirnituq],North America,Arctic,Eastern Arctic,Inuit,Inuit [Povungnituk/Puvirnituq],,
http://n2t.net/ark:/65665/sz8e8fe1f14-c24d-40e0-896d-185b01b889f6,NMAICulture_3397,Inuit [Sugluk/Salluit],,,,North America - Arctic - Eastern Arctic - Inuit - Inuit [Sugluk/Salluit],North America,Arctic,Eastern Arctic,Inuit,Inuit [Sugluk/Salluit],,
http://n2t.net/ark:/65665/sz8f2d09264-494c-4429-bb6c-f154ece38b44,NMAICulture_3401,Inuit [Umiujaq],,,,North America - Arctic - Eastern Arctic - Inuit - Inuit [Umiujaq],North America,Arctic,Eastern Arctic,Inuit,Inuit [Umiujaq],,
http://n2t.net/ark:/65665/sz848306e43-cc48-4a72-94ee-9d0cfce4ffb2,NMAICulture_1030,Inuit [Hamilton Inlet],,Kesesakiou,Language Family info:  Eskimo-Aleut/Eskimo/Inuit/Inuktitut,North America - Arctic - Eastern Arctic - Inuit - Labrador Inuit - Inuit [Hamilton Inlet],North America,Arctic,Eastern Arctic,Inuit,Labrador Inuit,Inuit [Hamilton Inlet],
http://n2t.net/ark:/65665/sz8b5776c6d-a9c4-45ef-974b-a0289b52d59c,NMAICulture_1032,Inuit [Nain],,Tessinjaksoak; Nunenumiut,Language Family info:  Eskimo-Aleut/Eskimo/Inuit/Inuktitut,North America - Arctic - Eastern Arctic - Inuit - Labrador Inuit - Inuit [Nain],North America,Arctic,Eastern Arctic,Inuit,Labrador Inuit,Inuit [Nain],
http://n2t.net/ark:/65665/sz8cd3c6a5e-effe-420a-83ec-c84a0a7c1746,NMAICulture_1180,Inuit [Ungava/Ungavamiut],,Ungava Eskimo; Eteeveemuit,Language Family info:  Eskimo-Aleut/Eskimo/Inuit/Inuktitut,North America - Arctic - Eastern Arctic - Inuit - Labrador Inuit - Inuit [Ungava/Ungavamiut],North America,Arctic,Eastern Arctic,Inuit,Labrador Inuit,Inuit [Ungava/Ungavamiut],
http://n2t.net/ark:/65665/sz897e9f78e-1c7b-46e0-a7a1-2af2dd9fbffe,NMAICulture_693,Labrador Inuit,,Labrador Eskimo,Language Family info:  Eskimo-Aleut/Eskimo/Inuit/Inuktitut,North America - Arctic - Eastern Arctic - Inuit - Labrador Inuit,North America,Arctic,Eastern Arctic,Inuit,Labrador Inuit,,
http://n2t.net/ark:/65665/sz800332556-2aec-4990-801b-369d6f747524,NMAICulture_252,Inuit,,Canadian Eskimo,Language Family info:  Eskimo-Aleut/Eskimo/Inuit/Inuktitut,North America - Arctic - Eastern Arctic - Inuit,North America,Arctic,Eastern Arctic,Inuit,,,
http://n2t.net/ark:/65665/sz8a8acc86d-1dde-4328-a794-7f5095d66593,NMAICulture_2811,Pre-Dorset (archaeological culture),,,,North America - Arctic - Eastern Arctic - Pre-Dorset (archaeological culture),North America,Arctic,Eastern Arctic,Pre-Dorset (archaeological culture),,,
http://n2t.net/ark:/65665/sz8c0572ffa-02e6-4058-bd63-f5de8b72335e,NMAICulture_2684,Thule Tradition (archaeological culture),,,,North America - Arctic - Eastern Arctic - Thule Tradition (archaeological culture),North America,Arctic,Eastern Arctic,Thule Tradition (archaeological culture),,,
http://n2t.net/ark:/65665/sz803d01168-8be7-4827-b5f3-7ece6f4bca77,NMAICulture_34,Eastern Arctic,,,,North America - Arctic - Eastern Arctic,North America,Arctic,Eastern Arctic,,,,
http://n2t.net/ark:/65665/sz80027e60a-e77a-4291-9600-6228dde71f9f,NMAICulture_567,Inughuit [Cape York],,Smith Sound Eskimo; South Sound Eskimo ; Polar Eskimo,Language Family info:  Eskimo-Aleut/Eskimo/Inuit/Greenlandic Inuktitut,North America - Arctic - Greenland - Kalaallit [Greenland] - Inughuit [Cape York],North America,Arctic,Greenland,Kalaallit [Greenland],Inughuit [Cape York],,
http://n2t.net/ark:/65665/sz86c65d699-191f-4ff8-95ed-456622f7fe44,NMAICulture_902,"Kalaallit [Upernavik, Greenland]",,Upernevik ; Upernavik Eskimo,Language Family info:  Eskimo-Aleut/Eskimo/Inuit/Greenlandic Inuktitut/Kalaallisut,"North America - Arctic - Greenland - Kalaallit [Greenland] - Kalaallit [Upernavik, Greenland]",North America,Arctic,Greenland,Kalaallit [Greenland],"Kalaallit [Upernavik, Greenland]",,
http://n2t.net/ark:/65665/sz8dfad3e9d-eaef-4610-9c44-a2e00f4ec10c,NMAICulture_904,"Kalaallit [Uummannaq, Greenland]",,Umanak Eskimo,Language Family info:  Eskimo-Aleut/Eskimo/Inuit/Greenlandic Inuktitut/Kalaallisut,"North America - Arctic - Greenland - Kalaallit [Greenland] - Kalaallit [Uummannaq, Greenland]",North America,Arctic,Greenland,Kalaallit [Greenland],"Kalaallit [Uummannaq, Greenland]",,
http://n2t.net/ark:/65665/sz83da91b6b-0e69-4a62-9c39-9ee44a8c3129,NMAICulture_1294,Tunumiit [East Greenland] [Ammassalik],,Angmagssalik; Angmagsalingmiut ; Angmagsalik Eskimo,Language Family info:  Eskimo-Aleut/Eskimo/Inuit/Greenlandic Inuktitut/Tunumiit oraasiat,North America - Arctic - Greenland - Kalaallit [Greenland] - Tunumiit [East Greenland] [Ammassalik],North America,Arctic,Greenland,Kalaallit [Greenland],Tunumiit [East Greenland] [Ammassalik],,
http://n2t.net/ark:/65665/sz88af90ee8-7d29-45b9-8103-d84d4aa7c32a,NMAICulture_2999,Tunumiit [East Greenland],,East Greenland Eskimo,Language Family info:  Eskimo-Aleut/Eskimo/Inuit/Greenlandic Inuktitut/Tunumiit oraasiat,North America - Arctic - Greenland - Kalaallit [Greenland] - Tunumiit [East Greenland],North America,Arctic,Greenland,Kalaallit [Greenland],Tunumiit [East Greenland],,
http://n2t.net/ark:/65665/sz86430debb-ee33-437d-a19a-ffe07095dfa1,NMAICulture_267,Kalaallit [Greenland],,Greenland Eskimo,Language Family info:  Eskimo-Aleut/Eskimo/Inuit/Greenlandic Inuktitut,North America - Arctic - Greenland - Kalaallit [Greenland],North America,Arctic,Greenland,Kalaallit [Greenland],,,
http://n2t.net/ark:/65665/sz862080a5b-acf8-4703-9863-38098f67d9ff,NMAICulture_2810,Saqqaq/Pre-Dorset Tradition (archaeological culture),,,,North America - Arctic - Greenland - Saqqaq/Pre-Dorset Tradition (archaeological culture),North America,Arctic,Greenland,Saqqaq/Pre-Dorset Tradition (archaeological culture),,,
http://n2t.net/ark:/65665/sz8194a03d1-1d89-42e0-94ad-9ec956c4cbe6,NMAICulture_35,Greenland,,,,North America - Arctic - Greenland,North America,Arctic,Greenland,,,,
http://n2t.net/ark:/65665/sz85d21bae8-42a1-40c7-ade3-4a6adcfc7bc3,NMAICulture_3291,Aleutian Tradition (archaeological culture),,,,North America - Arctic - Western Arctic - Aleutian Tradition (archaeological culture),North America,Arctic,Western Arctic,Aleutian Tradition (archaeological culture),,,
http://n2t.net/ark:/65665/sz8d0fd183b-f69d-40f7-a534-6e464645c28d,NMAICulture_957,Bering Strait Iñupiaq [Diomedes],,Diomedes Eskimo,Language Family info:  Eskimo-Aleut/Eskimo/Inuit/Inupiaq,North America - Arctic - Western Arctic - Iñupiaq - Bering Strait Iñupiaq - Bering Strait Iñupiaq [Diomedes],North America,Arctic,Western Arctic,Iñupiaq,Bering Strait Iñupiaq,Bering Strait Iñupiaq [Diomedes],
http://n2t.net/ark:/65665/sz8caed41dd-9e7a-4970-81f2-e7677fa3dd84,NMAICulture_958,Bering Strait Iñupiaq [King Island],,Ugiuvangmiut  King Island Eskimo,Language Family info:  Eskimo-Aleut/Eskimo/Inuit/Inupiaq,North America - Arctic - Western Arctic - Iñupiaq - Bering Strait Iñupiaq - Bering Strait Iñupiaq [King Island],North America,Arctic,Western Arctic,Iñupiaq,Bering Strait Iñupiaq,Bering Strait Iñupiaq [King Island],
http://n2t.net/ark:/65665/sz8004c4d5f-5dfe-4006-86aa-c53ec45f5dbc,NMAICulture_555,Bering Strait Iñupiaq,,Bering Straits ; Bering Strait Eskimo,Language Family info:  Eskimo-Aleut/Eskimo/Inuit/Inupiaq,North America - Arctic - Western Arctic - Iñupiaq - Bering Strait Iñupiaq,North America,Arctic,Western Arctic,Iñupiaq,Bering Strait Iñupiaq,,
http://n2t.net/ark:/65665/sz80c505fc3-ea3e-4d84-9d54-96ac8f78a12f,NMAICulture_1044,Iñupiaq [Kikiktagrukmiut/Kikiktagruk/Kotzebue],,Qikiktagruk; Qikiktagrukmiut; Kikiktagrukmiut ; Kotzebue Eskimo,Language Family info:  Eskimo-Aleut/Eskimo/Inuit/Inupiaq,North America - Arctic - Western Arctic - Iñupiaq - Iñupiaq [Kikiktagrukmiut/Kikiktagruk/Kotzebue],North America,Arctic,Western Arctic,Iñupiaq,Iñupiaq [Kikiktagrukmiut/Kikiktagruk/Kotzebue],,
http://n2t.net/ark:/65665/sz8c6587849-d22e-49e1-ba9c-e1fc4cb4052f,NMAICulture_1046,"Iñupiaq [Kingikmiut/Wales, Alaska]",,Kaviagmiut ; Kauweragmiut ; Kawiagmiut ; [Kingikmiut Eskimo,Language Family info:  Eskimo-Aleut/Eskimo/Inuit/Inupiaq,"North America - Arctic - Western Arctic - Iñupiaq - Iñupiaq [Kingikmiut/Wales, Alaska]",North America,Arctic,Western Arctic,Iñupiaq,"Iñupiaq [Kingikmiut/Wales, Alaska]",,
http://n2t.net/ark:/65665/sz8ca7ee7c2-101e-4066-89a8-ff33476a56f4,NMAICulture_1047,Iñupiaq [Kinugumiut/Kingegan/Cape Prince of Wales],,Kinugumiut ; Prince of Wales Eskimo,Language Family info:  Eskimo-Aleut/Eskimo/Inuit/Inupiaq,North America - Arctic - Western Arctic - Iñupiaq - Iñupiaq [Kinugumiut/Kingegan/Cape Prince of Wales],North America,Arctic,Western Arctic,Iñupiaq,Iñupiaq [Kinugumiut/Kingegan/Cape Prince of Wales],,
http://n2t.net/ark:/65665/sz83fa254f2-4aec-4b2f-b3f0-9f1189c60ef1,NMAICulture_1050,"Iñupiaq [Kowagmiut/Ambler, Alaska]",,Kobuk Eskimo,Language Family info:  Eskimo-Aleut/Eskimo/Inuit/Inupiaq,"North America - Arctic - Western Arctic - Iñupiaq - Iñupiaq [Kowagmiut/Ambler, Alaska]",North America,Arctic,Western Arctic,Iñupiaq,"Iñupiaq [Kowagmiut/Ambler, Alaska]",,
http://n2t.net/ark:/65665/sz83a0b5b92-ab6f-4596-871f-635be7090547,NMAICulture_1110,Iñupiaq [Noatagmiut/lower Noatak River],lower Noatak River,,Language Family info:  Eskimo-Aleut/Eskimo/Inuit/Inupiaq,North America - Arctic - Western Arctic - Iñupiaq - Iñupiaq [Noatagmiut/lower Noatak River],North America,Arctic,Western Arctic,Iñupiaq,Iñupiaq [Noatagmiut/lower Noatak River],,
http://n2t.net/ark:/65665/sz895a2db0e-9dd4-448a-af0c-04cf521a2d86,NMAICulture_753,Iñupiaq [Noatagmiut/Noatak River],,Noatak River Eskimo,,North America - Arctic - Western Arctic - Iñupiaq - Iñupiaq [Noatagmiut/Noatak River],North America,Arctic,Western Arctic,Iñupiaq,Iñupiaq [Noatagmiut/Noatak River],,
http://n2t.net/ark:/65665/sz8cce3d583-339c-4ffe-b1bc-ba64e8e50439,NMAICulture_1115,Iñupiaq [Nuwukmiut/Point Barrow],,Ukpeagvik ; Point Barrow Eskimo,Language Family info:  Eskimo-Aleut/Eskimo/Inuit/Inupiaq,North America - Arctic - Western Arctic - Iñupiaq - Iñupiaq [Nuwukmiut/Point Barrow],North America,Arctic,Western Arctic,Iñupiaq,Iñupiaq [Nuwukmiut/Point Barrow],,
http://n2t.net/ark:/65665/sz80612bbdd-b3e8-4d53-a31d-e1b5185b9a73,NMAICulture_1157,Iñupiaq [Tiki?aq/Point Hope],,Tikeraqmuit; Tikeramiut Inupiaq ; Point Hope Eskimo ; Tigara,Language Family info:  Eskimo-Aleut/Eskimo/Inuit/Inupiaq,North America - Arctic - Western Arctic - Iñupiaq - Iñupiaq [Tiki?aq/Point Hope],North America,Arctic,Western Arctic,Iñupiaq,Iñupiaq [Tiki?aq/Point Hope],,
http://n2t.net/ark:/65665/sz80d6fc976-2f1b-40b2-b557-c2124f0cfd5d,NMAICulture_710,Malemiut Iñupiaq [Kotzebue Sound],,Malemiut ; Malemiut Eskimo,Language Family info:  Eskimo-Aleut/Eskimo/Inuit/Inupiaq,North America - Arctic - Western Arctic - Iñupiaq - Malemiut Iñupiaq [Kotzebue Sound],North America,Arctic,Western Arctic,Iñupiaq,Malemiut Iñupiaq [Kotzebue Sound],,
http://n2t.net/ark:/65665/sz8319afe29-ae1a-4ab6-8e06-de4ad2c80c00,NMAICulture_1113,"Nunamiut Iñupiaq [Anaktuvuk Pass, Alaska]",,Naqsragmiut ; Naqsragmiut Eskimo,Language Family info:  Eskimo-Aleut/Eskimo/Inuit/Inupiaq,"North America - Arctic - Western Arctic - Iñupiaq - Nunamiut Iñupiaq - Nunamiut Iñupiaq [Anaktuvuk Pass, Alaska]",North America,Arctic,Western Arctic,Iñupiaq,Nunamiut Iñupiaq,"Nunamiut Iñupiaq [Anaktuvuk Pass, Alaska]",
http://n2t.net/ark:/65665/sz8777aeda0-82c5-4d69-a9d6-7d33251223ad,NMAICulture_761,Nunamiut Iñupiaq,,Nunamiut Eskimo,,North America - Arctic - Western Arctic - Iñupiaq - Nunamiut Iñupiaq,North America,Arctic,Western Arctic,Iñupiaq,Nunamiut Iñupiaq,,
http://n2t.net/ark:/65665/sz8d884e53c-73f6-4338-86e1-2e30fef7e12c,NMAICulture_762,Nunatamiut Iñupiaq,,Nonatogmiut; Nutaagmiut; Nunatogmiut; Nunatagmiut ; Inland Eskimo,Language Family info:  Eskimo-Aleut/Eskimo/Inuit/Inupiaq,North America - Arctic - Western Arctic - Iñupiaq - Nunatamiut Iñupiaq,North America,Arctic,Western Arctic,Iñupiaq,Nunatamiut Iñupiaq,,
http://n2t.net/ark:/65665/sz8eadb56ef-2b17-4577-9469-e9b928b16324,NMAICulture_255,Iñupiaq,,Inupiat; Inupiat Eskimo,Language Family info:  Eskimo-Aleut/Eskimo/Inuit/Inupiaq,North America - Arctic - Western Arctic - Iñupiaq,North America,Arctic,Western Arctic,Iñupiaq,,,
http://n2t.net/ark:/65665/sz8595bbbf4-6f39-4255-a9e7-2d8b3e56eac9,NMAICulture_3293,Ipiutak (archaeological culture),,,,North America - Arctic - Western Arctic - Ipiutak (archaeological culture),North America,Arctic,Western Arctic,Ipiutak (archaeological culture),,,
http://n2t.net/ark:/65665/sz8efedfaa0-fa2e-4da4-9732-a59f5c547176,NMAICulture_2687,Kachemak Tradition (archaeological culture),,,,North America - Arctic - Western Arctic - Kachemak Tradition (archaeological culture),North America,Arctic,Western Arctic,Kachemak Tradition (archaeological culture),,,
http://n2t.net/ark:/65665/sz874e78ebe-0011-4589-b43e-4cfe522e9190,NMAICulture_2803,Northern Archaic Tradition (archaeological culture),,,,North America - Arctic - Western Arctic - Northern Archaic Tradition (archaeological culture),North America,Arctic,Western Arctic,Northern Archaic Tradition (archaeological culture),,,
http://n2t.net/ark:/65665/sz8f1804473-e088-4d20-a5f9-24f8bdd924ea,NMAICulture_3295,Norton Tradition (archaeological culture),,,,North America - Arctic - Western Arctic - Norton Tradition (archaeological culture),North America,Arctic,Western Arctic,Norton Tradition (archaeological culture),,,
http://n2t.net/ark:/65665/sz89de33b5e-16fa-4455-af22-47ea1a36718f,NMAICulture_2804,Paleoarctic Tradition (archaeological culture),,,,North America - Arctic - Western Arctic - Paleoarctic Tradition (archaeological culture),North America,Arctic,Western Arctic,Paleoarctic Tradition (archaeological culture),,,
http://n2t.net/ark:/65665/sz83cb5ea11-6e26-477f-92b2-398fecca1ec4,NMAICulture_596,Chugach Sugpiaq (Alutiiq),,Chugach Eskimo ; Chugachigmiut ; Chugach Sugpiat,"Language Family info:  Eskimo-Aleut/Eskimo/Yupik  Chugach is a regional population and dialect of Sugpiaq/Alutiiq  Both Suqpiaq and Alutiiq are used  neither seems to be an official preferred term, Ann McMullen, 2/11/2023",North America - Arctic - Western Arctic - Sugpiaq (Alutiiq) - Chugach Sugpiaq (Alutiiq),North America,Arctic,Western Arctic,Sugpiaq (Alutiiq),Chugach Sugpiaq (Alutiiq),,
http://n2t.net/ark:/65665/sz8856ce4c6-d144-420f-8592-eb80041a6349,NMAICulture_115,Sugpiaq (Alutiiq),,Kodiak; Koniag; Pacific Eskimo ;Sugpiat,"Language Family info:  Eskimo-Aleut/Eskimo/Yupik  Both Suqpiaq and Alutiiq are used  neither seems to be an official preferred term, Ann McMullen, 2/11/2023",North America - Arctic - Western Arctic - Sugpiaq (Alutiiq),North America,Arctic,Western Arctic,Sugpiaq (Alutiiq),,,
http://n2t.net/ark:/65665/sz834d6f02b-2970-4dff-a9e2-dc24d128fd46,NMAICulture_2685,Thule Tradition: Birnirk Stage (archaeological culture),,,,North America - Arctic - Western Arctic - Thule Tradition (archaeological culture) - Thule Tradition: Birnirk Stage (archaeological culture),North America,Arctic,Western Arctic,Thule Tradition (archaeological culture),Thule Tradition: Birnirk Stage (archaeological culture),,
http://n2t.net/ark:/65665/sz80159a31e-0aa0-4fe4-9ba0-1dcbb83e10e1,NMAICulture_2773,Thule Tradition: Old Bering Sea Stage (archaeological culture),,,,North America - Arctic - Western Arctic - Thule Tradition (archaeological culture) - Thule Tradition: Old Bering Sea Stage (archaeological culture),North America,Arctic,Western Arctic,Thule Tradition (archaeological culture),Thule Tradition: Old Bering Sea Stage (archaeological culture),,
http://n2t.net/ark:/65665/sz81aba0fe0-ffd1-4445-a697-745148d5e675,NMAICulture_2850,Thule Tradition: Punuk Stage (archaeological culture),,,,North America - Arctic - Western Arctic - Thule Tradition (archaeological culture) - Thule Tradition: Punuk Stage (archaeological culture),North America,Arctic,Western Arctic,Thule Tradition (archaeological culture),Thule Tradition: Punuk Stage (archaeological culture),,
http://n2t.net/ark:/65665/sz8c0572ffa-02e6-4058-bd63-f5de8b72335e,NMAICulture_2684,Thule Tradition (archaeological culture),,,,North America - Arctic - Western Arctic - Thule Tradition (archaeological culture),North America,Arctic,Western Arctic,Thule Tradition (archaeological culture),,,
http://n2t.net/ark:/65665/sz805a6e477-9526-48b5-9389-7233cbf8a95c,NMAICulture_478,Unangax? (Aleut),,Unangan; Unanga; Aleutian ;Anangax ; Unangas ;Aliguutas ;Ungangan,"Language Family info:  Eskimo-Aleut/Aleut  Language autonym: Unangam tunnu  Autonyms for Aleut are complex and can be confusing because the eastern and western groups used different terms: Unangan (east) and Unangas (west). The term Unangax? is a collective term for all the people of the region. all of these terms mean original people"" but may also be translated as ""seasiders.""  This info is adapted from the website of the Qawalangin Tribe of Unalaska - Ann McMullen 2/11/2023. NOTE: the x character with a circumflex over it may need extra attention (such as addition of quotes) when exporting to external websites""",North America - Arctic - Western Arctic - Unangax? (Aleut),North America,Arctic,Western Arctic,Unangax? (Aleut),,,
http://n2t.net/ark:/65665/sz8fce19da1-2900-4297-8fce-1eed23b4b1e6,NMAICulture_593,Chnagmiut Yup'ik,,,Language Family info:  Eskimo-Aleut/Eskimo/Yupik,North America - Arctic - Western Arctic - Yup'ik (Yupik) - Chnagmiut Yup'ik,North America,Arctic,Western Arctic,Yup'ik (Yupik),Chnagmiut Yup'ik,,
http://n2t.net/ark:/65665/sz80b7ed348-2621-4964-a3c0-7741f2d90861,NMAICulture_977,"Cu'pig (Cup'ik) [Mekoryuk, Nunivak Island]",,Nuniwarmiut  Cupig ;Cupik,Language Family info:  Eskimo-Aleut/Eskimo/Yupik,"North America - Arctic - Western Arctic - Yup'ik (Yupik) - Cup'ik - Cu'pig (Cup'ik) [Mekoryuk, Nunivak Island]",North America,Arctic,Western Arctic,Yup'ik (Yupik),Cup'ik,"Cu'pig (Cup'ik) [Mekoryuk, Nunivak Island]",
http://n2t.net/ark:/65665/sz8e79f4446-a8c4-454b-8265-5a6904e740e1,NMAICulture_976,Cup'ik [Chevak],,,Language Family info:  Eskimo-Aleut/Eskimo/Yupik,North America - Arctic - Western Arctic - Yup'ik (Yupik) - Cup'ik - Cup'ik [Chevak],North America,Arctic,Western Arctic,Yup'ik (Yupik),Cup'ik,Cup'ik [Chevak],
http://n2t.net/ark:/65665/sz8b5aadb5a-97d3-4282-aa66-57107b9fddee,NMAICulture_1108,Cup'ik [Naparagamiut/Hooper Bay],,Naparagmiut ; Askinuk ; Askinaghamiut ; Naparyarmiut,Language Family info:  Eskimo-Aleut/Eskimo/Yupik,North America - Arctic - Western Arctic - Yup'ik (Yupik) - Cup'ik - Cup'ik [Naparagamiut/Hooper Bay],North America,Arctic,Western Arctic,Yup'ik (Yupik),Cup'ik,Cup'ik [Naparagamiut/Hooper Bay],
http://n2t.net/ark:/65665/sz8ebea6a90-b164-45a5-acc3-0f8477807aa0,NMAICulture_1114,Nunivagmiut Cu'pig (Cup'ik) [Nunivak Island],,Nuniwarmiut;Nunivagmiut ; Cupig ; Cupik,Language Family info:  Eskimo-Aleut/Eskimo/Yupik,North America - Arctic - Western Arctic - Yup'ik (Yupik) - Cup'ik - Nunivagmiut Cu'pig (Cup'ik) [Nunivak Island],North America,Arctic,Western Arctic,Yup'ik (Yupik),Cup'ik,Nunivagmiut Cu'pig (Cup'ik) [Nunivak Island],
http://n2t.net/ark:/65665/sz893573d9e-2a19-4198-ba71-92346f839561,NMAICulture_613,Cup'ik,,Cupik; Choopik ; Kup'ik,Language Family info:  Eskimo-Aleut/Eskimo/Yupik,North America - Arctic - Western Arctic - Yup'ik (Yupik) - Cup'ik,North America,Arctic,Western Arctic,Yup'ik (Yupik),Cup'ik,,
http://n2t.net/ark:/65665/sz8e32dc16c-64e7-4ebe-b17b-98bd3017e2c3,NMAICulture_1052,Kuskwogmiut Yup'ik [Aniak],,,Language Family info:  Eskimo-Aleut/Eskimo/Yupik,North America - Arctic - Western Arctic - Yup'ik (Yupik) - Kuskwogmiut Yup'ik - Kuskwogmiut Yup'ik [Aniak],North America,Arctic,Western Arctic,Yup'ik (Yupik),Kuskwogmiut Yup'ik,Kuskwogmiut Yup'ik [Aniak],
http://n2t.net/ark:/65665/sz8a933e004-27cf-4019-9640-ce87db137540,NMAICulture_1053,Kuskwogmiut Yup'ik [Napakiak],,Napahaiagamut,Language Family info:  Eskimo-Aleut/Eskimo/Yupik,North America - Arctic - Western Arctic - Yup'ik (Yupik) - Kuskwogmiut Yup'ik - Kuskwogmiut Yup'ik [Napakiak],North America,Arctic,Western Arctic,Yup'ik (Yupik),Kuskwogmiut Yup'ik,Kuskwogmiut Yup'ik [Napakiak],
http://n2t.net/ark:/65665/sz8a08cc48b-4622-4657-9f05-2e64203dcf06,NMAICulture_1054,Kuskwogmiut Yup'ik [Napaskiak],,Napaskiagamut,Language Family info:  Eskimo-Aleut/Eskimo/Yupik,North America - Arctic - Western Arctic - Yup'ik (Yupik) - Kuskwogmiut Yup'ik - Kuskwogmiut Yup'ik [Napaskiak],North America,Arctic,Western Arctic,Yup'ik (Yupik),Kuskwogmiut Yup'ik,Kuskwogmiut Yup'ik [Napaskiak],
http://n2t.net/ark:/65665/sz84c702488-894b-49e8-80ca-1761a94104de,NMAICulture_1055,Kuskwogmiut Yup'ik [Nightmute],,,Language Family info:  Eskimo-Aleut/Eskimo/Yupik,North America - Arctic - Western Arctic - Yup'ik (Yupik) - Kuskwogmiut Yup'ik - Kuskwogmiut Yup'ik [Nightmute],North America,Arctic,Western Arctic,Yup'ik (Yupik),Kuskwogmiut Yup'ik,Kuskwogmiut Yup'ik [Nightmute],
http://n2t.net/ark:/65665/sz8b4cbc9c4-84bd-47c7-8f70-0cf15f8b4e81,NMAICulture_688,Kuskwogmiut Yup'ik,,Lamariugamut; Nahariagamut;  Nahaskogamut; Nunachogamut;  Pinogamut; Kuskokwin; Kuskoquin; Kuskoquim ; Kuskokwim Eskimo,Language Family info:  Eskimo-Aleut/Eskimo/Yupik,North America - Arctic - Western Arctic - Yup'ik (Yupik) - Kuskwogmiut Yup'ik,North America,Arctic,Western Arctic,Yup'ik (Yupik),Kuskwogmiut Yup'ik,,
http://n2t.net/ark:/65665/sz8751f4c2b-fa7b-4ef8-a3cb-4019acea7dea,NMAICulture_1193,"Siberian Yupik [Gambell, St. Lawrence Island]",,,Language Family info:  Eskimo-Aleut/Eskimo/Yupik,"North America - Arctic - Western Arctic - Yup'ik (Yupik) - Siberian Yupik - Siberian Yupik [Gambell, St. Lawrence Island]",North America,Arctic,Western Arctic,Yup'ik (Yupik),Siberian Yupik,"Siberian Yupik [Gambell, St. Lawrence Island]",
http://n2t.net/ark:/65665/sz8616fae4a-7a60-46bd-baa8-02e9431b6c6b,NMAICulture_1194,"Siberian Yupik [Kokuluk, St. Lawrence Island]",,,Language Family info:  Eskimo-Aleut/Eskimo/Yupik,"North America - Arctic - Western Arctic - Yup'ik (Yupik) - Siberian Yupik - Siberian Yupik [Kokuluk, St. Lawrence Island]",North America,Arctic,Western Arctic,Yup'ik (Yupik),Siberian Yupik,"Siberian Yupik [Kokuluk, St. Lawrence Island]",
http://n2t.net/ark:/65665/sz8e3e2d14a-da48-4935-a5f1-c21ec484252a,NMAICulture_1195,"Siberian Yupik [Ponuk Island, off St. Lawrence Island]",,,Language Family info:  Eskimo-Aleut/Eskimo/Yupik,"North America - Arctic - Western Arctic - Yup'ik (Yupik) - Siberian Yupik - Siberian Yupik [Ponuk Island, off St. Lawrence Island]",North America,Arctic,Western Arctic,Yup'ik (Yupik),Siberian Yupik,"Siberian Yupik [Ponuk Island, off St. Lawrence Island]",
http://n2t.net/ark:/65665/sz800d7c3d9-ad52-40a4-b236-855bca383186,NMAICulture_1196,"Siberian Yupik [Savoogna, St. Lawrence Island]",,,Language Family info:  Eskimo-Aleut/Eskimo/Yupik,"North America - Arctic - Western Arctic - Yup'ik (Yupik) - Siberian Yupik - Siberian Yupik [Savoogna, St. Lawrence Island]",North America,Arctic,Western Arctic,Yup'ik (Yupik),Siberian Yupik,"Siberian Yupik [Savoogna, St. Lawrence Island]",
http://n2t.net/ark:/65665/sz8bf5705f8-fd92-494d-8263-540243dcab49,NMAICulture_1197,Siberian Yupik [St. Lawrence Island],,,Language Family info:  Eskimo-Aleut/Eskimo/Yupik,North America - Arctic - Western Arctic - Yup'ik (Yupik) - Siberian Yupik - Siberian Yupik [St. Lawrence Island],North America,Arctic,Western Arctic,Yup'ik (Yupik),Siberian Yupik,Siberian Yupik [St. Lawrence Island],
http://n2t.net/ark:/65665/sz817f6e555-8c74-4add-ab80-988f7b29cf2b,NMAICulture_932,Siberian Yupik,,Siberian Yupik ; Siberian Eskimo,Language Family info:  Eskimo-Aleut/Eskimo/Yupik,North America - Arctic - Western Arctic - Yup'ik (Yupik) - Siberian Yupik,North America,Arctic,Western Arctic,Yup'ik (Yupik),Siberian Yupik,,
http://n2t.net/ark:/65665/sz8ffa99ca7-5736-4ed5-a01c-3e1d6af4e51a,NMAICulture_1323,Yup'ik [Bristol Bay],,,Language Family info:  Eskimo-Aleut/Eskimo/Yupik,North America - Arctic - Western Arctic - Yup'ik (Yupik) - Yup'ik [Bristol Bay],North America,Arctic,Western Arctic,Yup'ik (Yupik),Yup'ik [Bristol Bay],,
http://n2t.net/ark:/65665/sz85531a0e1-c7a1-4ad9-9f14-9083f8f45933,NMAICulture_1324,Yup'ik [Nelson Island],,,Language Family info:  Eskimo-Aleut/Eskimo/Yupik,North America - Arctic - Western Arctic - Yup'ik (Yupik) - Yup'ik [Nelson Island],North America,Arctic,Western Arctic,Yup'ik (Yupik),Yup'ik [Nelson Island],,
http://n2t.net/ark:/65665/sz8a510e430-c199-428d-b12e-79ac8befabd4,NMAICulture_936,Yup'ik [Norton Sound],,Unaligmiut Eskimo,Language Family info:  Eskimo-Aleut/Eskimo/Yupik,North America - Arctic - Western Arctic - Yup'ik (Yupik) - Yup'ik [Norton Sound],North America,Arctic,Western Arctic,Yup'ik (Yupik),Yup'ik [Norton Sound],,
http://n2t.net/ark:/65665/sz87b7f4197-4295-4aad-bf4d-a92a0093d518,NMAICulture_521,Yup'ik (Yupik),,Yupik Eskimo ; Yup'ik Eskimo ; Yupiit,Language Family info:  Eskimo-Aleut/Eskimo/Yupik,North America - Arctic - Western Arctic - Yup'ik (Yupik),North America,Arctic,Western Arctic,Yup'ik (Yupik),,,
http://n2t.net/ark:/65665/sz851839358-a3c3-4c3c-87b1-44450e91d852,NMAICulture_37,Western Arctic,,,,North America - Arctic - Western Arctic,North America,Arctic,Western Arctic,,,,
http://n2t.net/ark:/65665/sz87f58f330-7eaa-48f0-94fc-60ce1c576bed,NMAICulture_9,Arctic,,,,North America - Arctic,North America,Arctic,,,,,
http://n2t.net/ark:/65665/sz81f6d8ad0-7000-4e53-9651-0ca72d947e19,NMAICulture_3437,Central California: Early Period (archaeological culture),,,,North America - California - Central California - Central California: Early Period (archaeological culture),North America,California,Central California,Central California: Early Period (archaeological culture),,,
http://n2t.net/ark:/65665/sz8a827be70-287d-455e-b6cc-e2fb97cfb282,NMAICulture_3439,Central California: Late Period (archaeological culture),,,,North America - California - Central California - Central California: Late Period (archaeological culture),North America,California,Central California,Central California: Late Period (archaeological culture),,,
http://n2t.net/ark:/65665/sz812e71934-10a3-430c-b62c-ec8fd335bd22,NMAICulture_3438,Central California: Middle Period (archaeological culture),,,,North America - California - Central California - Central California: Middle Period (archaeological culture),North America,California,Central California,Central California: Middle Period (archaeological culture),,,
http://n2t.net/ark:/65665/sz88d52280f-15af-455f-b3b8-f28edfee5827,NMAICulture_684,Konkow (Conkaw) Maidu,,,Language Family info:  Penutian/Maiduan,North America - California - Central California - Maidu - Konkow (Conkaw) Maidu,North America,California,Central California,Maidu,Konkow (Conkaw) Maidu,,
http://n2t.net/ark:/65665/sz86b204e05-8859-41dd-a7b6-a1976cd339a9,NMAICulture_759,Mountain Maidu (Northeastern Maidu),,Yamonee Maidu,Language Family info:  Penutian/Maiduan,North America - California - Central California - Maidu - Mountain Maidu (Northeastern Maidu),North America,California,Central California,Maidu,Mountain Maidu (Northeastern Maidu),,
http://n2t.net/ark:/65665/sz8741f6748-3769-4b5c-b66a-23c5ea271d37,NMAICulture_3105,Valley Maidu (Chico Maidu),,,,North America - California - Central California - Maidu - Valley Maidu (Chico Maidu),North America,California,Central California,Maidu,Valley Maidu (Chico Maidu),,
http://n2t.net/ark:/65665/sz89321d266-5635-430b-8836-1fc857700d77,NMAICulture_300,Maidu,,,Language Family info:  Penutian/Maiduan,North America - California - Central California - Maidu,North America,California,Central California,Maidu,,,
http://n2t.net/ark:/65665/sz867f415d2-b911-46b7-b8d1-8a2e38c47806,NMAICulture_2570,Coast Mewuk (Coast Miwok),,,Language Family info:  Penutian/Yok-Utian/Utian/Miwokan,North America - California - Central California - Mewuk (Miwok) - Coast Mewuk (Coast Miwok),North America,California,Central California,Mewuk (Miwok),Coast Mewuk (Coast Miwok),,
http://n2t.net/ark:/65665/sz851cede52-78a4-45c3-99d5-0408b9f2c898,NMAICulture_2513,Sierra Mewuk (Sierra Miwok),,,,North America - California - Central California - Mewuk (Miwok) - Sierra Mewuk (Sierra Miwok),North America,California,Central California,Mewuk (Miwok),Sierra Mewuk (Sierra Miwok),,
http://n2t.net/ark:/65665/sz8272cb524-b665-46d5-8a34-bbda428d5702,NMAICulture_849,Southern Mewuk (Southern Miwok),,,Language Family info:  Penutian/Yok-Utian/Utian/Miwokan,North America - California - Central California - Mewuk (Miwok) - Southern Mewuk (Southern Miwok),North America,California,Central California,Mewuk (Miwok),Southern Mewuk (Southern Miwok),,
http://n2t.net/ark:/65665/sz8af710299-972c-496b-ae80-db2f2b71dd8d,NMAICulture_321,Mewuk (Miwok),,,Language Family info:  Penutian/Yok-Utian/Utian/Miwokan,North America - California - Central California - Mewuk (Miwok),North America,California,Central California,Mewuk (Miwok),,,
http://n2t.net/ark:/65665/sz8746dbdc7-8e9c-4480-b40e-159ea423ecbd,NMAICulture_364,Ohlone (Costanoan/Costano),,Costeño,Language Family info:  Penutian/Yok-Utian/Utian/Costanoan,North America - California - Central California - Ohlone (Costanoan/Costano),North America,California,Central California,Ohlone (Costanoan/Costano),,,
http://n2t.net/ark:/65665/sz84db9a079-2794-4aed-8c82-c0de5ce8d437,NMAICulture_1008,Hopland Band Pomo,,,Language Family info:  Hokan/Northern/Pomo,North America - California - Central California - Pomo - Central Pomo - Hopland Band Pomo,North America,California,Central California,Pomo,Central Pomo,Hopland Band Pomo,
http://n2t.net/ark:/65665/sz89f030c98-8227-481e-908e-f3cb714be5f7,NMAICulture_1126,"Pinoleville Band Of Pomo Indians (Ukiah, California)",,,Language Family info:  Hokan/Northern/Pomo,"North America - California - Central California - Pomo - Central Pomo - Pinoleville Band Of Pomo Indians (Ukiah, California)",North America,California,Central California,Pomo,Central Pomo,"Pinoleville Band Of Pomo Indians (Ukiah, California)",
http://n2t.net/ark:/65665/sz8f29a7004-1b17-4164-97b5-81c0c1947fbc,NMAICulture_1192,Yokayo Pomo,,Yokaia; Yokaya,Language Family info:  Hokan/Northern/Pomo,North America - California - Central California - Pomo - Central Pomo - Yokayo Pomo,North America,California,Central California,Pomo,Central Pomo,Yokayo Pomo,
http://n2t.net/ark:/65665/sz8bf7d728b-63d8-4ce9-aad4-28ccdaf8007d,NMAICulture_578,Central Pomo,,,Language Family info:  Hokan/Northern/Pomo,North America - California - Central California - Pomo - Central Pomo,North America,California,Central California,Pomo,Central Pomo,,
http://n2t.net/ark:/65665/sz8a4572410-d5f2-4e87-a74c-b064777da769,NMAICulture_970,Clear Lake Pomo,,Xa-Ben-Na-Po Band,Language Family info:  Hokan/Northern/Pomo,North America - California - Central California - Pomo - Eastern Pomo - Clear Lake Pomo,North America,California,Central California,Pomo,Eastern Pomo,Clear Lake Pomo,
http://n2t.net/ark:/65665/sz8d3161f10-e3c1-43ae-a0e5-cba970e8e9f4,NMAICulture_625,Eastern Pomo,,,,North America - California - Central California - Pomo - Eastern Pomo,North America,California,Central California,Pomo,Eastern Pomo,,
http://n2t.net/ark:/65665/sz8c2aaa517-12d8-411b-959e-aa5bf2d06971,NMAICulture_980,Dry Creek Pomo,,,Language Family info:  Hokan/Northern/Pomo,North America - California - Central California - Pomo - Southern Pomo - Dry Creek Pomo,North America,California,Central California,Pomo,Southern Pomo,Dry Creek Pomo,
http://n2t.net/ark:/65665/sz81f9b5e7a-2194-48b4-800c-9adfd253d3f8,NMAICulture_1043,Kashaya Pomo,,Kashia,Language Family info:  Hokan/Northern/Pomo,North America - California - Central California - Pomo - Southern Pomo - Kashaya Pomo,North America,California,Central California,Pomo,Southern Pomo,Kashaya Pomo,
http://n2t.net/ark:/65665/sz8fa601d07-0ffd-48d0-a151-bd7ea96783c2,NMAICulture_850,Southern Pomo,,,Language Family info:  Hokan/Northern/Pomo,North America - California - Central California - Pomo - Southern Pomo,North America,California,Central California,Pomo,Southern Pomo,,
http://n2t.net/ark:/65665/sz827bd583f-3ff4-4dc3-86de-af152f6249f2,NMAICulture_391,Pomo,,,Language Family info:  Hokan/Northern/Pomo,North America - California - Central California - Pomo,North America,California,Central California,Pomo,,,
http://n2t.net/ark:/65665/sz81b44fd40-c755-4ebf-88f2-841c4326292f,NMAICulture_464,Tübatulabal (Kern River),,Tubatulabal,Language Family info:  Uto-Aztecan/Northern Uto-Aztecan,North America - California - Central California - Tübatulabal (Kern River),North America,California,Central California,Tübatulabal (Kern River),,,
http://n2t.net/ark:/65665/sz869900374-2544-4724-808a-22658600e8a8,NMAICulture_490,Wappo,,,Language Family info:  Yukian,North America - California - Central California - Wappo,North America,California,Central California,Wappo,,,
http://n2t.net/ark:/65665/sz8ddcc15d8-2d30-414c-b3f6-ece7e828a278,NMAICulture_3431,Nomlaki,,Noamlakee ; Nomelaki ; Nomalaki,Language Family info:  Penutian/Wintuan,North America - California - Central California - Wintun - Nomlaki,North America,California,Central California,Wintun,Nomlaki,,
http://n2t.net/ark:/65665/sz8fd680453-1f50-4e2f-accc-a86d2dc027dd,NMAICulture_781,Patwin,"Patwin is closely related to other Wintun groups in Northern California, but is placed in Central California in terms of physical geography.  See Northern California for related communities.",,Language Family info:  Penutian/California Penutian,North America - California - Central California - Wintun - Patwin,North America,California,Central California,Wintun,Patwin,,
http://n2t.net/ark:/65665/sz8345304f7-1d71-4ba8-9bb9-eaaee29cee1b,NMAICulture_1111,Nomtipom Wintu,,Nomitipom,Language Family info:  Penutian/Wintuan,North America - California - Central California - Wintun - Wintu - Nomtipom Wintu,North America,California,Central California,Wintun,Wintu,Nomtipom Wintu,
http://n2t.net/ark:/65665/sz8af786292-2374-4184-b822-53f48d6be40e,NMAICulture_924,Wintu,,,Language Family info:  Penutian/Wintuan,North America - California - Central California - Wintun - Wintu,North America,California,Central California,Wintun,Wintu,,
http://n2t.net/ark:/65665/sz8d8796435-0732-49ab-b13b-63caf050041e,NMAICulture_500,Wintun,"Wintun includes Wintu, Nomlaki, Patwin and Southern Patwin tribes.",,Language Family info:  Penutian/Wintuan,North America - California - Central California - Wintun,North America,California,Central California,Wintun,,,
http://n2t.net/ark:/65665/sz84551bb2e-fc3a-4fa2-a2dd-15cbf0431916,NMAICulture_927,Yahi,,,Language Family info:  Hokan/Northern/Yana,North America - California - Central California - Yana - Yahi,North America,California,Central California,Yana,Yahi,,
http://n2t.net/ark:/65665/sz899e6f0fd-e080-471f-9c4c-ab6256c8e626,NMAICulture_510,Yana,,,Language Family info:  Hokan/Northern/Yana,North America - California - Central California - Yana,North America,California,Central California,Yana,,,
http://n2t.net/ark:/65665/sz81d2a5244-d7ce-4de8-88ab-568f10f8c553,NMAICulture_598,Chukchansi Yokuts,,,Language Family info:  Penutian/Yok-Utian/Yokuts,North America - California - Central California - Yokuts - Chukchansi Yokuts,North America,California,Central California,Yokuts,Chukchansi Yokuts,,
http://n2t.net/ark:/65665/sz8a94deb2d-c767-44aa-910d-b2d7a59a7ad7,NMAICulture_1154,Tachi Yokuts [Santa Rosa Rancheria],,,Language Family info:  Penutian/Yok-Utian/Yokuts,North America - California - Central California - Yokuts - Tachi Yokuts - Tachi Yokuts [Santa Rosa Rancheria],North America,California,Central California,Yokuts,Tachi Yokuts,Tachi Yokuts [Santa Rosa Rancheria],
http://n2t.net/ark:/65665/sz8976f63de-a450-4fe7-a964-594f7470db5f,NMAICulture_860,Tachi Yokuts,,,Language Family info:  Penutian/Yok-Utian/Yokuts,North America - California - Central California - Yokuts - Tachi Yokuts,North America,California,Central California,Yokuts,Tachi Yokuts,,
http://n2t.net/ark:/65665/sz80017e2f3-d4b4-496a-9db3-4374b206beac,NMAICulture_1156,Telamni Yokuts [Orosi],,,Language Family info:  Penutian/Yok-Utian/Yokuts,North America - California - Central California - Yokuts - Telamni Yokuts - Telamni Yokuts [Orosi],North America,California,Central California,Yokuts,Telamni Yokuts,Telamni Yokuts [Orosi],
http://n2t.net/ark:/65665/sz8cfae4559-118a-4eb7-be2f-a5c691b1d8fb,NMAICulture_876,Telamni Yokuts,,Telamne,Language Family info:  Penutian/Yok-Utian/Yokuts,North America - California - Central California - Yokuts - Telamni Yokuts,North America,California,Central California,Yokuts,Telamni Yokuts,,
http://n2t.net/ark:/65665/sz87d6bba5d-3066-4a5c-87c2-fe0923d812a7,NMAICulture_516,Yokuts,,Yokut ; Yokutah ; Youkut ; Tulare,Language Family info:  Penutian/Yok-Utian/Yokuts,North America - California - Central California - Yokuts,North America,California,Central California,Yokuts,,,
http://n2t.net/ark:/65665/sz84b782ab0-2aff-4213-8731-6956501f35fa,NMAICulture_519,Yuki,,,Language Family info:  Yukian,North America - California - Central California - Yuki,North America,California,Central California,Yuki,,,
http://n2t.net/ark:/65665/sz845303dbe-dff0-4ca0-9354-b3233ff2eaab,NMAICulture_45,Central California,,,,North America - California - Central California,North America,California,Central California,,,,
http://n2t.net/ark:/65665/sz86da2c078-9e60-48a3-90f1-3b47081eb0cd,NMAICulture_545,Astakiwi,,,Language Family info:  Hokan/Northern/Karok-Shasta/Shasta-Palaihnihan/Palaihnihan,North America - California - Northern California - Achomawi (Pit River) - Astakiwi,North America,California,Northern California,Achomawi (Pit River),Astakiwi,,
http://n2t.net/ark:/65665/sz84b34990d-1f13-4390-a176-055dfce5f421,NMAICulture_106,Achomawi (Pit River),,Achomawai ; Achumawi ; Pitt River,Language Family info:  Hokan/Northern/Karok-Shasta/Shasta-Palaihnihan/Palaihnihan,North America - California - Northern California - Achomawi (Pit River),North America,California,Northern California,Achomawi (Pit River),,,
http://n2t.net/ark:/65665/sz864e5296c-ca89-49f3-88b3-6af1205b0e40,NMAICulture_138,Atsugewi (Hat Creek),,,Language Family info:  Hokan/Northern/Karok-Shasta/Shasta-Palaihnihan/Palaihnihan,North America - California - Northern California - Atsugewi (Hat Creek),North America,California,Northern California,Atsugewi (Hat Creek),,,
http://n2t.net/ark:/65665/sz8074f7f59-ad9e-41d1-8ae3-14f0e3070ead,NMAICulture_1367,Chasta Costa [Confederated Tribes of Siletz],,Shastacosta,Language Family info:  Na-Dene/Nuclear Na-Dene/Athapaskan-Eyak/Athapaskan/Pacific Coast/Oregon/Tolowa-Galice,North America - California - Northern California - Chasta Costa (Chastacosta) - Chasta Costa [Confederated Tribes of Siletz],North America,California,Northern California,Chasta Costa (Chastacosta),Chasta Costa [Confederated Tribes of Siletz],,
http://n2t.net/ark:/65665/sz81586a0e2-cd87-40a3-bfee-7154aef71652,NMAICulture_165,Chasta Costa (Chastacosta),,Chastacosta ; Shastacosta,Language Family info:  Na-Dene/Nuclear Na-Dene/Athapaskan-Eyak/Athapaskan/Pacific Coast/Oregon/Tolowa-Galice,North America - California - Northern California - Chasta Costa (Chastacosta),North America,California,Northern California,Chasta Costa (Chastacosta),,,
http://n2t.net/ark:/65665/sz863801d98-e254-4ce1-8e3e-7436ebdb034f,NMAICulture_1371,Chetco [Confederated Tribes of Siletz],,,Language Family info:  Na-Dene/Nuclear Na-Dene/Athapaskan-Eyak/Athapaskan/Pacific Coast/Oregon/Tolowa-Galice,North America - California - Northern California - Chetco - Chetco [Confederated Tribes of Siletz],North America,California,Northern California,Chetco,Chetco [Confederated Tribes of Siletz],,
http://n2t.net/ark:/65665/sz8383f171d-1d57-46d5-9c5e-a1c8a3517483,NMAICulture_169,Chetco,,,Language Family info:  Na-Dene/Nuclear Na-Dene/Athapaskan-Eyak/Athapaskan/Pacific Coast/Oregon/Tolowa-Galice,North America - California - Northern California - Chetco,North America,California,Northern California,Chetco,,,
http://n2t.net/ark:/65665/sz8ff14e537-fc39-4513-9354-a158019f97f2,NMAICulture_174,Chimariko,,,Language Family info:  Hokan/Northern,North America - California - Northern California - Chimariko,North America,California,Northern California,Chimariko,,,
http://n2t.net/ark:/65665/sz88be169ce-246e-4791-8cf8-fc80f98b973f,NMAICulture_919,Whilkut (Redwood Indians),,,Language Family info:  Na-Dene/Nuclear Na-Dene/Athapaskan-Eyak/Athapaskan/Pacific Coast/California,North America - California - Northern California - Hupa - Whilkut (Redwood Indians),North America,California,Northern California,Hupa,Whilkut (Redwood Indians),,
http://n2t.net/ark:/65665/sz8463984f5-fe27-4ac9-a527-6cfed407ee36,NMAICulture_244,Hupa,,,Language Family info:  Na-Dene/Nuclear Na-Dene/Athapaskan-Eyak/Athapaskan/Pacific Coast/California,North America - California - Northern California - Hupa,North America,California,Northern California,Hupa,,,
http://n2t.net/ark:/65665/sz851fffd0a-9a4a-4f5c-9180-2913e29b768d,NMAICulture_274,Karuk (Karok),,Karak,Language Family info:  Hokan/Northern/Karok-Shasta,North America - California - Northern California - Karuk (Karok),North America,California,Northern California,Karuk (Karok),,,
http://n2t.net/ark:/65665/sz8ab5b31c0-1760-4bc8-a60b-898abbe62edd,NMAICulture_650,Hot Creek Band Modoc,,,Language Family info:  Penutian/Klamath-Modoc,North America - California - Northern California - Modoc - Hot Creek Band Modoc,North America,California,Northern California,Modoc,Hot Creek Band Modoc,,
http://n2t.net/ark:/65665/sz85e9a2843-98a7-4655-9f8c-7e3809c3fb3e,NMAICulture_1557,Modoc [Klamath Lake Reservation],,,Language Family info:  Penutian/Klamath-Modoc,North America - California - Northern California - Modoc - Modoc [Klamath Lake Reservation],North America,California,Northern California,Modoc,Modoc [Klamath Lake Reservation],,
http://n2t.net/ark:/65665/sz897a35938-07bb-4206-b697-77dc9dbf7df1,NMAICulture_766,Oklahoma Modoc,,,Language Family info:  Penutian/Klamath-Modoc,North America - California - Northern California - Modoc - Oklahoma Modoc,North America,California,Northern California,Modoc,Oklahoma Modoc,,
http://n2t.net/ark:/65665/sz8109920d6-c8b9-45cd-af94-b86c9f327870,NMAICulture_331,Modoc,,,Language Family info:  Penutian/Klamath-Modoc,North America - California - Northern California - Modoc,North America,California,Northern California,Modoc,,,
http://n2t.net/ark:/65665/sz86bd8ccd5-17d0-41c7-b010-3e46d0d163d0,NMAICulture_3434,Northern California: Early Period (archaeological culture),,,,North America - California - Northern California - Northern California: Early Period (archaeological culture),North America,California,Northern California,Northern California: Early Period (archaeological culture),,,
http://n2t.net/ark:/65665/sz82196e88a-2ce3-4335-8a8c-a09c9268682f,NMAICulture_3436,Northern California: Late Period (archaeological culture),,,,North America - California - Northern California - Northern California: Late Period (archaeological culture),North America,California,Northern California,Northern California: Late Period (archaeological culture),,,
http://n2t.net/ark:/65665/sz81571ffc7-fc10-4d5d-9798-ffaec8369154,NMAICulture_3435,Northern California: Middle Period (archaeological culture),,,,North America - California - Northern California - Northern California: Middle Period (archaeological culture),North America,California,Northern California,Northern California: Middle Period (archaeological culture),,,
http://n2t.net/ark:/65665/sz81f4b166a-5002-482c-a135-0aa2c42c5553,NMAICulture_770,Okwanuchu Shasta,,,Language Family info:  Hokan/Northern/Karok-Shasta,North America - California - Northern California - Shasta - Okwanuchu Shasta,North America,California,Northern California,Shasta,Okwanuchu Shasta,,
http://n2t.net/ark:/65665/sz896ab974f-4843-4c33-a23c-f2335ad430db,NMAICulture_425,Shasta,,,Language Family info:  Hokan/Northern/Karok-Shasta,North America - California - Northern California - Shasta,North America,California,Northern California,Shasta,,,
http://n2t.net/ark:/65665/sz85ce68e56-6795-491f-b0e4-a98553fdc5d6,NMAICulture_455,Tolowa,,Talawan,Language Family info:  Na-Dene/Nuclear Na-Dene/Athapaskan-Eyak/Athapaskan/Pacific Coast/Oregon/Tolowa-Galice,North America - California - Northern California - Tolowa,North America,California,Northern California,Tolowa,,,
http://n2t.net/ark:/65665/sz8950cba67-22f7-44dc-9ec0-b25730e39a80,NMAICulture_484,Wailaki,,,Language Family info:   Na-Dene/Nuclear Na-Dene/Athapaskan-Eyak/Athapaskan/Pacific Coast/California,North America - California - Northern California - Wailaki,North America,California,Northern California,Wailaki,,,
http://n2t.net/ark:/65665/sz8ba6e297b-34b8-4810-8d91-3ea4e114faaa,NMAICulture_709,Mad River Wiyot,"Artist Rick Bartow was formerly identifed as Mad River Band of Yurok, but his natal area was reclassified as Mad River Band of Wiyot",Mad River Band of Yurok,Language Family info:  Algic/Wiyot (sometimes classed as Algonkian),North America - California - Northern California - Wiyot - Mad River Wiyot,North America,California,Northern California,Wiyot,Mad River Wiyot,,
http://n2t.net/ark:/65665/sz85aee80a7-05f3-40f1-9489-3c908d437769,NMAICulture_503,Wiyot,,Wishosk,Language Family info:  Algic/Wiyot (sometimes classed as Algonkian),North America - California - Northern California - Wiyot,North America,California,Northern California,Wiyot,,,
http://n2t.net/ark:/65665/sz881221f0f-1e22-4ba7-809b-e9b5f5187701,NMAICulture_523,Yurok,,Yoruk,Language Family info:  Algic/Wiyot (sometimes classed as Algonkian),North America - California - Northern California - Yurok,North America,California,Northern California,Yurok,,,
http://n2t.net/ark:/65665/sz82cab20b8-372b-4a68-9270-174afa4dc8de,NMAICulture_46,Northern California,,,,North America - California - Northern California,North America,California,Northern California,,,,
http://n2t.net/ark:/65665/sz883394d07-f1a8-4201-846c-c7c0637f5cda,NMAICulture_2889,Cahuilla [Morongo Band of Mission Indians],,,Language Family info:  Uto-Aztecan/Northern Uto-Aztecan/Takic/Cupan/Cahuilla-Cupeno,North America - California - Southern California - Cahuilla - Cahuilla [Morongo Band of Mission Indians],North America,California,Southern California,Cahuilla,Cahuilla [Morongo Band of Mission Indians],,
http://n2t.net/ark:/65665/sz8d15737d2-7244-4f7d-a585-8897e8a70c9f,NMAICulture_2890,Desert Cahuilla [Torres-Martinez Reservation/Torres-Martinez Band],,Torres-Martinez Reservation ;Torres-Martinez Band,Language Family info:  Uto-Aztecan/Northern Uto-Aztecan/Takic/Cupan/Cahuilla-Cupeno,North America - California - Southern California - Cahuilla - Desert Cahuilla - Desert Cahuilla [Torres-Martinez Reservation/Torres-Martinez Band],North America,California,Southern California,Cahuilla,Desert Cahuilla,Desert Cahuilla [Torres-Martinez Reservation/Torres-Martinez Band],
http://n2t.net/ark:/65665/sz890587336-2ee8-4e2c-8542-ff458d18abb2,NMAICulture_619,Desert Cahuilla,,,Language Family info:  Uto-Aztecan/Northern Uto-Aztecan/Takic/Cupan/Cahuilla-Cupeno,North America - California - Southern California - Cahuilla - Desert Cahuilla,North America,California,Southern California,Cahuilla,Desert Cahuilla,,
http://n2t.net/ark:/65665/sz8d32ae6e5-5a3d-453d-9721-93965e1a41bf,NMAICulture_814,San Ignacio Cahuilla (San Ygnacio),,,Language Family info:  Uto-Aztecan/Northern Uto-Aztecan/Takic/Cupan/Cahuilla-Cupeno,North America - California - Southern California - Cahuilla - San Ignacio Cahuilla (San Ygnacio),North America,California,Southern California,Cahuilla,San Ignacio Cahuilla (San Ygnacio),,
http://n2t.net/ark:/65665/sz8f2a291f6-9d1d-4ab7-b990-ffae0c612919,NMAICulture_153,Cahuilla,,Kawia,Language Family info:  Uto-Aztecan/Northern Uto-Aztecan/Takic/Cupan/Cahuilla-Cupeno,North America - California - Southern California - Cahuilla,North America,California,Southern California,Cahuilla,,,
http://n2t.net/ark:/65665/sz8d8d85b53-c9eb-4d4f-8cc4-26b00dcff50f,NMAICulture_553,Barbareño Chumash (Santa Barbara),,,Language Family info:  Chumash (sometimes classed as Hokan),North America - California - Southern California - Chumash - Barbareño Chumash (Santa Barbara),North America,California,Southern California,Chumash,Barbareño Chumash (Santa Barbara),,
http://n2t.net/ark:/65665/sz8675b8b81-8280-4109-b45d-86d9e5e7b719,NMAICulture_599,Chumash [San Luis Obispo Mission],,,Language Family info:  Chumash (sometimes classed as Hokan),North America - California - Southern California - Chumash - Chumash [San Luis Obispo Mission],North America,California,Southern California,Chumash,Chumash [San Luis Obispo Mission],,
http://n2t.net/ark:/65665/sz8c46d3515-17b8-418f-831a-dc5b81a3d684,NMAICulture_820,San Miguel Chumash,,,Language Family info:  Chumash (sometimes classed as Hokan),North America - California - Southern California - Chumash - San Miguel Chumash,North America,California,Southern California,Chumash,San Miguel Chumash,,
http://n2t.net/ark:/65665/sz88ea93a0c-2803-4ba3-b039-273624692764,NMAICulture_823,Santa Ynez Chumash (Santa Inez),,,Language Family info:  Chumash (sometimes classed as Hokan),North America - California - Southern California - Chumash - Santa Ynez Chumash (Santa Inez),North America,California,Southern California,Chumash,Santa Ynez Chumash (Santa Inez),,
http://n2t.net/ark:/65665/sz8c718f3be-23e1-477f-a820-8d917910266c,NMAICulture_873,Tataviam (Fernandeno Chumash/Mission),,Fernandeño,Language Family info:  Chumash (sometimes classed as Hokan),North America - California - Southern California - Chumash - Tataviam (Fernandeno Chumash/Mission),North America,California,Southern California,Chumash,Tataviam (Fernandeno Chumash/Mission),,
http://n2t.net/ark:/65665/sz8d24ae4b4-a480-4967-a352-a0558ec19c6c,NMAICulture_189,Chumash,,,Language Family info:  Chumash (sometimes classed as Hokan),North America - California - Southern California - Chumash,North America,California,Southern California,Chumash,,,
http://n2t.net/ark:/65665/sz85ba40cc6-a939-4a5c-8b08-09626947886e,NMAICulture_2888,Cuyapaipe (We-a-pipe) Band of Kumeyaay,,,Language Family info:  Hokan/Esselen-Yuman/Yuman/Delta-Californian,North America - California - Southern California - Kumeyaay (Diegueño) - Cuyapaipe (We-a-pipe) Band of Kumeyaay,North America,California,Southern California,Kumeyaay (Diegueño),Cuyapaipe (We-a-pipe) Band of Kumeyaay,,
http://n2t.net/ark:/65665/sz8df7bb592-d173-4a00-83ec-2aeaa8e686c8,NMAICulture_1071,Mesa Grande Diegueño,"some sources put Cahuilla, Kumeyaay, Cupeño, and Luiseño all under a grand Kumeyaay heading, but this is more about contemporary identity politics and not historic culture",,,North America - California - Southern California - Kumeyaay (Diegueño) - Ipai - Mesa Grande Diegueño,North America,California,Southern California,Kumeyaay (Diegueño),Ipai,Mesa Grande Diegueño,
http://n2t.net/ark:/65665/sz84960e56f-fdf8-449c-b45f-702895652af0,NMAICulture_1135,Santa Ysabel (Santa Isabela) Diegueño,,Yzabel,Language Family info:  Hokan/Esselen-Yuman/Yuman/Delta-Californian,North America - California - Southern California - Kumeyaay (Diegueño) - Ipai - Santa Ysabel (Santa Isabela) Diegueño,North America,California,Southern California,Kumeyaay (Diegueño),Ipai,Santa Ysabel (Santa Isabela) Diegueño,
http://n2t.net/ark:/65665/sz82f2504d4-192e-405d-a29b-9e9ace60c00c,NMAICulture_661,Ipai,,,,North America - California - Southern California - Kumeyaay (Diegueño) - Ipai,North America,California,Southern California,Kumeyaay (Diegueño),Ipai,,
http://n2t.net/ark:/65665/sz851a9f9dc-1185-4f1e-a934-55da54c3fd8d,NMAICulture_777,Paipai (Pi-Pi/Pais),,Akwa'ala,Language Family info:  Hokan/Esselen-Yuman/Yuman/Delta-Californian,North America - California - Southern California - Kumeyaay (Diegueño) - Paipai (Pi-Pi/Pais),North America,California,Southern California,Kumeyaay (Diegueño),Paipai (Pi-Pi/Pais),,
http://n2t.net/ark:/65665/sz8d3d811d9-ff41-45e9-83c5-967bcb647f0a,NMAICulture_960,Campo Band of Kumeyaay,,,Language Family info:  Hokan/Esselen-Yuman/Yuman/Delta-Californian,North America - California - Southern California - Kumeyaay (Diegueño) - Tipai - Campo Band of Kumeyaay,North America,California,Southern California,Kumeyaay (Diegueño),Tipai,Campo Band of Kumeyaay,
http://n2t.net/ark:/65665/sz868127fd5-5ee3-4063-a2e9-21090678c06c,NMAICulture_1037,Jamul Band of Kumeyaay,,,Language Family info:  Hokan/Esselen-Yuman/Yuman/Delta-Californian,North America - California - Southern California - Kumeyaay (Diegueño) - Tipai - Jamul Band of Kumeyaay,North America,California,Southern California,Kumeyaay (Diegueño),Tipai,Jamul Band of Kumeyaay,
http://n2t.net/ark:/65665/sz81ca9db14-9e9e-43f0-a0f8-52d5741691c1,NMAICulture_1041,Kamia  (Desert Kumeyaay),,Kumiai; Quemayá; Comeya; Kumeyaai; Kamiyai; Kumia,Language Family info:  Hokan/Esselen-Yuman/Yuman/Delta-Californian,North America - California - Southern California - Kumeyaay (Diegueño) - Tipai - Kamia  (Desert Kumeyaay),North America,California,Southern California,Kumeyaay (Diegueño),Tipai,Kamia  (Desert Kumeyaay),
http://n2t.net/ark:/65665/sz8461d1eb8-0353-443c-abdc-53c295e1e32a,NMAICulture_1066,Manzanita Band of Kumeyaay,,,Language Family info:  Hokan/Esselen-Yuman/Yuman/Delta-Californian,North America - California - Southern California - Kumeyaay (Diegueño) - Tipai - Manzanita Band of Kumeyaay,North America,California,Southern California,Kumeyaay (Diegueño),Tipai,Manzanita Band of Kumeyaay,
http://n2t.net/ark:/65665/sz8fd49d35c-75dc-4b21-b2b1-fc9a1435b7e5,NMAICulture_881,Tipai,,,,North America - California - Southern California - Kumeyaay (Diegueño) - Tipai,North America,California,Southern California,Kumeyaay (Diegueño),Tipai,,
http://n2t.net/ark:/65665/sz8bbbc060b-db22-4974-a7d6-2a42c8a41c50,NMAICulture_286,Kumeyaay (Diegueño),,Diegueno; Digueño; Digueno; Dieguenyo; Digueño; Dieguño,Language Family info:  Hokan/Esselen-Yuman/Yuman/Delta-Californian,North America - California - Southern California - Kumeyaay (Diegueño),North America,California,Southern California,Kumeyaay (Diegueño),,,
http://n2t.net/ark:/65665/sz85dd680e0-f174-483a-84b0-39b413243e82,NMAICulture_209,Kupangaxwichem (Kupa/Cupeño),,Cupena,Language Family info:  Uto-Aztecan/Northern Uto-Aztecan/Takic/Cupan/Cahuilla-Cupeno,North America - California - Southern California - Kupangaxwichem (Kupa/Cupeño),North America,California,Southern California,Kupangaxwichem (Kupa/Cupeño),,,
http://n2t.net/ark:/65665/sz8085e16da-3cc3-42f0-b865-e6a74059aba8,NMAICulture_816,San Isidro Mission,San Diego County; mission history unclear,,Language Family info:  Hokan/Esselen-Yuman/Yuman/Delta-Californian,North America - California - Southern California - Mission - San Isidro Mission,North America,California,Southern California,Mission,San Isidro Mission,,
http://n2t.net/ark:/65665/sz81eb7cb2e-81e0-4ffd-a63c-a3cab4bea68c,NMAICulture_818,San Manuel Mission,San Diego County; mission history unclear,,Language Family info:  Hokan/Esselen-Yuman/Yuman/Delta-Californian,North America - California - Southern California - Mission - San Manuel Mission,North America,California,Southern California,Mission,San Manuel Mission,,
http://n2t.net/ark:/65665/sz83babbbd8-cb2e-4008-b084-7f3292362c58,NMAICulture_327,Mission,"Search tip: to find all Mission Indians, search Cahuilla plus Luiseño (Luiseno) plus Kumeyaay (Diegueño) plus Mission plus Cupeno plus Serrano",,Language Family info:  Hokan/Esselen-Yuman/Yuman/Delta-Californian,North America - California - Southern California - Mission,North America,California,Southern California,Mission,,,
http://n2t.net/ark:/65665/sz8bef25890-65ef-4057-ac51-94293d5e0c95,NMAICulture_2665,Paleoindian Tradition: Clovis (archaeological culture),,,,North America - California - Southern California - Paleoindian Tradition (archaeological culture) - Paleoindian Tradition: Clovis (archaeological culture),North America,California,Southern California,Paleoindian Tradition (archaeological culture),Paleoindian Tradition: Clovis (archaeological culture),,
http://n2t.net/ark:/65665/sz8165d8379-3531-414e-a7ea-bbe5739c0b46,NMAICulture_2666,Paleoindian Tradition: Folsom (archaeological culture),,,,North America - California - Southern California - Paleoindian Tradition (archaeological culture) - Paleoindian Tradition: Folsom (archaeological culture),North America,California,Southern California,Paleoindian Tradition (archaeological culture),Paleoindian Tradition: Folsom (archaeological culture),,
http://n2t.net/ark:/65665/sz84c137c23-5e38-49f7-ac03-228d9b10289f,NMAICulture_2667,Paleoindian Tradition: Plano (archaeological culture),,,,North America - California - Southern California - Paleoindian Tradition (archaeological culture) - Paleoindian Tradition: Plano (archaeological culture),North America,California,Southern California,Paleoindian Tradition (archaeological culture),Paleoindian Tradition: Plano (archaeological culture),,
http://n2t.net/ark:/65665/sz895ed2b89-3dd0-422b-bd63-65717c4174f4,NMAICulture_2664,Paleoindian Tradition (archaeological culture),,Paleo-Indian,,North America - California - Southern California - Paleoindian Tradition (archaeological culture),North America,California,Southern California,Paleoindian Tradition (archaeological culture),,,
http://n2t.net/ark:/65665/sz857d0d975-4156-4197-979d-1e48a25cbd93,NMAICulture_2565,Ajachemem (San Juan de Capistrano Luiseño),,Juaneño ; Juaneno ; Ajachema ; Agachemem ; Acgachemem,"Language Family info: Uto-Aztecan, Northern Uto-Aztecan, Takic, Cupan, Luiseno",North America - California - Southern California - Payómkawichum (Luiseño) - Ajachemem (San Juan de Capistrano Luiseño),North America,California,Southern California,Payómkawichum (Luiseño),Ajachemem (San Juan de Capistrano Luiseño),,
http://n2t.net/ark:/65665/sz835536b55-e656-46c9-9c53-bdae902e6403,NMAICulture_1354,La Jolla Band Luiseño,,La Joya,Language Family info:  Uto-Aztecan/Northern Uto-Aztecan/Takic/Cupan,North America - California - Southern California - Payómkawichum (Luiseño) - La Jolla Band Luiseño,North America,California,Southern California,Payómkawichum (Luiseño),La Jolla Band Luiseño,,
http://n2t.net/ark:/65665/sz8d3e083c6-46f3-49db-90cf-683e87360c8d,NMAICulture_1355,Pala Band Luiseño (Agua Caliente),Pala Band may also include San Luis del Rey and Laguna communities,,Language Family info:  Uto-Aztecan/Northern Uto-Aztecan/Takic/Cupan,North America - California - Southern California - Payómkawichum (Luiseño) - Pala Band Luiseño (Agua Caliente),North America,California,Southern California,Payómkawichum (Luiseño),Pala Band Luiseño (Agua Caliente),,
http://n2t.net/ark:/65665/sz8a33e915b-ab57-4eda-9244-0dafe4824209,NMAICulture_1356,Pauma Band Luiseño,,,Language Family info:  Uto-Aztecan/Northern Uto-Aztecan/Takic/Cupan,North America - California - Southern California - Payómkawichum (Luiseño) - Pauma Band Luiseño,North America,California,Southern California,Payómkawichum (Luiseño),Pauma Band Luiseño,,
http://n2t.net/ark:/65665/sz801d0285e-bf63-4633-8b1a-3de21d083ef4,NMAICulture_1357,Pechanga Band Luiseño,,,Language Family info:  Uto-Aztecan/Northern Uto-Aztecan/Takic/Cupan,North America - California - Southern California - Payómkawichum (Luiseño) - Pechanga Band Luiseño,North America,California,Southern California,Payómkawichum (Luiseño),Pechanga Band Luiseño,,
http://n2t.net/ark:/65665/sz8d35d93c7-8a42-407e-b7fc-26119bc86bfa,NMAICulture_1358,Potrero Luiseño,,,Language Family info:  Uto-Aztecan/Northern Uto-Aztecan/Takic/Cupan,North America - California - Southern California - Payómkawichum (Luiseño) - Potrero Luiseño,North America,California,Southern California,Payómkawichum (Luiseño),Potrero Luiseño,,
http://n2t.net/ark:/65665/sz810f3328b-85e9-43ea-9ab9-7bc1bde96aa7,NMAICulture_1359,Rincon Band Luiseño,,,Language Family info:  Uto-Aztecan/Northern Uto-Aztecan/Takic/Cupan,North America - California - Southern California - Payómkawichum (Luiseño) - Rincon Band Luiseño,North America,California,Southern California,Payómkawichum (Luiseño),Rincon Band Luiseño,,
http://n2t.net/ark:/65665/sz8fcdde777-8d63-470b-9c13-6e7804029e66,NMAICulture_1360,Soboba Luiseño,,San Jacinto Mission Luiseño; Saboba,Language Family info:  Uto-Aztecan/Northern Uto-Aztecan/Takic/Cupan,North America - California - Southern California - Payómkawichum (Luiseño) - Soboba Luiseño,North America,California,Southern California,Payómkawichum (Luiseño),Soboba Luiseño,,
http://n2t.net/ark:/65665/sz8e8144e84-40d7-43af-a601-2a4dc6f5aae6,NMAICulture_1362,Temecula Luiseño,,,Language Family info:  Uto-Aztecan/Northern Uto-Aztecan/Takic/Cupan,North America - California - Southern California - Payómkawichum (Luiseño) - Temecula Luiseño,North America,California,Southern California,Payómkawichum (Luiseño),Temecula Luiseño,,
http://n2t.net/ark:/65665/sz81598c94f-8e20-4f5e-a67d-b0fb455a2d0b,NMAICulture_1363,Payómkawichum (Luiseño),,Luisenos,,North America - California - Southern California - Payómkawichum (Luiseño),North America,California,Southern California,Payómkawichum (Luiseño),,,
http://n2t.net/ark:/65665/sz8762d8ec8-f6ed-475e-8d27-e34064bc1b9e,NMAICulture_424,Serrano,,Sewano,"Language Family info:  Uto-Aztecan, Northern Uto-Aztecan, Takic, Serrano-Gabrielino",North America - California - Southern California - Serrano,North America,California,Southern California,Serrano,,,
http://n2t.net/ark:/65665/sz8cd214cee-970f-4c1b-a059-6bb7aac95d14,NMAICulture_2788,Southern California: Early Period (archaeological culture),,,,North America - California - Southern California - Southern California: Early Period (archaeological culture),North America,California,Southern California,Southern California: Early Period (archaeological culture),,,
http://n2t.net/ark:/65665/sz81fc480aa-4178-437b-9a9f-bfeb41718ad6,NMAICulture_2790,Southern California: Late Period (archaeological culture),,,,North America - California - Southern California - Southern California: Late Period (archaeological culture),North America,California,Southern California,Southern California: Late Period (archaeological culture),,,
http://n2t.net/ark:/65665/sz82d7638c5-6877-4172-bcdf-e7449d343ddf,NMAICulture_2789,Southern California: Middle Period (archaeological culture),,,,North America - California - Southern California - Southern California: Middle Period (archaeological culture),North America,California,Southern California,Southern California: Middle Period (archaeological culture),,,
http://n2t.net/ark:/65665/sz8334179f2-72a8-492c-bd0d-28394074cb56,NMAICulture_887,Tongva (Gabrielino Mission),,,Language Family info:  Chumash (sometimes classed as Hokan),North America - California - Southern California - Tongva (Gabrielino Mission),North America,California,Southern California,Tongva (Gabrielino Mission),,,
http://n2t.net/ark:/65665/sz8a8c007c3-ff17-4f31-9352-4e502a1b62a4,NMAICulture_47,Southern California,,,,North America - California - Southern California,North America,California,Southern California,,,,
http://n2t.net/ark:/65665/sz8bf202b84-45db-49b6-bb50-cb96fb52aaeb,NMAICulture_14,California,,,,North America - California,North America,California,,,,,
http://n2t.net/ark:/65665/sz820fb7855-0925-4ca0-a59f-d745c2cae6d3,NMAICulture_3324,Fremont (archaeological culture),,,,North America - Great Basin - Fremont (archaeological culture),North America,Great Basin,Fremont (archaeological culture),,,,
http://n2t.net/ark:/65665/sz803e68a2f-1971-4a56-864f-46d3173a6418,NMAICulture_2612,Great Basin (no sub-culture area),,,,North America - Great Basin - Great Basin (no sub-culture area),North America,Great Basin,Great Basin (no sub-culture area),,,,
http://n2t.net/ark:/65665/sz8deb17099-5b1c-454b-bdc2-e3f9e6502944,NMAICulture_2820,Early Desert Archaic Tradition (archaeological culture),,,,North America - Great Basin - Great Basin Archaic Tradition (archaeological culture) - Desert Archaic Tradition (archaeological culture) - Early Desert Archaic Tradition (archaeological culture),North America,Great Basin,Great Basin Archaic Tradition (archaeological culture),Desert Archaic Tradition (archaeological culture),Early Desert Archaic Tradition (archaeological culture),,
http://n2t.net/ark:/65665/sz8a3fe1aa9-02a4-4b4d-b5e6-005ad3a7ba83,NMAICulture_2760,Late Desert Archaic Tradition (archaeological culture),,,,North America - Great Basin - Great Basin Archaic Tradition (archaeological culture) - Desert Archaic Tradition (archaeological culture) - Late Desert Archaic Tradition (archaeological culture),North America,Great Basin,Great Basin Archaic Tradition (archaeological culture),Desert Archaic Tradition (archaeological culture),Late Desert Archaic Tradition (archaeological culture),,
http://n2t.net/ark:/65665/sz85b30a1b3-202e-46b8-bd6a-720dabbb6967,NMAICulture_2864,Middle Desert Archaic Tradition (archaeological culture),,,,North America - Great Basin - Great Basin Archaic Tradition (archaeological culture) - Desert Archaic Tradition (archaeological culture) - Middle Desert Archaic Tradition (archaeological culture),North America,Great Basin,Great Basin Archaic Tradition (archaeological culture),Desert Archaic Tradition (archaeological culture),Middle Desert Archaic Tradition (archaeological culture),,
http://n2t.net/ark:/65665/sz88a179f06-7b76-428d-9427-bd9b64fa1124,NMAICulture_3335,Desert Archaic Tradition (archaeological culture),,,,North America - Great Basin - Great Basin Archaic Tradition (archaeological culture) - Desert Archaic Tradition (archaeological culture),North America,Great Basin,Great Basin Archaic Tradition (archaeological culture),Desert Archaic Tradition (archaeological culture),,,
http://n2t.net/ark:/65665/sz805cf189f-6ce1-4c68-806a-9b6b1ac3cea4,NMAICulture_2759,Great Basin Archaic Tradition (archaeological culture),,,,North America - Great Basin - Great Basin Archaic Tradition (archaeological culture),North America,Great Basin,Great Basin Archaic Tradition (archaeological culture),,,,
http://n2t.net/ark:/65665/sz8a108d9f7-a2fc-40d1-8c18-2f51704827ab,NMAICulture_49,Kawaiisu,,Tejon,Language Family info:  Uto-Aztecan/Northern Uto-Aztecan/Numic/Southern,North America - Great Basin - Kawaiisu,North America,Great Basin,Kawaiisu,,,,
http://n2t.net/ark:/65665/sz833136655-854b-4d91-a923-720ad68a17ce,NMAICulture_3306,Late Pre-Contact Tradition (archaeological culture),,,,North America - Great Basin - Late Pre-Contact Tradition (archaeological culture),North America,Great Basin,Late Pre-Contact Tradition (archaeological culture),,,,
http://n2t.net/ark:/65665/sz892ba89e8-c544-4e5c-8599-9de00ea34660,NMAICulture_1091,Mono Lake Paiute,,,Language Family info:  Uto-Aztecan/Northern Uto-Aztecan/Numic/Western,North America - Great Basin - Paiute - Kutzadika'a (Mono Paiute) - Eastern Mono - Mono Lake Paiute,North America,Great Basin,Paiute,Kutzadika'a (Mono Paiute),Eastern Mono,Mono Lake Paiute,
http://n2t.net/ark:/65665/sz85fcc0725-d242-4505-9f01-019ed56b4db4,NMAICulture_1121,Owens Valley Paiute,,,Language Family info:  Uto-Aztecan/Northern Uto-Aztecan/Numic/Western,North America - Great Basin - Paiute - Kutzadika'a (Mono Paiute) - Eastern Mono - Owens Valley Paiute,North America,Great Basin,Paiute,Kutzadika'a (Mono Paiute),Eastern Mono,Owens Valley Paiute,
http://n2t.net/ark:/65665/sz878b8bca4-f76f-4f3b-9c23-efa5227d8ea0,NMAICulture_624,Eastern Mono,,,Language Family info:  Uto-Aztecan/Northern Uto-Aztecan/Numic/Western,North America - Great Basin - Paiute - Kutzadika'a (Mono Paiute) - Eastern Mono,North America,Great Basin,Paiute,Kutzadika'a (Mono Paiute),Eastern Mono,,
http://n2t.net/ark:/65665/sz853c27ac8-0e36-482e-80af-9cd1b754c345,NMAICulture_732,Western Mono (Monache),,Monache ; Monachi,Language Family info:  Uto-Aztecan/Northern Uto-Aztecan/Numic/Western,North America - Great Basin - Paiute - Kutzadika'a (Mono Paiute) - Western Mono (Monache),North America,Great Basin,Paiute,Kutzadika'a (Mono Paiute),Western Mono (Monache),,
http://n2t.net/ark:/65665/sz8945a0c33-fad5-454b-b0a2-63da0bc41fa0,NMAICulture_334,Kutzadika'a (Mono Paiute),,Kutzadikaa,Language Family info:  Uto-Aztecan/Northern Uto-Aztecan/Numic/Western,North America - Great Basin - Paiute - Kutzadika'a (Mono Paiute),North America,Great Basin,Paiute,Kutzadika'a (Mono Paiute),,,
http://n2t.net/ark:/65665/sz8ff25e363-0a26-4561-be75-a847cd9cd182,NMAICulture_551,Bannock,,Bannock Shoshone ; Bannack,Language Family info:  Uto-Aztecan/Northern Uto-Aztecan/Numic/Western,North America - Great Basin - Paiute - Northern Paiute (Paviotso) - Bannock,North America,Great Basin,Paiute,Northern Paiute (Paviotso),Bannock,,
http://n2t.net/ark:/65665/sz8217bb0e2-4544-406a-b5fb-0b437e970eba,NMAICulture_2553,Northern Paiute (Paviotso) [Pyramid Lake],,,,North America - Great Basin - Paiute - Northern Paiute (Paviotso) - Northern Paiute (Paviotso) [Pyramid Lake],North America,Great Basin,Paiute,Northern Paiute (Paviotso),Northern Paiute (Paviotso) [Pyramid Lake],,
http://n2t.net/ark:/65665/sz82aa92025-8a23-4041-b78a-972891e2ad8f,NMAICulture_2551,Northern Paiute (Paviotso) [Walker River],,,,North America - Great Basin - Paiute - Northern Paiute (Paviotso) - Northern Paiute (Paviotso) [Walker River],North America,Great Basin,Paiute,Northern Paiute (Paviotso),Northern Paiute (Paviotso) [Walker River],,
http://n2t.net/ark:/65665/sz8b614e240-b81a-42ea-a577-2a5e140027ed,NMAICulture_1454,Northern Paiute (Paviotso) [Warm Springs Reservation],,,Language Family info:  Uto-Aztecan/Northern Uto-Aztecan/Numic/Southern,North America - Great Basin - Paiute - Northern Paiute (Paviotso) - Northern Paiute (Paviotso) [Warm Springs Reservation],North America,Great Basin,Paiute,Northern Paiute (Paviotso),Northern Paiute (Paviotso) [Warm Springs Reservation],,
http://n2t.net/ark:/65665/sz89c4d0e92-e24b-4ee2-8411-b88083799299,NMAICulture_381,Northern Paiute (Paviotso),,Numu,Language Family info:  Uto-Aztecan/Northern Uto-Aztecan/Numic/Western,North America - Great Basin - Paiute - Northern Paiute (Paviotso),North America,Great Basin,Paiute,Northern Paiute (Paviotso),,,
http://n2t.net/ark:/65665/sz82a8bc34d-37cc-451f-8e56-5be15eaf9e7d,NMAICulture_585,Chemehuevi,,Chemehueve; Chimehuevi; Chimehuevas,Language Family info:  Uto-Aztecan/Northern Uto-Aztecan/Numic/Southern,North America - Great Basin - Paiute - Nuwuvi (Southern Paiute) - Chemehuevi,North America,Great Basin,Paiute,Nuwuvi (Southern Paiute),Chemehuevi,,
http://n2t.net/ark:/65665/sz871f3f64c-fed8-4cef-b5cc-21c39034024c,NMAICulture_671,Kaibab Paiute,,Kaibob; Kaivavits,Language Family info:  Uto-Aztecan/Northern Uto-Aztecan/Numic/Southern,North America - Great Basin - Paiute - Nuwuvi (Southern Paiute) - Kaibab Paiute,North America,Great Basin,Paiute,Nuwuvi (Southern Paiute),Kaibab Paiute,,
http://n2t.net/ark:/65665/sz82084b194-eaef-4647-b20a-9ad30f4b8c00,NMAICulture_728,Moapa Paiute,,,Language Family info:  Uto-Aztecan/Northern Uto-Aztecan/Numic/Southern,North America - Great Basin - Paiute - Nuwuvi (Southern Paiute) - Moapa Paiute,North America,Great Basin,Paiute,Nuwuvi (Southern Paiute),Moapa Paiute,,
http://n2t.net/ark:/65665/sz82409879e-afb3-4b83-9ccc-92e428dce5ff,NMAICulture_760,Nuaguntits (Las Vegas Paiute),,,Language Family info:  Uto-Aztecan/Northern Uto-Aztecan/Numic/Southern,North America - Great Basin - Paiute - Nuwuvi (Southern Paiute) - Nuaguntits (Las Vegas Paiute),North America,Great Basin,Paiute,Nuwuvi (Southern Paiute),Nuaguntits (Las Vegas Paiute),,
http://n2t.net/ark:/65665/sz8d53fe1ed-fd38-4f7f-b1bc-8ddce48da1b4,NMAICulture_834,Shivwits Paiute,,,Language Family info:  Uto-Aztecan/Northern Uto-Aztecan/Numic/Southern,North America - Great Basin - Paiute - Nuwuvi (Southern Paiute) - Shivwits Paiute,North America,Great Basin,Paiute,Nuwuvi (Southern Paiute),Shivwits Paiute,,
http://n2t.net/ark:/65665/sz8d5ef857c-f5c6-450c-a3c6-e23577d510cc,NMAICulture_896,Uainuints Paiute,"Although Shivwitz and St. George communities are only about ten miles apart, they are considered distinct Southern Paiute subgroups.",U-ai nu-ints; St. George Paiute;Saint George Paiute,Language Family info:  Uto-Aztecan/Northern Uto-Aztecan/Numic/Southern,North America - Great Basin - Paiute - Nuwuvi (Southern Paiute) - Uainuints Paiute,North America,Great Basin,Paiute,Nuwuvi (Southern Paiute),Uainuints Paiute,,
http://n2t.net/ark:/65665/sz8a338cc5d-0fbb-44a9-942f-ceacebe80b46,NMAICulture_897,Uinkaret Paiute,,Uinkaretz,Language Family info:  Uto-Aztecan/Northern Uto-Aztecan/Numic/Southern,North America - Great Basin - Paiute - Nuwuvi (Southern Paiute) - Uinkaret Paiute,North America,Great Basin,Paiute,Nuwuvi (Southern Paiute),Uinkaret Paiute,,
http://n2t.net/ark:/65665/sz859e61e4c-0feb-4795-bc26-442e957b684f,NMAICulture_360,Nuwuvi (Southern Paiute),,,Language Family info:  Uto-Aztecan/Northern Uto-Aztecan/Numic/Southern,North America - Great Basin - Paiute - Nuwuvi (Southern Paiute),North America,Great Basin,Paiute,Nuwuvi (Southern Paiute),,,
http://n2t.net/ark:/65665/sz8088516b1-6fe1-43ae-afe6-18d13741c403,NMAICulture_509,Yahooskin Paiute (Snake Paiute),,,Language Family info:  Uto-Aztecan/Northern Uto-Aztecan/Numic/Western,North America - Great Basin - Paiute - Yahooskin Paiute (Snake Paiute),North America,Great Basin,Paiute,Yahooskin Paiute (Snake Paiute),,,
http://n2t.net/ark:/65665/sz8aaadbd1f-e8e4-4018-85ac-c7e1335c7110,NMAICulture_50,Paiute,"within MAI data, the pejorative term Digger was used only for the Paiute and not for other tribes such as Maidu",Digger; Diggers; Digger Indians; Pai Ute; Pai-ute; Piute; Pinte,Language Family info:  Uto-Aztecan/Northern Uto-Aztecan/Numic,North America - Great Basin - Paiute,North America,Great Basin,Paiute,,,,
http://n2t.net/ark:/65665/sz895ed2b89-3dd0-422b-bd63-65717c4174f4,NMAICulture_2664,Paleoindian Tradition (archaeological culture),,Paleo-Indian,,North America - Great Basin - Paleoindian Tradition (archaeological culture),North America,Great Basin,Paleoindian Tradition (archaeological culture),,,,
http://n2t.net/ark:/65665/sz8b35c2c90-31cc-4296-a55e-413be8fe6dc7,NMAICulture_922,Wind River Shoshone,,Washaki;Washakie Shoshone,,North America - Great Basin - Shoshone - Eastern Shoshone - Wind River Shoshone,North America,Great Basin,Shoshone,Eastern Shoshone,Wind River Shoshone,,
http://n2t.net/ark:/65665/sz8d0ea82a9-d54d-4aa2-88de-abc43ad365c3,NMAICulture_213,Eastern Shoshone,,,Language Family info:  Uto-Aztecan/Northern Uto-Aztecan/Numic/Central,North America - Great Basin - Shoshone - Eastern Shoshone,North America,Great Basin,Shoshone,Eastern Shoshone,,,
http://n2t.net/ark:/65665/sz81067d92c-ae9f-43fa-87b3-ced49fad6e0a,NMAICulture_1064,Lemhi Shoshone [Fort Hall],,,Language Family info:  Uto-Aztecan/Northern Uto-Aztecan/Numic/Central,North America - Great Basin - Shoshone - Northern Shoshone - Lemhi Shoshone - Lemhi Shoshone [Fort Hall],North America,Great Basin,Shoshone,Northern Shoshone,Lemhi Shoshone,Lemhi Shoshone [Fort Hall],
http://n2t.net/ark:/65665/sz8528372df-76c2-4054-b3ee-f48a8af33063,NMAICulture_698,Lemhi Shoshone,,,Language Family info:  Uto-Aztecan/Northern Uto-Aztecan/Numic/Central,North America - Great Basin - Shoshone - Northern Shoshone - Lemhi Shoshone,North America,Great Basin,Shoshone,Northern Shoshone,Lemhi Shoshone,,
http://n2t.net/ark:/65665/sz8da0f5b47-2b31-4aad-b9b2-cac19ea542ec,NMAICulture_356,Northern Shoshone,,,Language Family info:  Uto-Aztecan/Northern Uto-Aztecan/Numic/Central,North America - Great Basin - Shoshone - Northern Shoshone,North America,Great Basin,Shoshone,Northern Shoshone,,,
http://n2t.net/ark:/65665/sz85dbe5397-2828-48e6-ab6d-22e0542f29ba,NMAICulture_631,Gosiute,,Goshute,Language Family info:  Uto-Aztecan/Northern Uto-Aztecan/Numic/Central,North America - Great Basin - Shoshone - Western Shoshone - Gosiute,North America,Great Basin,Shoshone,Western Shoshone,Gosiute,,
http://n2t.net/ark:/65665/sz839051979-9003-4cb8-949e-c54e3b0d03e2,NMAICulture_686,Koso (Panamint) Shoshone,,Panamint Shoshone;Tümpisa Shoshoni;Koso;Coso;Koso Shoshone,Language Family info:  Uto-Aztecan/Northern Uto-Aztecan/Numic/Central,North America - Great Basin - Shoshone - Western Shoshone - Koso (Panamint) Shoshone,North America,Great Basin,Shoshone,Western Shoshone,Koso (Panamint) Shoshone,,
http://n2t.net/ark:/65665/sz82a23f693-e1a1-4f57-b190-6a3beab4c04e,NMAICulture_832,Sheep Eater Shoshone,,Tukuaduka ; Sheepeater,Language Family info:  Uto-Aztecan/Northern Uto-Aztecan/Numic/Central,North America - Great Basin - Shoshone - Western Shoshone - Sheep Eater Shoshone,North America,Great Basin,Shoshone,Western Shoshone,Sheep Eater Shoshone,,
http://n2t.net/ark:/65665/sz8dff2f919-abca-4887-bf96-a71b1f5182ab,NMAICulture_1463,Te-Moak Tribe of Western Shoshone Indians,,Temoak,Language Family info:  Uto-Aztecan/Northern Uto-Aztecan/Numic/Central,North America - Great Basin - Shoshone - Western Shoshone - Te-Moak Tribe of Western Shoshone Indians,North America,Great Basin,Shoshone,Western Shoshone,Te-Moak Tribe of Western Shoshone Indians,,
http://n2t.net/ark:/65665/sz8e6779ffa-8237-4271-b62a-66206391e67c,NMAICulture_497,Western Shoshone,,,Language Family info:  Uto-Aztecan/Northern Uto-Aztecan/Numic/Central,North America - Great Basin - Shoshone - Western Shoshone,North America,Great Basin,Shoshone,Western Shoshone,,,
http://n2t.net/ark:/65665/sz84d5e86d5-bfa4-4092-991f-88264e5e07a7,NMAICulture_51,Shoshone,,Shoshoni,Language Family info:  Uto-Aztecan/Northern Uto-Aztecan/Numic/Central,North America - Great Basin - Shoshone,North America,Great Basin,Shoshone,,,,
http://n2t.net/ark:/65665/sz8e3aba4e0-1916-40f3-998f-eb667abfdcd9,NMAICulture_632,Grand River Ute,,Parianuche,Language Family info:  Uto-Aztecan/Northern Uto-Aztecan/Numic/Southern,North America - Great Basin - Ute - Northern Ute - Grand River Ute,North America,Great Basin,Ute,Northern Ute,Grand River Ute,,
http://n2t.net/ark:/65665/sz8d48cda63-de4f-4816-a8e6-0e378f5c11a8,NMAICulture_2887,Tabeguache Ute,,,Language Family info:  Uto-Aztecan/Northern Uto-Aztecan/Numic/Southern,North America - Great Basin - Ute - Northern Ute - Tabeguache Ute,North America,Great Basin,Ute,Northern Ute,Tabeguache Ute,,
http://n2t.net/ark:/65665/sz86dfae5ae-03a8-4d8c-bcfb-c1627e46cdf1,NMAICulture_898,Uintah Ute,,Uinta,Language Family info:  Uto-Aztecan/Northern Uto-Aztecan/Numic/Southern,North America - Great Basin - Ute - Northern Ute - Uintah Ute,North America,Great Basin,Ute,Northern Ute,Uintah Ute,,
http://n2t.net/ark:/65665/sz84cf2bd9d-2744-43a8-a8f3-46cf3b3d6f47,NMAICulture_901,Uncompagre Ute,,Uncompaghua; Uncompahgre,Language Family info:  Uto-Aztecan/Northern Uto-Aztecan/Numic/Southern,North America - Great Basin - Ute - Northern Ute - Uncompagre Ute,North America,Great Basin,Ute,Northern Ute,Uncompagre Ute,,
http://n2t.net/ark:/65665/sz8e4a41896-5639-401c-ba27-752e87e6b083,NMAICulture_921,White River Ute (Yampa),,Yamparica,Language Family info:  Uto-Aztecan/Northern Uto-Aztecan/Numic/Southern,North America - Great Basin - Ute - Northern Ute - White River Ute (Yampa),North America,Great Basin,Ute,Northern Ute,White River Ute (Yampa),,
http://n2t.net/ark:/65665/sz8f3170493-8e8c-4731-9cdd-8a698635369d,NMAICulture_357,Northern Ute,,,Language Family info:  Uto-Aztecan/Northern Uto-Aztecan/Numic/Southern,North America - Great Basin - Ute - Northern Ute,North America,Great Basin,Ute,Northern Ute,,,
http://n2t.net/ark:/65665/sz89000a4ca-53dd-4dd4-986c-fe5ac67718ae,NMAICulture_568,Capote Ute,,,Language Family info:  Uto-Aztecan/Northern Uto-Aztecan/Numic/Southern,North America - Great Basin - Ute - Southern Ute - Capote Ute,North America,Great Basin,Ute,Southern Ute,Capote Ute,,
http://n2t.net/ark:/65665/sz8d502c936-47ef-4103-9ea7-a6fd1a7c1b02,NMAICulture_727,Moache Ute,,Muache,Language Family info:  Uto-Aztecan/Northern Uto-Aztecan/Numic/Southern,North America - Great Basin - Ute - Southern Ute - Moache Ute,North America,Great Basin,Ute,Southern Ute,Moache Ute,,
http://n2t.net/ark:/65665/sz8887ab42a-579b-4e39-a5eb-5bdf7cbb1c24,NMAICulture_790,Pine River Ute,"Questionable term: this may White River,  a known band.  The Southern Ute Tribe  (Mouache and Capote bands) are at Ignacio, which is on the Pine River",,Language Family info:  Uto-Aztecan/Northern Uto-Aztecan/Numic/Southern,North America - Great Basin - Ute - Southern Ute - Pine River Ute,North America,Great Basin,Ute,Southern Ute,Pine River Ute,,
http://n2t.net/ark:/65665/sz8508e7f44-7565-443c-84c5-c0aa67b54e7e,NMAICulture_1181,Ute Mountain Ute Tribe,,,Language Family info:  Uto-Aztecan/Northern Uto-Aztecan/Numic/Southern,North America - Great Basin - Ute - Southern Ute - Weminuche Ute - Ute Mountain Ute Tribe,North America,Great Basin,Ute,Southern Ute,Weminuche Ute,Ute Mountain Ute Tribe,
http://n2t.net/ark:/65665/sz8fcd22d7b-c440-4ede-b461-ba2ac52080f1,NMAICulture_912,Weminuche Ute,,Wiminuche; Mountain Ute; Weeminuche,Language Family info:  Uto-Aztecan/Northern Uto-Aztecan/Numic/Southern,North America - Great Basin - Ute - Southern Ute - Weminuche Ute,North America,Great Basin,Ute,Southern Ute,Weminuche Ute,,
http://n2t.net/ark:/65665/sz8810b3cd5-9f83-4f23-b6de-54a6a08a1b34,NMAICulture_434,Southern Ute,,,Language Family info:  Uto-Aztecan/Northern Uto-Aztecan/Numic/Southern,North America - Great Basin - Ute - Southern Ute,North America,Great Basin,Ute,Southern Ute,,,
http://n2t.net/ark:/65665/sz83b09d6ec-ac20-4893-9180-8df280687d00,NMAICulture_52,Ute,,,Language Family info:  Uto-Aztecan/Northern Uto-Aztecan/Numic/Southern,North America - Great Basin - Ute,North America,Great Basin,Ute,,,,
http://n2t.net/ark:/65665/sz85476b42a-8940-4f51-8720-4890eec53010,NMAICulture_53,Washoe (Washo),,,Language Family info:  Hokan/Washo,North America - Great Basin - Washoe (Washo),North America,Great Basin,Washoe (Washo),,,,
http://n2t.net/ark:/65665/sz8f7eb0164-af9a-4020-9706-23fa4faaa5df,NMAICulture_3323,Western Archaic,,,,North America - Great Basin - Western Archaic,North America,Great Basin,Western Archaic,,,,
http://n2t.net/ark:/65665/sz8654aa22f-cc56-4155-92c2-8a4553f87e92,NMAICulture_15,Great Basin,,Great Basin Indians,,North America - Great Basin,North America,Great Basin,,,,,
http://n2t.net/ark:/65665/sz81928d394-b1ed-4d47-873a-dae69b212426,NMAICulture_990,Haisla [Kitamaat],,Kit-a-mat; Kitimat ; Kitamat,Language Family info:  Northern Wakashan,North America - Northwest Coast - Central Northwest Coast - Heiltsuk (Bella Bella) - Haisla - Haisla [Kitamaat],North America,Northwest Coast,Central Northwest Coast,Heiltsuk (Bella Bella),Haisla,Haisla [Kitamaat],
http://n2t.net/ark:/65665/sz8421cd867-c826-4093-b2ce-9e129730620e,NMAICulture_991,Haisla [Kitlope],,Kitloop,Language Family info:  Northern Wakashan,North America - Northwest Coast - Central Northwest Coast - Heiltsuk (Bella Bella) - Haisla - Haisla [Kitlope],North America,Northwest Coast,Central Northwest Coast,Heiltsuk (Bella Bella),Haisla,Haisla [Kitlope],
http://n2t.net/ark:/65665/sz86c0fc202-de83-4d3d-80ae-51ea920a4be9,NMAICulture_639,Haisla,,,Language Family info:  Northern Wakashan,North America - Northwest Coast - Central Northwest Coast - Heiltsuk (Bella Bella) - Haisla,North America,Northwest Coast,Central Northwest Coast,Heiltsuk (Bella Bella),Haisla,,
http://n2t.net/ark:/65665/sz82678225c-34e6-4afe-9ad5-30ccb42a26f2,NMAICulture_638,Xai'xais (Haihais/China Hat),,,Language Family info:  Northern Wakashan,North America - Northwest Coast - Central Northwest Coast - Heiltsuk (Bella Bella) - Xai'xais (Haihais/China Hat),North America,Northwest Coast,Central Northwest Coast,Heiltsuk (Bella Bella),Xai'xais (Haihais/China Hat),,
http://n2t.net/ark:/65665/sz8e24ffe21-97ab-470b-8c9c-fab32504b476,NMAICulture_234,Heiltsuk (Bella Bella),,Bellabella; Bella-Bella,Language Family info:  Northern Wakashan,North America - Northwest Coast - Central Northwest Coast - Heiltsuk (Bella Bella),North America,Northwest Coast,Central Northwest Coast,Heiltsuk (Bella Bella),,,
http://n2t.net/ark:/65665/sz852ddfa14-22e2-4bd8-ac59-9c7b5f89bd88,NMAICulture_2902,Dzawada'enuxw Kwakwaka'wakw (Kwakiutl),,,Language Family info:  Northern Wakashan,North America - Northwest Coast - Central Northwest Coast - Kwakwaka'wakw (Kwakiutl) - Dzawada'enuxw Kwakwaka'wakw (Kwakiutl),North America,Northwest Coast,Central Northwest Coast,Kwakwaka'wakw (Kwakiutl),Dzawada'enuxw Kwakwaka'wakw (Kwakiutl),,
http://n2t.net/ark:/65665/sz8aebddd31-230e-4b85-9d67-7293f895bf00,NMAICulture_938,Gwa'Sala-Nakwaxda'xw,,Gwasilla ; Tsulquate ; Gwa'Sala-Nakwadaxw,Language Family info:  Northern Wakashan,North America - Northwest Coast - Central Northwest Coast - Kwakwaka'wakw (Kwakiutl) - Gwa'sala Kwakwaka'wakw (Goasila) - Gwa'Sala-Nakwaxda'xw,North America,Northwest Coast,Central Northwest Coast,Kwakwaka'wakw (Kwakiutl),Gwa'sala Kwakwaka'wakw (Goasila),Gwa'Sala-Nakwaxda'xw,
http://n2t.net/ark:/65665/sz8b80c465f-b31b-46b6-b0de-873a09bf8294,NMAICulture_635,Gwa'sala Kwakwaka'wakw (Goasila),,,,North America - Northwest Coast - Central Northwest Coast - Kwakwaka'wakw (Kwakiutl) - Gwa'sala Kwakwaka'wakw (Goasila),North America,Northwest Coast,Central Northwest Coast,Kwakwaka'wakw (Kwakiutl),Gwa'sala Kwakwaka'wakw (Goasila),,
http://n2t.net/ark:/65665/sz83366f5b7-1300-45db-b9fc-33f3c9d3c479,NMAICulture_636,Gwawa'enux Kwakwaka'wakw (Gosqeunox/Guauaenok),,Gwawaenuk; Qoexsoteunox,Language Family info:  Northern Wakashan,North America - Northwest Coast - Central Northwest Coast - Kwakwaka'wakw (Kwakiutl) - Gwawa'enux Kwakwaka'wakw (Gosqeunox/Guauaenok),North America,Northwest Coast,Central Northwest Coast,Kwakwaka'wakw (Kwakiutl),Gwawa'enux Kwakwaka'wakw (Gosqeunox/Guauaenok),,
http://n2t.net/ark:/65665/sz847f05126-f05a-42e0-86f8-420c1c468021,NMAICulture_1690,Klaskino Kwakwaka'wakw,,,Language Family info:  Northern Wakashan,North America - Northwest Coast - Central Northwest Coast - Kwakwaka'wakw (Kwakiutl) - Klaskino Kwakwaka'wakw,North America,Northwest Coast,Central Northwest Coast,Kwakwaka'wakw (Kwakiutl),Klaskino Kwakwaka'wakw,,
http://n2t.net/ark:/65665/sz8606a48fe-73be-45e8-a22e-2fd7cffd2408,NMAICulture_1691,Koskimo Kwakwaka'wakw,,Gusgimukw,Language Family info:  Northern Wakashan,North America - Northwest Coast - Central Northwest Coast - Kwakwaka'wakw (Kwakiutl) - Koskimo Kwakwaka'wakw,North America,Northwest Coast,Central Northwest Coast,Kwakwaka'wakw (Kwakiutl),Koskimo Kwakwaka'wakw,,
http://n2t.net/ark:/65665/sz8dc2b510c-c7c0-4f4a-b39f-ca06c90ae23e,NMAICulture_2599,Mamalilikulla Kwakwaka'wakw (Kwakiutl),,Mamalilikala,Language Family info:  Northern Wakashan,North America - Northwest Coast - Central Northwest Coast - Kwakwaka'wakw (Kwakiutl) - Mamalilikulla Kwakwaka'wakw (Kwakiutl),North America,Northwest Coast,Central Northwest Coast,Kwakwaka'wakw (Kwakiutl),Mamalilikulla Kwakwaka'wakw (Kwakiutl),,
http://n2t.net/ark:/65665/sz834e0cac8-d0ac-4d8e-ab14-0cf65b9fd79f,NMAICulture_740,Namgis Kwakwaka'wakw (Nemquic),,Nimpkish;Nimkish,Language Family info:  Northern Wakashan,North America - Northwest Coast - Central Northwest Coast - Kwakwaka'wakw (Kwakiutl) - Namgis Kwakwaka'wakw (Nemquic),North America,Northwest Coast,Central Northwest Coast,Kwakwaka'wakw (Kwakiutl),Namgis Kwakwaka'wakw (Nemquic),,
http://n2t.net/ark:/65665/sz8570806f3-3c39-4830-ab65-ccef07e8340f,NMAICulture_1692,Quatsino Kwakwaka'wakw,,Gwatsinuxw,Language Family info:  Northern Wakashan,North America - Northwest Coast - Central Northwest Coast - Kwakwaka'wakw (Kwakiutl) - Quatsino Kwakwaka'wakw,North America,Northwest Coast,Central Northwest Coast,Kwakwaka'wakw (Kwakiutl),Quatsino Kwakwaka'wakw,,
http://n2t.net/ark:/65665/sz81f645756-3fb1-419b-a2fc-fc8b304b1b2c,NMAICulture_883,Tlatlasikwala (Lalasiqoala/Nawiti) Kwakwaka'wakw,,Nuwiti;Nuwitti;Tlatlasikoala; Nahwitti,Language Family info:  Northern Wakashan,North America - Northwest Coast - Central Northwest Coast - Kwakwaka'wakw (Kwakiutl) - Tlatlasikwala (Lalasiqoala/Nawiti) Kwakwaka'wakw,North America,Northwest Coast,Central Northwest Coast,Kwakwaka'wakw (Kwakiutl),Tlatlasikwala (Lalasiqoala/Nawiti) Kwakwaka'wakw,,
http://n2t.net/ark:/65665/sz85b93f7f0-21aa-42df-8c57-2f9dac97ec22,NMAICulture_289,Kwakwaka'wakw (Kwakiutl),,Kwago ; Kwagol ; Kwagot ; Kwak'wala,Language Family info:  Northern Wakashan,North America - Northwest Coast - Central Northwest Coast - Kwakwaka'wakw (Kwakiutl),North America,Northwest Coast,Central Northwest Coast,Kwakwaka'wakw (Kwakiutl),,,
http://n2t.net/ark:/65665/sz8e1d3ffd9-148f-49a9-b77c-c1321d674031,NMAICulture_2746,Late Northwest Coast Tradition (archaeological culture),,,,North America - Northwest Coast - Central Northwest Coast - Northwest Coast Tradition (archaeological culture) - Late Northwest Coast Tradition (archaeological culture),North America,Northwest Coast,Central Northwest Coast,Northwest Coast Tradition (archaeological culture),Late Northwest Coast Tradition (archaeological culture),,
http://n2t.net/ark:/65665/sz89abbac61-625a-4f30-8d06-ea8e4a294154,NMAICulture_2783,Middle Northwest Coast Tradition (archaeological culture),,,,North America - Northwest Coast - Central Northwest Coast - Northwest Coast Tradition (archaeological culture) - Middle Northwest Coast Tradition (archaeological culture),North America,Northwest Coast,Central Northwest Coast,Northwest Coast Tradition (archaeological culture),Middle Northwest Coast Tradition (archaeological culture),,
http://n2t.net/ark:/65665/sz855282911-09ec-4f1e-b68d-6e4d1bebaa78,NMAICulture_2745,Northwest Coast Tradition (archaeological culture),,,,North America - Northwest Coast - Central Northwest Coast - Northwest Coast Tradition (archaeological culture),North America,Northwest Coast,Central Northwest Coast,Northwest Coast Tradition (archaeological culture),,,
http://n2t.net/ark:/65665/sz8ad5f60ba-7d16-4a39-89fe-bae9cd1c0090,NMAICulture_361,Nuxalk (Bellacoola),,Bella Coola; Bella-Coola,Language Family info:  Salishan/Bella Coola,North America - Northwest Coast - Central Northwest Coast - Nuxalk (Bellacoola),North America,Northwest Coast,Central Northwest Coast,Nuxalk (Bellacoola),,,
http://n2t.net/ark:/65665/sz8238e9d3b-48c3-4e6f-a6da-3fa4f8c4c546,NMAICulture_1684,Wuikinuxv (Oweekeno),,Awikenox; Awikenok; Oowekyala; Ooweekeeno; Southern Heiltsuk ; Oowekeeno ; Wikeno,Language Family info:  Northern Wakashan,North America - Northwest Coast - Central Northwest Coast - Wuikinuxv (Oweekeno),North America,Northwest Coast,Central Northwest Coast,Wuikinuxv (Oweekeno),,,
http://n2t.net/ark:/65665/sz8cc8e09a2-0082-44c1-a552-1e59aee2bca7,NMAICulture_54,Central Northwest Coast,,,,North America - Northwest Coast - Central Northwest Coast,North America,Northwest Coast,Central Northwest Coast,,,,
http://n2t.net/ark:/65665/sz84d3f1aa2-76f1-495b-988e-b21f9b29c573,NMAICulture_971,Coast Salish [Chilliwack],,,Language Family info:  Salishan/Central Salish/Halkomelem,North America - Northwest Coast - Coast Salish - Central Coast Salish - Cowichan - Coast Salish [Chilliwack],North America,Northwest Coast,Coast Salish,Central Coast Salish,Cowichan,Coast Salish [Chilliwack],
http://n2t.net/ark:/65665/sz826fcb27c-53f6-4c79-a9ac-131217282d89,NMAICulture_973,Cowichan [Kenipsim],,,Language Family info:  Salishan/Central Salish/Halkomelem,North America - Northwest Coast - Coast Salish - Central Coast Salish - Cowichan - Cowichan [Kenipsim],North America,Northwest Coast,Coast Salish,Central Coast Salish,Cowichan,Cowichan [Kenipsim],
http://n2t.net/ark:/65665/sz804d14180-4028-4ced-9ac0-ec7a56d42c6b,NMAICulture_974,Cowichan [Quamichan],a village on Vancouver Island,Quemichan,Language Family info:  Salishan/Central Salish/Halkomelem,North America - Northwest Coast - Coast Salish - Central Coast Salish - Cowichan - Cowichan [Quamichan],North America,Northwest Coast,Coast Salish,Central Coast Salish,Cowichan,Cowichan [Quamichan],
http://n2t.net/ark:/65665/sz8fb765758-b3e9-423e-b07e-925511abb637,NMAICulture_1049,Koksilah (Koksila),,,Language Family info:  Salishan/Central Salish/Halkomelem,North America - Northwest Coast - Coast Salish - Central Coast Salish - Cowichan - Koksilah (Koksila),North America,Northwest Coast,Coast Salish,Central Coast Salish,Cowichan,Koksilah (Koksila),
http://n2t.net/ark:/65665/sz80d5f39bd-eadc-4d3e-9af6-aed4dfca88f6,NMAICulture_1100,Musqueam,,,Language Family info:  Salishan/Central Salish/Halkomelem,North America - Northwest Coast - Coast Salish - Central Coast Salish - Cowichan - Musqueam,North America,Northwest Coast,Coast Salish,Central Coast Salish,Cowichan,Musqueam,
http://n2t.net/ark:/65665/sz873acdf56-5d26-487e-a826-3fab8287ecc2,NMAICulture_610,Cowichan,,,Language Family info:  Salishan/Central Salish/Halkomelem,North America - Northwest Coast - Coast Salish - Central Coast Salish - Cowichan,North America,Northwest Coast,Coast Salish,Central Coast Salish,Cowichan,,
http://n2t.net/ark:/65665/sz80d8d61ed-ca20-4169-a8ca-9e0ce5a942b0,NMAICulture_985,Esquimalt,,,Language Family info:  Salishan/Central Salish/Straits,North America - Northwest Coast - Coast Salish - Central Coast Salish - Lekwungen (Songhees) - Esquimalt,North America,Northwest Coast,Coast Salish,Central Coast Salish,Lekwungen (Songhees),Esquimalt,
http://n2t.net/ark:/65665/sz8c80142cd-a204-48da-b52b-aa9f3bf632ec,NMAICulture_847,Lekwungen (Songhees),,Songish; Songhee; Soughees ; Songees,Language Family info:  Salishan/Central Salish/Straits,North America - Northwest Coast - Coast Salish - Central Coast Salish - Lekwungen (Songhees),North America,Northwest Coast,Coast Salish,Central Coast Salish,Lekwungen (Songhees),,
http://n2t.net/ark:/65665/sz8bfc862cf-e578-4a8f-97b7-870b2ef637ca,NMAICulture_708,Lummi,,,Language Family info:  Salishan/Central Salish/Straits,North America - Northwest Coast - Coast Salish - Central Coast Salish - Lummi,North America,Northwest Coast,Coast Salish,Central Coast Salish,Lummi,,
http://n2t.net/ark:/65665/sz8faa37a27-f1ec-470f-ba4b-57169c920db7,NMAICulture_1065,Malahat,,,Language Family info:  Salishan/Central Salish/Straits,North America - Northwest Coast - Coast Salish - Central Coast Salish - Saanich - Malahat,North America,Northwest Coast,Coast Salish,Central Coast Salish,Saanich,Malahat,
http://n2t.net/ark:/65665/sz813f0ff11-ca13-48ab-8cbd-9ae7a231e8be,NMAICulture_1177,Tsawout,,,Language Family info:  Salishan/Central Salish/Straits,North America - Northwest Coast - Coast Salish - Central Coast Salish - Saanich - Tsawout,North America,Northwest Coast,Coast Salish,Central Coast Salish,Saanich,Tsawout,
http://n2t.net/ark:/65665/sz82355c9b9-9713-4f9a-9081-2701e4e315b3,NMAICulture_808,Saanich,,Sanitch; Sanetch,Language Family info:  Salishan/Central Salish/Straits,North America - Northwest Coast - Coast Salish - Central Coast Salish - Saanich,North America,Northwest Coast,Coast Salish,Central Coast Salish,Saanich,,
http://n2t.net/ark:/65665/sz85f23166c-93e5-46a2-b5c3-1dd6b116ca64,NMAICulture_810,Samish,,,Language Family info:  Salishan/Central Salish/Straits,North America - Northwest Coast - Coast Salish - Central Coast Salish - Samish,North America,Northwest Coast,Coast Salish,Central Coast Salish,Samish,,
http://n2t.net/ark:/65665/sz8e800c993-5c73-4c4a-a37e-28f6391d80dd,NMAICulture_811,Sammamish (Samamish),,,Language Family info:  Salishan/Central Salish/Straits,North America - Northwest Coast - Coast Salish - Central Coast Salish - Sammamish (Samamish),North America,Northwest Coast,Coast Salish,Central Coast Salish,Sammamish (Samamish),,
http://n2t.net/ark:/65665/sz886dfe047-c949-44dc-b0c3-4fbb351a8b61,NMAICulture_1146,S'Klallam (Klallam) [Scia'new/Beecher Bay],,Becher Bay,Language Family info:  Salishan/Central Salish/Straits,North America - Northwest Coast - Coast Salish - Central Coast Salish - S'Klallam (Klallam) - S'Klallam (Klallam) [Scia'new/Beecher Bay],North America,Northwest Coast,Coast Salish,Central Coast Salish,S'Klallam (Klallam),S'Klallam (Klallam) [Scia'new/Beecher Bay],
http://n2t.net/ark:/65665/sz87f6a4c5d-abd4-4110-8209-5359bd570788,NMAICulture_843,S'Klallam (Klallam),,Clallam,Language Family info:  Salishan/Central Salish/Straits,North America - Northwest Coast - Coast Salish - Central Coast Salish - S'Klallam (Klallam),North America,Northwest Coast,Coast Salish,Central Coast Salish,S'Klallam (Klallam),,
http://n2t.net/ark:/65665/sz8b9f35ed4-f3b1-4f19-9675-9bcd80975a68,NMAICulture_846,Snuneymuxw (Nanaimo),,,Language Family info:  Salishan/Central Salish/Halkomelem,North America - Northwest Coast - Coast Salish - Central Coast Salish - Snuneymuxw (Nanaimo),North America,Northwest Coast,Coast Salish,Central Coast Salish,Snuneymuxw (Nanaimo),,
http://n2t.net/ark:/65665/sz8bb0d9c9a-a903-4efc-8fd6-6435a8b37258,NMAICulture_853,Squamish,,Squawmish,Language Family info:  Salishan/Central Salish/Squamish,North America - Northwest Coast - Coast Salish - Central Coast Salish - Squamish,North America,Northwest Coast,Coast Salish,Central Coast Salish,Squamish,,
http://n2t.net/ark:/65665/sz8bf752c3d-9fbb-4ba2-9a68-33edb47f2bc8,NMAICulture_162,Central Coast Salish,,,,North America - Northwest Coast - Coast Salish - Central Coast Salish,North America,Northwest Coast,Coast Salish,Central Coast Salish,,,
http://n2t.net/ark:/65665/sz8a5d35104-2245-42cf-ae43-5a950acae988,NMAICulture_1148,Sliammon,,,Language Family info:  Salishan/Central Salish/Northern,North America - Northwest Coast - Coast Salish - Northern Coast Salish - K'omoks (Comox) - Sliammon,North America,Northwest Coast,Coast Salish,Northern Coast Salish,K'omoks (Comox),Sliammon,
http://n2t.net/ark:/65665/sz864be5c7d-33bf-4883-bc80-8c789528b696,NMAICulture_683,K'omoks (Comox),,,Language Family info:  Salishan/Central Salish/Northern,North America - Northwest Coast - Coast Salish - Northern Coast Salish - K'omoks (Comox),North America,Northwest Coast,Coast Salish,Northern Coast Salish,K'omoks (Comox),,
http://n2t.net/ark:/65665/sz8182273f1-d1aa-4b33-bec9-684645baa211,NMAICulture_828,Shishalh Salish (Sechelt),,Seechelt ; Shishalh ; Seshelt,Language Family info:  Salishan/Central Salish/Northern,North America - Northwest Coast - Coast Salish - Northern Coast Salish - Shishalh Salish (Sechelt),North America,Northwest Coast,Coast Salish,Northern Coast Salish,Shishalh Salish (Sechelt),,
http://n2t.net/ark:/65665/sz8089df881-349d-4c60-878d-95a4b7b5f754,NMAICulture_355,Northern Coast Salish,,,,North America - Northwest Coast - Coast Salish - Northern Coast Salish,North America,Northwest Coast,Coast Salish,Northern Coast Salish,,,
http://n2t.net/ark:/65665/sz88241fc66-2b57-45da-a32a-16f02484a291,NMAICulture_620,Duwamish (Dwamish),,,Language Family info:  Salishan/Central Salish/Twana,North America - Northwest Coast - Coast Salish - Southern Coast Salish - Duwamish (Dwamish),North America,Northwest Coast,Coast Salish,Southern Coast Salish,Duwamish (Dwamish),,
http://n2t.net/ark:/65665/sz87372e87f-07ea-493d-8b54-edb333585542,NMAICulture_3166,Muckleshoot,,,,North America - Northwest Coast - Coast Salish - Southern Coast Salish - Muckleshoot,North America,Northwest Coast,Coast Salish,Southern Coast Salish,Muckleshoot,,
http://n2t.net/ark:/65665/sz804a6b4fc-9aad-488c-b344-4562a1848a4f,NMAICulture_751,Nisqually,,Nisqualli,Language Family info:  Salishan/Central Salish/Twana,North America - Northwest Coast - Coast Salish - Southern Coast Salish - Nisqually,North America,Northwest Coast,Coast Salish,Southern Coast Salish,Nisqually,,
http://n2t.net/ark:/65665/sz8b9b7c4b2-9ed7-423a-9087-09cf223c7dec,NMAICulture_800,Puget Sound Salish,,,Language Family info:  Salishan/Central Salish/Twana,North America - Northwest Coast - Coast Salish - Southern Coast Salish - Puget Sound Salish,North America,Northwest Coast,Coast Salish,Southern Coast Salish,Puget Sound Salish,,
http://n2t.net/ark:/65665/sz88525c273-50eb-4b26-9aad-8ae131c8ae99,NMAICulture_801,Puyallup,,,Language Family info:  Salishan/Central Salish/Twana,North America - Northwest Coast - Coast Salish - Southern Coast Salish - Puyallup,North America,Northwest Coast,Coast Salish,Southern Coast Salish,Puyallup,,
http://n2t.net/ark:/65665/sz866f03e4a-c739-49f5-b281-4a12cf712b18,NMAICulture_1149,Snohomish [Tulalip Reservation],,,Language Family info:  Salishan/Central Salish/Twana,North America - Northwest Coast - Coast Salish - Southern Coast Salish - Snohomish - Snohomish [Tulalip Reservation],North America,Northwest Coast,Coast Salish,Southern Coast Salish,Snohomish,Snohomish [Tulalip Reservation],
http://n2t.net/ark:/65665/sz83a661f77-4692-46fa-b0a3-b442a17ff6a4,NMAICulture_844,Snohomish,,Snohonish,Language Family info:  Salishan/Central Salish/Twana,North America - Northwest Coast - Coast Salish - Southern Coast Salish - Snohomish,North America,Northwest Coast,Coast Salish,Southern Coast Salish,Snohomish,,
http://n2t.net/ark:/65665/sz84bc33941-b4c3-4dd2-885b-8973af601fae,NMAICulture_1150,Snoqualmie [Tulalip Reservation],,,Language Family info:  Salishan/Central Salish/Twana,North America - Northwest Coast - Coast Salish - Southern Coast Salish - Snoqualmie - Snoqualmie [Tulalip Reservation],North America,Northwest Coast,Coast Salish,Southern Coast Salish,Snoqualmie,Snoqualmie [Tulalip Reservation],
http://n2t.net/ark:/65665/sz835b461c8-6b22-411b-830b-8f4df4eb48a7,NMAICulture_845,Snoqualmie,,Snoqualmu; Snoquamish,Language Family info:  Salishan/Central Salish/Twana,North America - Northwest Coast - Coast Salish - Southern Coast Salish - Snoqualmie,North America,Northwest Coast,Coast Salish,Southern Coast Salish,Snoqualmie,,
http://n2t.net/ark:/65665/sz8e032f435-5c09-4ad2-8438-c6921a84c876,NMAICulture_854,Squaxon,,Squaxin; Skwawksnamish,Language Family info:  Salishan/Central Salish/Twana,North America - Northwest Coast - Coast Salish - Southern Coast Salish - Squaxon,North America,Northwest Coast,Coast Salish,Southern Coast Salish,Squaxon,,
http://n2t.net/ark:/65665/sz8356ef0c7-e7cb-4004-832a-bc81cf41a729,NMAICulture_857,Suquamish,,,Language Family info:  Salishan/Central Salish/Twana,North America - Northwest Coast - Coast Salish - Southern Coast Salish - Suquamish,North America,Northwest Coast,Coast Salish,Southern Coast Salish,Suquamish,,
http://n2t.net/ark:/65665/sz816d254ef-8d14-4bb7-ac6e-7ec8ad14292e,NMAICulture_858,Swinomish,,,,North America - Northwest Coast - Coast Salish - Southern Coast Salish - Swinomish,North America,Northwest Coast,Coast Salish,Southern Coast Salish,Swinomish,,
http://n2t.net/ark:/65665/sz8a259d926-a4ac-40aa-bae5-0a1e3214695c,NMAICulture_1178,Tulalip [Tulalip Reservation],,,Language Family info:  Salishan/Central Salish/Twana,North America - Northwest Coast - Coast Salish - Southern Coast Salish - Tulalip - Tulalip [Tulalip Reservation],North America,Northwest Coast,Coast Salish,Southern Coast Salish,Tulalip,Tulalip [Tulalip Reservation],
http://n2t.net/ark:/65665/sz8095b2e21-9260-45af-aca0-762a97c1ff6b,NMAICulture_890,Tulalip,,,Language Family info:  Salishan/Central Salish/Twana,North America - Northwest Coast - Coast Salish - Southern Coast Salish - Tulalip,North America,Northwest Coast,Coast Salish,Southern Coast Salish,Tulalip,,
http://n2t.net/ark:/65665/sz876c75213-ca68-454c-a783-0d2b5d7b3df1,NMAICulture_1147,Skokomish,,,Language Family info:  Salishan/Central Salish/Twana,North America - Northwest Coast - Coast Salish - Southern Coast Salish - Twana - Skokomish,North America,Northwest Coast,Coast Salish,Southern Coast Salish,Twana,Skokomish,
http://n2t.net/ark:/65665/sz8040755a6-e8d0-441a-8128-4182b759a1c6,NMAICulture_895,Twana,,,Language Family info:  Salishan/Central Salish/Twana,North America - Northwest Coast - Coast Salish - Southern Coast Salish - Twana,North America,Northwest Coast,Coast Salish,Southern Coast Salish,Twana,,
http://n2t.net/ark:/65665/sz8815f38ad-9689-40a6-bd1d-4e4bf6dc4327,NMAICulture_433,Southern Coast Salish,,,,North America - Northwest Coast - Coast Salish - Southern Coast Salish,North America,Northwest Coast,Coast Salish,Southern Coast Salish,,,
http://n2t.net/ark:/65665/sz8c1a109df-38bb-402f-ba2d-c3239124fc9d,NMAICulture_584,Chehalis,,,Language Family info:  Salishan/Tsamosan/Inland,North America - Northwest Coast - Coast Salish - Southwestern Coast Salish - Chehalis,North America,Northwest Coast,Coast Salish,Southwestern Coast Salish,Chehalis,,
http://n2t.net/ark:/65665/sz8495286f0-0afb-4d65-82da-9194566dd03f,NMAICulture_611,Cowlitz,,,Language Family info:  Salishan/Tsamosan/Inland,North America - Northwest Coast - Coast Salish - Southwestern Coast Salish - Cowlitz,North America,Northwest Coast,Coast Salish,Southwestern Coast Salish,Cowlitz,,
http://n2t.net/ark:/65665/sz893e4f84d-e44b-4e1e-9fb8-0e6dd0c50f5f,NMAICulture_1130,Queets,,,Language Family info:  Salishan/Tsamosan/Inland,North America - Northwest Coast - Coast Salish - Southwestern Coast Salish - Quinault - Queets,North America,Northwest Coast,Coast Salish,Southwestern Coast Salish,Quinault,Queets,
http://n2t.net/ark:/65665/sz8df984b63-e654-46a0-901c-bd2f3e47d56b,NMAICulture_804,Quinault,,Quinaielt ; Quineault ; Quiniaelt ; Quinnault ; Quinalt,Language Family info:  Salishan/Tsamosan/Inland,North America - Northwest Coast - Coast Salish - Southwestern Coast Salish - Quinault,North America,Northwest Coast,Coast Salish,Southwestern Coast Salish,Quinault,,
http://n2t.net/ark:/65665/sz8a049cdd2-abae-4eef-9e66-8d359ecf9220,NMAICulture_435,Southwestern Coast Salish,,,,North America - Northwest Coast - Coast Salish - Southwestern Coast Salish,North America,Northwest Coast,Coast Salish,Southwestern Coast Salish,,,
http://n2t.net/ark:/65665/sz86543f7a8-e728-44d5-9fd7-d832e07d7301,NMAICulture_55,Coast Salish,,,Language Family info:  Salishan,North America - Northwest Coast - Coast Salish,North America,Northwest Coast,Coast Salish,,,,
http://n2t.net/ark:/65665/sz8a6b5b5ea-313a-4a51-9de4-44df5f4fd4fe,NMAICulture_220,Eyak,,,Language Family info:  Na-Dene/Nuclear Na-Dene/Athapaskan-Eyak,North America - Northwest Coast - Northern Northwest Coast - Eyak,North America,Northwest Coast,Northern Northwest Coast,Eyak,,,
http://n2t.net/ark:/65665/sz8d28215a2-86e5-4f56-95c8-128007a23497,NMAICulture_1736,Haida [Haena],,,Language Family info:  Na-Dene/Haida,North America - Northwest Coast - Northern Northwest Coast - Haida - Haida [Haena],North America,Northwest Coast,Northern Northwest Coast,Haida,Haida [Haena],,
http://n2t.net/ark:/65665/sz8de24dec8-6568-40ae-bfa8-28d9223af6af,NMAICulture_1737,Haida [Kasaan],,Kasan,Language Family info:  Na-Dene/Haida,North America - Northwest Coast - Northern Northwest Coast - Haida - Haida [Kasaan],North America,Northwest Coast,Northern Northwest Coast,Haida,Haida [Kasaan],,
http://n2t.net/ark:/65665/sz8f476dd9e-3e39-486c-8907-e7badebac680,NMAICulture_1735,Haida [Masset],,,Language Family info:  Na-Dene/Haida,North America - Northwest Coast - Northern Northwest Coast - Haida - Haida [Masset],North America,Northwest Coast,Northern Northwest Coast,Haida,Haida [Masset],,
http://n2t.net/ark:/65665/sz818ada3f6-8c4c-4129-8b37-04de8f2b7157,NMAICulture_1738,Haida [Skidegate],,Skidegat,Language Family info:  Na-Dene/Haida,North America - Northwest Coast - Northern Northwest Coast - Haida - Haida [Skidegate],North America,Northwest Coast,Northern Northwest Coast,Haida,Haida [Skidegate],,
http://n2t.net/ark:/65665/sz821378fac-c2ab-4f78-9c13-f8967e81d136,NMAICulture_1038,Kaigani Haida [Klinkwan],,Thlinquan ; Thlinqwan ; Thlingwan,Language Family info:  Na-Dene/Haida,North America - Northwest Coast - Northern Northwest Coast - Haida - Kaigani Haida - Kaigani Haida [Klinkwan],North America,Northwest Coast,Northern Northwest Coast,Haida,Kaigani Haida,Kaigani Haida [Klinkwan],
http://n2t.net/ark:/65665/sz8ef2edf0b-5bae-4bc6-a4ff-d7b203f4af6f,NMAICulture_672,Kaigani Haida,,,Language Family info:  Na-Dene/Haida,North America - Northwest Coast - Northern Northwest Coast - Haida - Kaigani Haida,North America,Northwest Coast,Northern Northwest Coast,Haida,Kaigani Haida,,
http://n2t.net/ark:/65665/sz853276a76-9a5f-4c4c-abcc-3b71c1a32c93,NMAICulture_232,Haida,,,Language Family info:  Na-Dene/Haida,North America - Northwest Coast - Northern Northwest Coast - Haida,North America,Northwest Coast,Northern Northwest Coast,Haida,,,
http://n2t.net/ark:/65665/sz8ecd1ba6b-fd9c-4711-bff3-30da7fe2874a,NMAICulture_1163,Tlingit [Guna'xu],,Gunaho; Gum-nah ho ; Gonaho,Language Family info:  Na-Dene/Nuclear Na-Dene/Tlingit,North America - Northwest Coast - Northern Northwest Coast - Tlingit - Gulf Coast Tlingit - Tlingit [Guna'xu],North America,Northwest Coast,Northern Northwest Coast,Tlingit,Gulf Coast Tlingit,Tlingit [Guna'xu],
http://n2t.net/ark:/65665/sz8196d66e5-0487-4aa1-b142-6bfe5d942e77,NMAICulture_1190,Yakutat Tlingit,Thlar-har-yuk and Thar-har-Yauk come from catalogue cards: unclear whether this refers to clan or community,Thlar-har-yuk; Thar-har-Yauk; Yakitat; Yakatat,Language Family info:  Na-Dene/Nuclear Na-Dene/Tlingit,North America - Northwest Coast - Northern Northwest Coast - Tlingit - Gulf Coast Tlingit - Yakutat Tlingit,North America,Northwest Coast,Northern Northwest Coast,Tlingit,Gulf Coast Tlingit,Yakutat Tlingit,
http://n2t.net/ark:/65665/sz89e2bddee-20a2-4ee0-8fab-d7e70706ebee,NMAICulture_634,Gulf Coast Tlingit,,,,North America - Northwest Coast - Northern Northwest Coast - Tlingit - Gulf Coast Tlingit,North America,Northwest Coast,Northern Northwest Coast,Tlingit,Gulf Coast Tlingit,,
http://n2t.net/ark:/65665/sz8a44e049a-49cc-44e2-b084-4bb9fd5072bf,NMAICulture_964,Chilkat Tlingit,,Chilcat,Language Family info:  Na-Dene/Nuclear Na-Dene/Tlingit,North America - Northwest Coast - Northern Northwest Coast - Tlingit - Northern Tlingit - Chilkat Tlingit,North America,Northwest Coast,Northern Northwest Coast,Tlingit,Northern Tlingit,Chilkat Tlingit,
http://n2t.net/ark:/65665/sz87bfe981c-8d80-492e-bb0f-a5ef346d3924,NMAICulture_1048,Klukwan Chilkat,,Kluckwan,Language Family info:  Na-Dene/Nuclear Na-Dene/Tlingit,North America - Northwest Coast - Northern Northwest Coast - Tlingit - Northern Tlingit - Klukwan Chilkat,North America,Northwest Coast,Northern Northwest Coast,Tlingit,Northern Tlingit,Klukwan Chilkat,
http://n2t.net/ark:/65665/sz80dd34c89-f2b4-4a42-8f1c-63ea2b23bcad,NMAICulture_1160,Tlingit [Angoon],,Hootzah; Hootzahta; Hootz-ah-tae; Hootzahtae; Hootz-ah-tar;,Language Family info:  Na-Dene/Nuclear Na-Dene/Tlingit,North America - Northwest Coast - Northern Northwest Coast - Tlingit - Northern Tlingit - Tlingit [Angoon],North America,Northwest Coast,Northern Northwest Coast,Tlingit,Northern Tlingit,Tlingit [Angoon],
http://n2t.net/ark:/65665/sz8d159564e-9c06-47c9-994b-527e227b4755,NMAICulture_1161,Tlingit [Auk],,,Language Family info:  Na-Dene/Nuclear Na-Dene/Tlingit,North America - Northwest Coast - Northern Northwest Coast - Tlingit - Northern Tlingit - Tlingit [Auk],North America,Northwest Coast,Northern Northwest Coast,Tlingit,Northern Tlingit,Tlingit [Auk],
http://n2t.net/ark:/65665/sz839575012-b5f0-49d1-a619-cbe418ec0424,NMAICulture_1162,Tlingit [Chilkoot],,,Language Family info:  Na-Dene/Nuclear Na-Dene/Tlingit,North America - Northwest Coast - Northern Northwest Coast - Tlingit - Northern Tlingit - Tlingit [Chilkoot],North America,Northwest Coast,Northern Northwest Coast,Tlingit,Northern Tlingit,Tlingit [Chilkoot],
http://n2t.net/ark:/65665/sz820431e39-5c6f-49b4-ad19-5ecf85f4a439,NMAICulture_1165,Tlingit [Hoonah],,Huna,Language Family info:  Na-Dene/Nuclear Na-Dene/Tlingit,North America - Northwest Coast - Northern Northwest Coast - Tlingit - Northern Tlingit - Tlingit [Hoonah],North America,Northwest Coast,Northern Northwest Coast,Tlingit,Northern Tlingit,Tlingit [Hoonah],
http://n2t.net/ark:/65665/sz8ea92dfa2-0061-46c7-8f2d-599014219b61,NMAICulture_1166,Tlingit [Hutsnuwu],,Hootzoonoo ; Hootzahtar,Language Family info:  Na-Dene/Nuclear Na-Dene/Tlingit,North America - Northwest Coast - Northern Northwest Coast - Tlingit - Northern Tlingit - Tlingit [Hutsnuwu],North America,Northwest Coast,Northern Northwest Coast,Tlingit,Northern Tlingit,Tlingit [Hutsnuwu],
http://n2t.net/ark:/65665/sz882b71ff4-c13b-477f-9c92-b1f407c00d2d,NMAICulture_1170,Tlingit [Sitka],,,Language Family info:  Na-Dene/Nuclear Na-Dene/Tlingit,North America - Northwest Coast - Northern Northwest Coast - Tlingit - Northern Tlingit - Tlingit [Sitka],North America,Northwest Coast,Northern Northwest Coast,Tlingit,Northern Tlingit,Tlingit [Sitka],
http://n2t.net/ark:/65665/sz8bac7cf41-2b9e-4421-a5ad-77ee247fba81,NMAICulture_1172,Tlingit [Sumdum],,,Language Family info:  Na-Dene/Nuclear Na-Dene/Tlingit,North America - Northwest Coast - Northern Northwest Coast - Tlingit - Northern Tlingit - Tlingit [Sumdum],North America,Northwest Coast,Northern Northwest Coast,Tlingit,Northern Tlingit,Tlingit [Sumdum],
http://n2t.net/ark:/65665/sz8e37f0c5e-c8e4-4469-a0f1-dff1c40f8451,NMAICulture_1173,Tlingit [Taku],"Problematic term:  Taku is used by Emmons for almost all Athapaskan speakers, including Tahltan, Inland Tlingit, and others.  Object info needs to be clarified based on what is Taku Northern Tlingit vs. Taku Inland Tlingit and what Taku tribe of Athapascan means",,Language Family info:  Na-Dene/Nuclear Na-Dene/Tlingit,North America - Northwest Coast - Northern Northwest Coast - Tlingit - Northern Tlingit - Tlingit [Taku],North America,Northwest Coast,Northern Northwest Coast,Tlingit,Northern Tlingit,Tlingit [Taku],
http://n2t.net/ark:/65665/sz8ddab0d9f-d359-4fa3-adb3-747f71ef3b1f,NMAICulture_756,Northern Tlingit,,,,North America - Northwest Coast - Northern Northwest Coast - Tlingit - Northern Tlingit,North America,Northwest Coast,Northern Northwest Coast,Tlingit,Northern Tlingit,,
http://n2t.net/ark:/65665/sz84de4bd9e-2f9b-48a3-a9ae-6dbed2ef6367,NMAICulture_1164,Tlingit [Henya],,Klawock ; Klawak,Language Family info:  Na-Dene/Nuclear Na-Dene/Tlingit,North America - Northwest Coast - Northern Northwest Coast - Tlingit - Southern Tlingit - Tlingit [Henya],North America,Northwest Coast,Northern Northwest Coast,Tlingit,Southern Tlingit,Tlingit [Henya],
http://n2t.net/ark:/65665/sz8bc9ac853-d341-4fd2-a0d1-372d6a4ddc3f,NMAICulture_1167,Tlingit [Kake],,Kehk; Kihk,Language Family info:  Na-Dene/Nuclear Na-Dene/Tlingit,North America - Northwest Coast - Northern Northwest Coast - Tlingit - Southern Tlingit - Tlingit [Kake],North America,Northwest Coast,Northern Northwest Coast,Tlingit,Southern Tlingit,Tlingit [Kake],
http://n2t.net/ark:/65665/sz8d7eb6b45-310c-4f42-a002-357db5ab2d1a,NMAICulture_1169,Tlingit [Sanya/Cape Fox],,Tanta; Tonta,Language Family info:  Na-Dene/Nuclear Na-Dene/Tlingit,North America - Northwest Coast - Northern Northwest Coast - Tlingit - Southern Tlingit - Tlingit [Sanya/Cape Fox],North America,Northwest Coast,Northern Northwest Coast,Tlingit,Southern Tlingit,Tlingit [Sanya/Cape Fox],
http://n2t.net/ark:/65665/sz8fbdb6295-e38b-42ad-8c5d-ea1bbb08ddb2,NMAICulture_1171,Tlingit [Stikine],,Stickeen; Stickheen,Language Family info:  Na-Dene/Nuclear Na-Dene/Tlingit,North America - Northwest Coast - Northern Northwest Coast - Tlingit - Southern Tlingit - Tlingit [Stikine],North America,Northwest Coast,Northern Northwest Coast,Tlingit,Southern Tlingit,Tlingit [Stikine],
http://n2t.net/ark:/65665/sz803840173-3f42-4c11-85b5-82138d7c4fde,NMAICulture_1174,Tlingit [Tongass],,Tongas,Language Family info:  Na-Dene/Nuclear Na-Dene/Tlingit,North America - Northwest Coast - Northern Northwest Coast - Tlingit - Southern Tlingit - Tlingit [Tongass],North America,Northwest Coast,Northern Northwest Coast,Tlingit,Southern Tlingit,Tlingit [Tongass],
http://n2t.net/ark:/65665/sz840e4a752-cec3-43a6-b806-82fb8c57c6cf,NMAICulture_851,Southern Tlingit,,,,North America - Northwest Coast - Northern Northwest Coast - Tlingit - Southern Tlingit,North America,Northwest Coast,Northern Northwest Coast,Tlingit,Southern Tlingit,,
http://n2t.net/ark:/65665/sz830337aa5-2a9b-40c1-bec0-fed8ed44b986,NMAICulture_453,Tlingit,,Klinkit ; Thinkit ; Thlingit ; Thlinket ; Thlinkit ; Tlinkit ; Thlinget,Language Family info:  Na-Dene/Nuclear Na-Dene/Tlingit,North America - Northwest Coast - Northern Northwest Coast - Tlingit,North America,Northwest Coast,Northern Northwest Coast,Tlingit,,,
http://n2t.net/ark:/65665/sz82391c98a-09b7-4d27-8995-916b6e51efd3,NMAICulture_1742,Gitxaa?a,,,Language Family info:  Penutian/Tsimshian,North America - Northwest Coast - Northern Northwest Coast - Tsimshian (Tsmsyen) - Gitxaa?a,North America,Northwest Coast,Northern Northwest Coast,Tsimshian (Tsmsyen),Gitxaa?a,,
http://n2t.net/ark:/65665/sz8e6876935-bec7-4ed8-b0dd-9242ec491641,NMAICulture_987,Gitxsan [Kispiox],,,Language Family info:  Penutian/Tsimshian,North America - Northwest Coast - Northern Northwest Coast - Tsimshian (Tsmsyen) - Gitxsan (Gitksan) - Gitxsan [Kispiox],North America,Northwest Coast,Northern Northwest Coast,Tsimshian (Tsmsyen),Gitxsan (Gitksan),Gitxsan [Kispiox],
http://n2t.net/ark:/65665/sz884f27c2c-4098-4d7f-b773-aaef688073e7,NMAICulture_629,Gitxsan (Gitksan),,Kitiksna; Gityskyan; Giklsan; Gitsken; Kitkshan; Kitksan; Kitikshan; Kitikshean; Kitishan,Language Family info:  Penutian/Tsimshian,North America - Northwest Coast - Northern Northwest Coast - Tsimshian (Tsmsyen) - Gitxsan (Gitksan),North America,Northwest Coast,Northern Northwest Coast,Tsimshian (Tsmsyen),Gitxsan (Gitksan),,
http://n2t.net/ark:/65665/sz8cbfebe6e-0a18-4aaa-98b5-ea889393fc15,NMAICulture_986,Gitlakdamix Nisga'a,,Kitlakdamix; Kit-lagh-damoks,Language Family info:  Penutian/Tsimshian,North America - Northwest Coast - Northern Northwest Coast - Tsimshian (Tsmsyen) - Nisga'a (Niska) - Gitlakdamix Nisga'a,North America,Northwest Coast,Northern Northwest Coast,Tsimshian (Tsmsyen),Nisga'a (Niska),Gitlakdamix Nisga'a,
http://n2t.net/ark:/65665/sz866e595d1-286c-4604-a63b-939375030dc6,NMAICulture_750,Nisga'a (Niska),,Nishka; Nishga,Language Family info:  Penutian/Tsimshian,North America - Northwest Coast - Northern Northwest Coast - Tsimshian (Tsmsyen) - Nisga'a (Niska),North America,Northwest Coast,Northern Northwest Coast,Tsimshian (Tsmsyen),Nisga'a (Niska),,
http://n2t.net/ark:/65665/sz88dddf7fe-48fe-4326-a20e-f37b739377f1,NMAICulture_1743,Tsimshian (Tsmsyen) [Metlakatla],,,Language Family info:  Penutian/Tsimshian,North America - Northwest Coast - Northern Northwest Coast - Tsimshian (Tsmsyen) - Tsimshian (Tsmsyen) [Metlakatla],North America,Northwest Coast,Northern Northwest Coast,Tsimshian (Tsmsyen),Tsimshian (Tsmsyen) [Metlakatla],,
http://n2t.net/ark:/65665/sz8b2631ec4-2117-46b3-b5ad-c9bb00194684,NMAICulture_462,Tsimshian (Tsmsyen),,Sinshean; Tsimpshian; Tsimsham; Tsimshiam; Tsimpshean,Language Family info:  Penutian/Tsimshian,North America - Northwest Coast - Northern Northwest Coast - Tsimshian (Tsmsyen),North America,Northwest Coast,Northern Northwest Coast,Tsimshian (Tsmsyen),,,
http://n2t.net/ark:/65665/sz8153a69c1-1a73-4509-a815-589718f21391,NMAICulture_56,Northern Northwest Coast,,,,North America - Northwest Coast - Northern Northwest Coast,North America,Northwest Coast,Northern Northwest Coast,,,,
http://n2t.net/ark:/65665/sz85087c61e-9d7f-40cc-b6dd-1f4774f200ae,NMAICulture_1715,Alsea [Confederated Tribes of Siletz],,,Language Family info:  Penutian/Oregon Penutian/Coast Oregon/Yakonan,North America - Northwest Coast - Southern Northwest Coast - Alsea - Alsea [Confederated Tribes of Siletz],North America,Northwest Coast,Southern Northwest Coast,Alsea,Alsea [Confederated Tribes of Siletz],,
http://n2t.net/ark:/65665/sz8e06219d6-f95a-47bb-979a-15b5ae58af0e,NMAICulture_114,Alsea,,Alséya,Language Family info:  Penutian/Oregon Penutian/Coast Oregon/Yakonan,North America - Northwest Coast - Southern Northwest Coast - Alsea,North America,Northwest Coast,Southern Northwest Coast,Alsea,,,
http://n2t.net/ark:/65665/sz8419f0680-75a1-460a-8406-77dc8ea275c8,NMAICulture_602,Clackamas,,Clackama,Language Family info:  Penutian/Chinookan,North America - Northwest Coast - Southern Northwest Coast - Chinook - Clackamas,North America,Northwest Coast,Southern Northwest Coast,Chinook,Clackamas,,
http://n2t.net/ark:/65665/sz846e404d7-2367-4602-b370-7d53fbbe4026,NMAICulture_603,Clatsop,,Klatsop; Clapsop; Clatsup; Tlatsop,Language Family info:  Penutian/Chinookan,North America - Northwest Coast - Southern Northwest Coast - Chinook - Clatsop,North America,Northwest Coast,Southern Northwest Coast,Chinook,Clatsop,,
http://n2t.net/ark:/65665/sz8592de99f-4997-4639-a3c5-9fa6565b0cdb,NMAICulture_177,Chinook,,,Language Family info:  Penutian/Chinookan,North America - Northwest Coast - Southern Northwest Coast - Chinook,North America,Northwest Coast,Southern Northwest Coast,Chinook,,,
http://n2t.net/ark:/65665/sz87b23f2cf-37d9-4549-8ca3-bf1e9e740229,NMAICulture_1719,Coos [Confederated Tribes of Siletz],,Coosan,Language Family info:  Penutian/Oregon Penutian/Coast Oregon/Coosan,North America - Northwest Coast - Southern Northwest Coast - Coos (Kusan) - Coos [Confederated Tribes of Siletz],North America,Northwest Coast,Southern Northwest Coast,Coos (Kusan),Coos [Confederated Tribes of Siletz],,
http://n2t.net/ark:/65665/sz8cc13ef36-e716-4316-8a7a-cad0577801a0,NMAICulture_199,Coos (Kusan),,Coosan ; Hanis,Language Family info:  Penutian/Oregon Penutian/Coast Oregon/Coosan,North America - Northwest Coast - Southern Northwest Coast - Coos (Kusan),North America,Northwest Coast,Southern Northwest Coast,Coos (Kusan),,,
http://n2t.net/ark:/65665/sz8fe8d0768-2927-404e-819f-3cd8d73ef3db,NMAICulture_303,Makah,,Kwe-Nee-Chee-Aht; Kweedishchaaht,"Language Family info:  Wakashan, Southern",North America - Northwest Coast - Southern Northwest Coast - Makah,North America,Northwest Coast,Southern Northwest Coast,Makah,,,
http://n2t.net/ark:/65665/sz8e916eb8d-5926-43b3-8b69-7a838773fd3a,NMAICulture_626,Ehattesaht Nuu-chah-nulth,,Ehatisaht,"Language Family info:  Wakashan, Southern",North America - Northwest Coast - Southern Northwest Coast - Nuu-chah-nulth (Nootka) - Ehattesaht Nuu-chah-nulth,North America,Northwest Coast,Southern Northwest Coast,Nuu-chah-nulth (Nootka),Ehattesaht Nuu-chah-nulth,,
http://n2t.net/ark:/65665/sz88de6b4ea-de3c-4094-9c8c-d8613e40a4c5,NMAICulture_642,Hesquiaht Nuu-chah-nulth (Hesquiat),,Hasquit ; Hasqueth ; Hisquiat,"Language Family info:  Wakashan, Southern",North America - Northwest Coast - Southern Northwest Coast - Nuu-chah-nulth (Nootka) - Hesquiaht Nuu-chah-nulth (Hesquiat),North America,Northwest Coast,Southern Northwest Coast,Nuu-chah-nulth (Nootka),Hesquiaht Nuu-chah-nulth (Hesquiat),,
http://n2t.net/ark:/65665/sz815fdbf57-b909-4526-83ab-f75c07b665eb,NMAICulture_691,Kyuquot Nuu-chah-nulth,,,"Language Family info:  Wakashan, Southern",North America - Northwest Coast - Southern Northwest Coast - Nuu-chah-nulth (Nootka) - Kyuquot Nuu-chah-nulth,North America,Northwest Coast,Southern Northwest Coast,Nuu-chah-nulth (Nootka),Kyuquot Nuu-chah-nulth,,
http://n2t.net/ark:/65665/sz8817005f0-e2c6-43da-b365-e757080b23e8,NMAICulture_713,Manosaht Nuu-chah-nulth,,Mowezet,"Language Family info:  Wakashan, Southern",North America - Northwest Coast - Southern Northwest Coast - Nuu-chah-nulth (Nootka) - Manosaht Nuu-chah-nulth,North America,Northwest Coast,Southern Northwest Coast,Nuu-chah-nulth (Nootka),Manosaht Nuu-chah-nulth,,
http://n2t.net/ark:/65665/sz8e84715e2-d041-4678-a8e5-a1d3b13ed284,NMAICulture_752,Nitinat Nuu-chah-nulth,,Ditidaht ; Nitnat ; Nit nat ; Ditinat ; Didinaht ; Nitinaht,"Language Family info:  Wakashan, Southern",North America - Northwest Coast - Southern Northwest Coast - Nuu-chah-nulth (Nootka) - Nitinat Nuu-chah-nulth,North America,Northwest Coast,Southern Northwest Coast,Nuu-chah-nulth (Nootka),Nitinat Nuu-chah-nulth,,
http://n2t.net/ark:/65665/sz82ada896a-8264-404e-add1-42b59832ab6b,NMAICulture_1158,Tla-o-qui-aht (Clayoquot) [Ahousaht],,Maaktusiis ; Ahousat,"Language Family info:  Wakashan, Southern",North America - Northwest Coast - Southern Northwest Coast - Nuu-chah-nulth (Nootka) - Tla-o-qui-aht (Clayoquot) - Tla-o-qui-aht (Clayoquot) [Ahousaht],North America,Northwest Coast,Southern Northwest Coast,Nuu-chah-nulth (Nootka),Tla-o-qui-aht (Clayoquot),Tla-o-qui-aht (Clayoquot) [Ahousaht],
http://n2t.net/ark:/65665/sz8d5319df0-367a-4763-aa47-55bd3977463f,NMAICulture_1159,"Tla-o-qui-aht (Clayoquot) [Opitsaht/Meares Island, BC]",,Opsetisiaht ; Hupits'ath,"Language Family info:  Wakashan, Southern","North America - Northwest Coast - Southern Northwest Coast - Nuu-chah-nulth (Nootka) - Tla-o-qui-aht (Clayoquot) - Tla-o-qui-aht (Clayoquot) [Opitsaht/Meares Island, BC]",North America,Northwest Coast,Southern Northwest Coast,Nuu-chah-nulth (Nootka),Tla-o-qui-aht (Clayoquot),"Tla-o-qui-aht (Clayoquot) [Opitsaht/Meares Island, BC]",
http://n2t.net/ark:/65665/sz89f2560a7-a22e-4f42-bbd4-286ef0b250a1,NMAICulture_882,Tla-o-qui-aht (Clayoquot),,Tlaoquiaht,"Language Family info:  Wakashan, Southern",North America - Northwest Coast - Southern Northwest Coast - Nuu-chah-nulth (Nootka) - Tla-o-qui-aht (Clayoquot),North America,Northwest Coast,Southern Northwest Coast,Nuu-chah-nulth (Nootka),Tla-o-qui-aht (Clayoquot),,
http://n2t.net/ark:/65665/sz85c4b253b-b565-4b0e-933b-f08eebf35b47,NMAICulture_359,Nuu-chah-nulth (Nootka),,Nootki; Nutka; Nuuchahnulth,"Language Family info:  Wakashan, Southern",North America - Northwest Coast - Southern Northwest Coast - Nuu-chah-nulth (Nootka),North America,Northwest Coast,Southern Northwest Coast,Nuu-chah-nulth (Nootka),,,
http://n2t.net/ark:/65665/sz8d46a3685-59f9-4fc8-9b84-1cccc0f3d1ba,NMAICulture_646,Hoh,,,Language Family info:  Chimakuan,North America - Northwest Coast - Southern Northwest Coast - Quileute - Hoh,North America,Northwest Coast,Southern Northwest Coast,Quileute,Hoh,,
http://n2t.net/ark:/65665/sz8018bb544-d7d0-4aa4-a64f-f19a1e22d273,NMAICulture_410,Quileute,,Quillayute ; Quilliute ; Quilleute,Language Family info:  Chimakuan,North America - Northwest Coast - Southern Northwest Coast - Quileute,North America,Northwest Coast,Southern Northwest Coast,Quileute,,,
http://n2t.net/ark:/65665/sz8a01c77a5-a29f-4e1e-8cc5-718728ef2941,NMAICulture_430,Siletz,"Siletz is a cultural group, but is more commonly known today as an amalgamated community comprised of Tillamook, Alsea, Siuslaw, Coos, Coquille/Mishikhwutmetunee, Takelma or Upper Rogue River Indians, Six (Sixes), Joshua, Tututne, Mackanotni, Shastacosta/Chasta Costa, and Chetco. Other sources name the constituent tribes as Lower Umpqua, Siuslaw, Alsea, Yaquina, Siletz, Salmon River, and Nestuccs.",,Language Family info:  Salishan,North America - Northwest Coast - Southern Northwest Coast - Siletz,North America,Northwest Coast,Southern Northwest Coast,Siletz,,,
http://n2t.net/ark:/65665/sz89b15a5d2-ba13-4db0-a53c-f75011b0f726,NMAICulture_2786,Charles and Locarno Beach Phases (archaeological culture),,,,North America - Northwest Coast - Southern Northwest Coast - Southern Northwest Coast Tradition (archaeological culture) - Charles and Locarno Beach Phases (archaeological culture),North America,Northwest Coast,Southern Northwest Coast,Southern Northwest Coast Tradition (archaeological culture),Charles and Locarno Beach Phases (archaeological culture),,
http://n2t.net/ark:/65665/sz8c4f2f279-a47e-46ec-9cf6-ff962205a3f6,NMAICulture_2833,Marpole Phase (archaeological culture),,,,North America - Northwest Coast - Southern Northwest Coast - Southern Northwest Coast Tradition (archaeological culture) - Marpole Phase (archaeological culture),North America,Northwest Coast,Southern Northwest Coast,Southern Northwest Coast Tradition (archaeological culture),Marpole Phase (archaeological culture),,
http://n2t.net/ark:/65665/sz87bc55309-7bd7-4757-91e8-67f140dc06f2,NMAICulture_2822,Stselax (ancestral Northwest Coast) (archaeological culture),,,,North America - Northwest Coast - Southern Northwest Coast - Southern Northwest Coast Tradition (archaeological culture) - Stselax (ancestral Northwest Coast) (archaeological culture),North America,Northwest Coast,Southern Northwest Coast,Southern Northwest Coast Tradition (archaeological culture),Stselax (ancestral Northwest Coast) (archaeological culture),,
http://n2t.net/ark:/65665/sz8546f7795-5920-4fb3-96bb-e1fa4da1ce46,NMAICulture_2784,Southern Northwest Coast Tradition (archaeological culture),,,,North America - Northwest Coast - Southern Northwest Coast - Southern Northwest Coast Tradition (archaeological culture),North America,Northwest Coast,Southern Northwest Coast,Southern Northwest Coast Tradition (archaeological culture),,,
http://n2t.net/ark:/65665/sz88e73d989-7360-4cf5-aa89-465d8e270a59,NMAICulture_1732,Takelma [Confederated Tribes of Siletz],,,Language Family info:  Penutian/Oregon Penutian/Takelma,North America - Northwest Coast - Southern Northwest Coast - Takelma (Rogue River Indians) - Takelma [Confederated Tribes of Siletz],North America,Northwest Coast,Southern Northwest Coast,Takelma (Rogue River Indians),Takelma [Confederated Tribes of Siletz],,
http://n2t.net/ark:/65665/sz89657d6d1-4c88-4296-9c3f-2d5985f3dca8,NMAICulture_441,Takelma (Rogue River Indians),,Takilma,Language Family info:  Penutian/Oregon Penutian/Takelma,North America - Northwest Coast - Southern Northwest Coast - Takelma (Rogue River Indians),North America,Northwest Coast,Southern Northwest Coast,Takelma (Rogue River Indians),,,
http://n2t.net/ark:/65665/sz8df84cd77-01a0-4e23-80e0-422dd917ba9e,NMAICulture_1734,Tillamook [Confederated Tribes of Siletz],,,Language Family info:  Salishan/Tillamook,North America - Northwest Coast - Southern Northwest Coast - Tillamook - Tillamook [Confederated Tribes of Siletz],North America,Northwest Coast,Southern Northwest Coast,Tillamook,Tillamook [Confederated Tribes of Siletz],,
http://n2t.net/ark:/65665/sz8158bc1fe-a5c3-4eba-be19-24b328c3b4a3,NMAICulture_451,Tillamook,,,Language Family info:  Salishan/Tillamook,North America - Northwest Coast - Southern Northwest Coast - Tillamook,North America,Northwest Coast,Southern Northwest Coast,Tillamook,,,
http://n2t.net/ark:/65665/sz81c46ff48-052b-41b6-842f-92bb0c42e0bb,NMAICulture_586,Chemetunne (Joshua),,Joshua,Language Family info:  Na-Dene/Nuclear Na-Dene/Athapaskan-Eyak/Athapaskan/Pacific Coast/Oregon/Tolowa-Galice,North America - Northwest Coast - Southern Northwest Coast - Tututni (Tutuni) - Chemetunne (Joshua),North America,Northwest Coast,Southern Northwest Coast,Tututni (Tutuni),Chemetunne (Joshua),,
http://n2t.net/ark:/65665/sz8d739ac51-2d73-40d1-a2fb-3cc9e504fe23,NMAICulture_690,Kwatami (Sixes),,Gwi'sat huntun,Language Family info:  Na-Dene/Nuclear Na-Dene/Athapaskan-Eyak/Athapaskan/Pacific Coast/Oregon/Tolowa-Galice,North America - Northwest Coast - Southern Northwest Coast - Tututni (Tutuni) - Kwatami (Sixes),North America,Northwest Coast,Southern Northwest Coast,Tututni (Tutuni),Kwatami (Sixes),,
http://n2t.net/ark:/65665/sz8a2d06d34-4a85-4b09-87b5-df37a0f1bc6c,NMAICulture_2853,Mikonotunne (Mackanotin),,Mikunu-tune,Language family: Na-Dene/Nuclear Na-Dene/Athapaskan-Eyak/Athapaskan/Pacific Coast/Oregon/Tolowa-Galice,North America - Northwest Coast - Southern Northwest Coast - Tututni (Tutuni) - Mikonotunne (Mackanotin),North America,Northwest Coast,Southern Northwest Coast,Tututni (Tutuni),Mikonotunne (Mackanotin),,
http://n2t.net/ark:/65665/sz87f8a1d83-07f5-4da4-a42f-12baab9603f6,NMAICulture_1291,Tututni [Confederated Tribes of Siletz],,,Language Family info:  Na-Dene/Nuclear Na-Dene/Athapaskan-Eyak/Athapaskan/Pacific Coast/Oregon/Tolowa-Galice,North America - Northwest Coast - Southern Northwest Coast - Tututni (Tutuni) - Tututni [Confederated Tribes of Siletz],North America,Northwest Coast,Southern Northwest Coast,Tututni (Tutuni),Tututni [Confederated Tribes of Siletz],,
http://n2t.net/ark:/65665/sz83cead505-5b30-43f8-a309-d2f06dc9ec61,NMAICulture_473,Tututni (Tutuni),,Tutuni;Tututini; Tutini; Tutu-Tune,Language Family info:  Na-Dene/Nuclear Na-Dene/Athapaskan-Eyak/Athapaskan/Pacific Coast/Oregon/Tolowa-Galice,North America - Northwest Coast - Southern Northwest Coast - Tututni (Tutuni),North America,Northwest Coast,Southern Northwest Coast,Tututni (Tutuni),,,
http://n2t.net/ark:/65665/sz8e5535ba2-068b-4d70-b881-50259c10d37b,NMAICulture_2857,Yaquina (Yakwina) [Confederated Tribes of Siletz],,,Language family info: Penutian/Oregon Penutian/Coast Oregon/Yakonan,North America - Northwest Coast - Southern Northwest Coast - Yaquina (Yakwina) - Yaquina (Yakwina) [Confederated Tribes of Siletz],North America,Northwest Coast,Southern Northwest Coast,Yaquina (Yakwina),Yaquina (Yakwina) [Confederated Tribes of Siletz],,
http://n2t.net/ark:/65665/sz83d1e4be4-c242-4491-882e-0f297c129755,NMAICulture_2855,Yaquina (Yakwina),,Yakon; Yakona; Yakwi´na,Language Family: Penutian/Oregon Penutian/Coast Oregon/Yakonan,North America - Northwest Coast - Southern Northwest Coast - Yaquina (Yakwina),North America,Northwest Coast,Southern Northwest Coast,Yaquina (Yakwina),,,
http://n2t.net/ark:/65665/sz80f2dada2-29ab-4cb9-8be9-05992cbea659,NMAICulture_57,Southern Northwest Coast,,,,North America - Northwest Coast - Southern Northwest Coast,North America,Northwest Coast,Southern Northwest Coast,,,,
http://n2t.net/ark:/65665/sz88e90a046-a7de-4e81-bee2-b194f3ec2c56,NMAICulture_16,Northwest Coast,,,,North America - Northwest Coast,North America,Northwest Coast,,,,,
http://n2t.net/ark:/65665/sz82322ce11-4caa-43a6-a6a7-d57638637dae,NMAICulture_3064,Pan-Indian,,,,North America - Pan-Indian,North America,Pan-Indian,,,,,
http://n2t.net/ark:/65665/sz811d3982c-3360-4afe-ab58-8e6fb7f76496,NMAICulture_3049,Canadian Dakota (Eastern Sioux),,,Language Family info:  Siouan/Siouan Proper/Central/Mississippi Valley/Dakota,North America - Plains - Central Plains - Dakota (Eastern Sioux) - Canadian Dakota (Eastern Sioux),North America,Plains,Central Plains,Dakota (Eastern Sioux),Canadian Dakota (Eastern Sioux),,
http://n2t.net/ark:/65665/sz83af9c277-39bb-421a-835f-4aab1389d122,NMAICulture_1424,Dakota [Lower Sioux Indian Reservation],,,Language Family info:  Siouan/Siouan Proper/Central/Mississippi Valley/Dakota,North America - Plains - Central Plains - Dakota (Eastern Sioux) - Mdewakantonwan Dakota (Mdewakanton Sioux) - Dakota [Lower Sioux Indian Reservation],North America,Plains,Central Plains,Dakota (Eastern Sioux),Mdewakantonwan Dakota (Mdewakanton Sioux),Dakota [Lower Sioux Indian Reservation],
http://n2t.net/ark:/65665/sz8bb3901f3-91f6-4680-ab48-1167bc37e7e8,NMAICulture_1068,Mdewakantonwan Dakota [Flandreau],,,Language Family info:  Siouan/Siouan Proper/Central/Mississippi Valley/Dakota,North America - Plains - Central Plains - Dakota (Eastern Sioux) - Mdewakantonwan Dakota (Mdewakanton Sioux) - Mdewakantonwan Dakota [Flandreau],North America,Plains,Central Plains,Dakota (Eastern Sioux),Mdewakantonwan Dakota (Mdewakanton Sioux),Mdewakantonwan Dakota [Flandreau],
http://n2t.net/ark:/65665/sz887f1badf-2b76-4511-8926-abbfacbc4823,NMAICulture_1069,Mdewakantonwan Dakota [Prairie Island],,,Language Family info:  Siouan/Siouan Proper/Central/Mississippi Valley/Dakota,North America - Plains - Central Plains - Dakota (Eastern Sioux) - Mdewakantonwan Dakota (Mdewakanton Sioux) - Mdewakantonwan Dakota [Prairie Island],North America,Plains,Central Plains,Dakota (Eastern Sioux),Mdewakantonwan Dakota (Mdewakanton Sioux),Mdewakantonwan Dakota [Prairie Island],
http://n2t.net/ark:/65665/sz81b10f066-7fa6-4f81-bceb-86881bb2729d,NMAICulture_1070,Mdewakantonwan Dakota [Shakopee-Mdewakanton Reservation],,,Language Family info:  Siouan/Siouan Proper/Central/Mississippi Valley/Dakota,North America - Plains - Central Plains - Dakota (Eastern Sioux) - Mdewakantonwan Dakota (Mdewakanton Sioux) - Mdewakantonwan Dakota [Shakopee-Mdewakanton Reservation],North America,Plains,Central Plains,Dakota (Eastern Sioux),Mdewakantonwan Dakota (Mdewakanton Sioux),Mdewakantonwan Dakota [Shakopee-Mdewakanton Reservation],
http://n2t.net/ark:/65665/sz80faad2bc-afd4-45ed-9753-f742a1b921d3,NMAICulture_717,Mdewakantonwan Dakota (Mdewakanton Sioux),,Mdewankantowan;Mdewankton;Santee; Mdewakantowan,Language Family info:  Siouan/Siouan Proper/Central/Mississippi Valley/Dakota,North America - Plains - Central Plains - Dakota (Eastern Sioux) - Mdewakantonwan Dakota (Mdewakanton Sioux),North America,Plains,Central Plains,Dakota (Eastern Sioux),Mdewakantonwan Dakota (Mdewakanton Sioux),,
http://n2t.net/ark:/65665/sz8fb2478c1-9215-43b1-a8ce-1f3f4d56ac65,NMAICulture_1145,Sisitonwan Dakota [Sisseton-Wahpeton Sioux Tribe],,,Language Family info:  Siouan/Siouan Proper/Central/Mississippi Valley/Dakota,North America - Plains - Central Plains - Dakota (Eastern Sioux) - Sisitonwan Dakota (Sisseton Sioux) - Sisitonwan Dakota [Sisseton-Wahpeton Sioux Tribe],North America,Plains,Central Plains,Dakota (Eastern Sioux),Sisitonwan Dakota (Sisseton Sioux),Sisitonwan Dakota [Sisseton-Wahpeton Sioux Tribe],
http://n2t.net/ark:/65665/sz891e8ba8a-226f-4d2f-9be3-c011d59885ee,NMAICulture_840,Sisitonwan Dakota (Sisseton Sioux),,Sisseton;Siseton;Siston,Language Family info:  Siouan/Siouan Proper/Central/Mississippi Valley/Dakota,North America - Plains - Central Plains - Dakota (Eastern Sioux) - Sisitonwan Dakota (Sisseton Sioux),North America,Plains,Central Plains,Dakota (Eastern Sioux),Sisitonwan Dakota (Sisseton Sioux),,
http://n2t.net/ark:/65665/sz830b01868-e237-4492-bccf-60c3b88a126d,NMAICulture_906,Wahpekute (Wapekute Dakota Sioux),,,Language Family info:  Siouan/Siouan Proper/Central/Mississippi Valley/Dakota,North America - Plains - Central Plains - Dakota (Eastern Sioux) - Wahpekute (Wapekute Dakota Sioux),North America,Plains,Central Plains,Dakota (Eastern Sioux),Wahpekute (Wapekute Dakota Sioux),,
http://n2t.net/ark:/65665/sz8d43ec55f-0436-43e9-9419-a3a7c0f6ec23,NMAICulture_1184,Wahpetonwan Dakota [Sisseton-Wahpeton Sioux Tribe],,,Language Family info:  Siouan/Siouan Proper/Central/Mississippi Valley/Dakota,North America - Plains - Central Plains - Dakota (Eastern Sioux) - Wahpetonwan Dakota (Wahpeton Sioux) - Wahpetonwan Dakota [Sisseton-Wahpeton Sioux Tribe],North America,Plains,Central Plains,Dakota (Eastern Sioux),Wahpetonwan Dakota (Wahpeton Sioux),Wahpetonwan Dakota [Sisseton-Wahpeton Sioux Tribe],
http://n2t.net/ark:/65665/sz84f0fb418-11fa-42f3-967f-eb97126f6c5c,NMAICulture_907,Wahpetonwan Dakota (Wahpeton Sioux),,Santee; Wahpeton;Wapeton,Language Family info:  Siouan/Siouan Proper/Central/Mississippi Valley/Dakota,North America - Plains - Central Plains - Dakota (Eastern Sioux) - Wahpetonwan Dakota (Wahpeton Sioux),North America,Plains,Central Plains,Dakota (Eastern Sioux),Wahpetonwan Dakota (Wahpeton Sioux),,
http://n2t.net/ark:/65665/sz8e893aecf-3e3a-4ce8-a639-5af5591bcc5b,NMAICulture_210,Dakota (Eastern Sioux),,Santee;Dakota;Dahkota;Dakhotah,Language Family info:  Siouan/Siouan Proper/Central/Mississippi Valley/Dakota,North America - Plains - Central Plains - Dakota (Eastern Sioux),North America,Plains,Central Plains,Dakota (Eastern Sioux),,,
http://n2t.net/ark:/65665/sz8166b1226-493c-4bb5-bf9e-e1c6a21142c7,NMAICulture_3079,Cheyenne River Lakota Sioux,,,,North America - Plains - Central Plains - Lakota (Teton/Western Sioux) - Cheyenne River Lakota Sioux,North America,Plains,Central Plains,Lakota (Teton/Western Sioux),Cheyenne River Lakota Sioux,,
http://n2t.net/ark:/65665/sz84321f769-0915-4757-ae82-0c961c37275b,NMAICulture_1009,Hunkpapa Lakota [Cheyenne River],,,Language Family info:  Siouan/Siouan Proper/Central/Mississippi Valley/Dakota,North America - Plains - Central Plains - Lakota (Teton/Western Sioux) - Hunkpapa Lakota (Hunkpapa Sioux) - Hunkpapa Lakota [Cheyenne River],North America,Plains,Central Plains,Lakota (Teton/Western Sioux),Hunkpapa Lakota (Hunkpapa Sioux),Hunkpapa Lakota [Cheyenne River],
http://n2t.net/ark:/65665/sz89e268a45-ca99-4980-a795-b504adaa0097,NMAICulture_1010,Hunkpapa Lakota [Standing Rock],,Standing River Sioux,Language Family info:  Siouan/Siouan Proper/Central/Mississippi Valley/Dakota,North America - Plains - Central Plains - Lakota (Teton/Western Sioux) - Hunkpapa Lakota (Hunkpapa Sioux) - Hunkpapa Lakota [Standing Rock],North America,Plains,Central Plains,Lakota (Teton/Western Sioux),Hunkpapa Lakota (Hunkpapa Sioux),Hunkpapa Lakota [Standing Rock],
http://n2t.net/ark:/65665/sz816e072c4-64f9-4751-8b79-9995d0bc81ea,NMAICulture_654,Hunkpapa Lakota (Hunkpapa Sioux),,Uncopapa;Ungapapa,Language Family info:  Siouan/Siouan Proper/Central/Mississippi Valley/Dakota,North America - Plains - Central Plains - Lakota (Teton/Western Sioux) - Hunkpapa Lakota (Hunkpapa Sioux),North America,Plains,Central Plains,Lakota (Teton/Western Sioux),Hunkpapa Lakota (Hunkpapa Sioux),,
http://n2t.net/ark:/65665/sz833d1a84d-c712-4af6-9fbd-35c489320199,NMAICulture_963,Itazipacola Lakota [Cheyenne River],,,Language Family info:  Siouan/Siouan Proper/Central/Mississippi Valley/Dakota,North America - Plains - Central Plains - Lakota (Teton/Western Sioux) - Itazipacola Lakota (Sans Arc Sioux) - Itazipacola Lakota [Cheyenne River],North America,Plains,Central Plains,Lakota (Teton/Western Sioux),Itazipacola Lakota (Sans Arc Sioux),Itazipacola Lakota [Cheyenne River],
http://n2t.net/ark:/65665/sz83432a8d9-77e6-4a77-8356-bc8711bb0d4c,NMAICulture_663,Itazipacola Lakota (Sans Arc Sioux),,,Language Family info:  Siouan/Siouan Proper/Central/Mississippi Valley/Dakota,North America - Plains - Central Plains - Lakota (Teton/Western Sioux) - Itazipacola Lakota (Sans Arc Sioux),North America,Plains,Central Plains,Lakota (Teton/Western Sioux),Itazipacola Lakota (Sans Arc Sioux),,
http://n2t.net/ark:/65665/sz8ff25cc39-528a-4792-a377-6c637ad27408,NMAICulture_1074,Minneconjou Lakota [Cheyenne River],,,Language Family info:  Siouan/Siouan Proper/Central/Mississippi Valley/Dakota,North America - Plains - Central Plains - Lakota (Teton/Western Sioux) - Minneconjou Lakota (Minniconjou Sioux) - Minneconjou Lakota [Cheyenne River],North America,Plains,Central Plains,Lakota (Teton/Western Sioux),Minneconjou Lakota (Minniconjou Sioux),Minneconjou Lakota [Cheyenne River],
http://n2t.net/ark:/65665/sz87cdb6376-a9df-489a-814e-690817cff455,NMAICulture_722,Minneconjou Lakota (Minniconjou Sioux),,Miniconjou,Language Family info:  Siouan/Siouan Proper/Central/Mississippi Valley/Dakota,North America - Plains - Central Plains - Lakota (Teton/Western Sioux) - Minneconjou Lakota (Minniconjou Sioux),North America,Plains,Central Plains,Lakota (Teton/Western Sioux),Minneconjou Lakota (Minniconjou Sioux),,
http://n2t.net/ark:/65665/sz87d4c0853-2b94-4882-8896-258264edd013,NMAICulture_1116,Oglala Lakota [Pine Ridge],,,Language Family info:  Siouan/Siouan Proper/Central/Mississippi Valley/Dakota,North America - Plains - Central Plains - Lakota (Teton/Western Sioux) - Oglala Lakota (Oglala Sioux) - Oglala Lakota [Pine Ridge],North America,Plains,Central Plains,Lakota (Teton/Western Sioux),Oglala Lakota (Oglala Sioux),Oglala Lakota [Pine Ridge],
http://n2t.net/ark:/65665/sz8d5188e37-14cd-4c13-8d5e-aa1b6ae545c2,NMAICulture_763,Oglala Lakota (Oglala Sioux),,Ogalala;Ogallala;Oglalla; Ogllala,Language Family info:  Siouan/Siouan Proper/Central/Mississippi Valley/Dakota,North America - Plains - Central Plains - Lakota (Teton/Western Sioux) - Oglala Lakota (Oglala Sioux),North America,Plains,Central Plains,Lakota (Teton/Western Sioux),Oglala Lakota (Oglala Sioux),,
http://n2t.net/ark:/65665/sz8d4333bc6-4acd-4ea9-b439-784110a32560,NMAICulture_1120,Oohenonpa Lakota [Cheyenne River],,,Language Family info:  Siouan/Siouan Proper/Central/Mississippi Valley/Dakota,North America - Plains - Central Plains - Lakota (Teton/Western Sioux) - Oohenonpa Lakota (Two Kettle Sioux) - Oohenonpa Lakota [Cheyenne River],North America,Plains,Central Plains,Lakota (Teton/Western Sioux),Oohenonpa Lakota (Two Kettle Sioux),Oohenonpa Lakota [Cheyenne River],
http://n2t.net/ark:/65665/sz844b09825-6eb7-490f-96dc-f343a9192fee,NMAICulture_774,Oohenonpa Lakota (Two Kettle Sioux),,,Language Family info:  Siouan/Siouan Proper/Central/Mississippi Valley/Dakota,North America - Plains - Central Plains - Lakota (Teton/Western Sioux) - Oohenonpa Lakota (Two Kettle Sioux),North America,Plains,Central Plains,Lakota (Teton/Western Sioux),Oohenonpa Lakota (Two Kettle Sioux),,
http://n2t.net/ark:/65665/sz8b2a2e90e-9880-4049-ba36-fa016c7ea611,NMAICulture_1418,Sicangu Lakota [Rosebud Sioux],,,Language Family info:  Siouan/Siouan Proper/Central/Mississippi Valley/Dakota,North America - Plains - Central Plains - Lakota (Teton/Western Sioux) - Sicangu Lakota (Brulé Sioux) - Sicangu Lakota [Rosebud Sioux],North America,Plains,Central Plains,Lakota (Teton/Western Sioux),Sicangu Lakota (Brulé Sioux),Sicangu Lakota [Rosebud Sioux],
http://n2t.net/ark:/65665/sz83fa19f26-e4d7-4662-8cd8-67135cda2b7f,NMAICulture_837,Sicangu Lakota (Brulé Sioux),,Brule;Bruli; Sicangu,Language Family info:  Siouan/Siouan Proper/Central/Mississippi Valley/Dakota,North America - Plains - Central Plains - Lakota (Teton/Western Sioux) - Sicangu Lakota (Brulé Sioux),North America,Plains,Central Plains,Lakota (Teton/Western Sioux),Sicangu Lakota (Brulé Sioux),,
http://n2t.net/ark:/65665/sz886ce46dc-bc36-4c49-9a5e-685400600597,NMAICulture_838,Sihasapa Lakota (Blackfoot Sioux),,Blackfoot ; Blackfeet Sioux,Language Family info:  Siouan/Siouan Proper/Central/Mississippi Valley/Dakota,North America - Plains - Central Plains - Lakota (Teton/Western Sioux) - Sihasapa Lakota (Blackfoot Sioux),North America,Plains,Central Plains,Lakota (Teton/Western Sioux),Sihasapa Lakota (Blackfoot Sioux),,
http://n2t.net/ark:/65665/sz8cea35268-6690-4488-a3f6-72af02994bd5,NMAICulture_290,Lakota (Teton/Western Sioux),,Teton Sioux; Western Sioux,Language Family info:  Siouan/Siouan Proper/Central/Mississippi Valley/Dakota,North America - Plains - Central Plains - Lakota (Teton/Western Sioux),North America,Plains,Central Plains,Lakota (Teton/Western Sioux),,,
http://n2t.net/ark:/65665/sz81d250e5d-d295-4be4-8ab3-e647e5b932c4,NMAICulture_656,Ihanktonwan Nakota (Yankton Sioux),,,Language Family info:  Siouan/Siouan Proper/Central/Mississippi Valley/Dakota,North America - Plains - Central Plains - Nakota (Yankton Sioux) - Ihanktonwan Nakota (Yankton Sioux),North America,Plains,Central Plains,Nakota (Yankton Sioux),Ihanktonwan Nakota (Yankton Sioux),,
http://n2t.net/ark:/65665/sz8c07ad37b-aba9-40ad-88a2-97bd5bb3ebd1,NMAICulture_1191,Yanktonnai Nakota [Cut Head Band],,Cut Head Band Yankton ; Cuthead ; Cut-Head,Language Family info:  Siouan/Siouan Proper/Central/Mississippi Valley/Dakota,North America - Plains - Central Plains - Nakota (Yankton Sioux) - Yanktonnai Nakota - Yanktonnai Nakota [Cut Head Band],North America,Plains,Central Plains,Nakota (Yankton Sioux),Yanktonnai Nakota,Yanktonnai Nakota [Cut Head Band],
http://n2t.net/ark:/65665/sz80fd956d2-169e-43be-872d-0b86ddd635b0,NMAICulture_928,Yanktonnai Nakota,,Yanktonai; Yantonai; Yanktonnai;Yanktonai,Language Family info:  Siouan/Siouan Proper/Central/Mississippi Valley/Dakota,North America - Plains - Central Plains - Nakota (Yankton Sioux) - Yanktonnai Nakota,North America,Plains,Central Plains,Nakota (Yankton Sioux),Yanktonnai Nakota,,
http://n2t.net/ark:/65665/sz847fb8769-1eec-41d8-a353-b19f5db5eca9,NMAICulture_341,Nakota (Yankton Sioux),,Nakota Sioux ; Nakoda,Language Family info:  Siouan/Siouan Proper/Central/Mississippi Valley/Dakota,North America - Plains - Central Plains - Nakota (Yankton Sioux),North America,Plains,Central Plains,Nakota (Yankton Sioux),,,
http://n2t.net/ark:/65665/sz87eaa87e1-aa3b-4d0a-aa7e-82607e98d416,NMAICulture_2816,Late Plains Archaic Tradition (archaeological culture),,,,North America - Plains - Central Plains - Plains Archaic Tradition (archaeological culture) - Late Plains Archaic Tradition (archaeological culture),North America,Plains,Central Plains,Plains Archaic Tradition (archaeological culture),Late Plains Archaic Tradition (archaeological culture),,
http://n2t.net/ark:/65665/sz89766b186-9be3-48dc-a8ac-847763dbe37e,NMAICulture_2817,Middle Plains Archaic Tradition (archaeological culture),,,,North America - Plains - Central Plains - Plains Archaic Tradition (archaeological culture) - Middle Plains Archaic Tradition (archaeological culture),North America,Plains,Central Plains,Plains Archaic Tradition (archaeological culture),Middle Plains Archaic Tradition (archaeological culture),,
http://n2t.net/ark:/65665/sz8b3c11451-a185-4684-966a-b0bcc7523b07,NMAICulture_2801,Plains Archaic Tradition (archaeological culture),,,,North America - Plains - Central Plains - Plains Archaic Tradition (archaeological culture),North America,Plains,Central Plains,Plains Archaic Tradition (archaeological culture),,,
http://n2t.net/ark:/65665/sz80392badb-0681-419d-ab64-67ab4cf2c05c,NMAICulture_2776,Plains Village Tradition (archaeological culture),,,,North America - Plains - Central Plains - Plains Village Tradition (archaeological culture),North America,Plains,Central Plains,Plains Village Tradition (archaeological culture),,,
http://n2t.net/ark:/65665/sz8699cf8cd-da59-4f18-b72e-d42a06b24043,NMAICulture_2792,Plains Woodland Tradition (archaeological culture),,,,North America - Plains - Central Plains - Plains Woodland Tradition (archaeological culture),North America,Plains,Central Plains,Plains Woodland Tradition (archaeological culture),,,
http://n2t.net/ark:/65665/sz814e6c444-3318-4295-b2e2-ffab5ebf6156,NMAICulture_2955,Sioux [Crow Creek],,,Language Family info:  Siouan/Siouan Proper/Central/Mississippi Valley/Dakota,North America - Plains - Central Plains - Sioux [Crow Creek],North America,Plains,Central Plains,Sioux [Crow Creek],,,
http://n2t.net/ark:/65665/sz8024af8a4-b3be-424f-b84d-e316453a2a65,NMAICulture_432,Sioux,,Siouz,Language Family info:  Siouan/Siouan Proper/Central/Mississippi Valley/Dakota,North America - Plains - Central Plains - Sioux,North America,Plains,Central Plains,Sioux,,,
http://n2t.net/ark:/65665/sz8b6026f34-8882-4a61-ad33-26b4d22f5fd9,NMAICulture_757,Northern Tsitsistas/Suhtai (Cheyenne),,Northern CHEYENN,Language Family info:  Algic/Algonquian/Plains,North America - Plains - Central Plains - Tsitsistas/Suhtai (Cheyenne) - Northern Tsitsistas/Suhtai (Cheyenne),North America,Plains,Central Plains,Tsitsistas/Suhtai (Cheyenne),Northern Tsitsistas/Suhtai (Cheyenne),,
http://n2t.net/ark:/65665/sz8695b9394-a4af-45f5-80bd-d1953735a662,NMAICulture_852,Southern Tsitsistas/Suhtai (Cheyenne),,Southern Cheyenn;Southern Cayenne; South Cheyenne,Language Family info:  Algic/Algonquian/Plains,North America - Plains - Central Plains - Tsitsistas/Suhtai (Cheyenne) - Southern Tsitsistas/Suhtai (Cheyenne),North America,Plains,Central Plains,Tsitsistas/Suhtai (Cheyenne),Southern Tsitsistas/Suhtai (Cheyenne),,
http://n2t.net/ark:/65665/sz8b2a9c572-9003-4a12-99af-2cebd88fd9d8,NMAICulture_463,Tsitsistas/Suhtai (Cheyenne),,Tsethasetas; Suhtaio,Language Family info:  Algic/Algonquian/Plains,North America - Plains - Central Plains - Tsitsistas/Suhtai (Cheyenne),North America,Plains,Central Plains,Tsitsistas/Suhtai (Cheyenne),,,
http://n2t.net/ark:/65665/sz87bf0b5d5-d583-465d-a2be-75ec59d3ac7b,NMAICulture_3302,Central Plains Tradition (archaeological culture),,,,North America - Plains - Central Plains Tradition (archaeological culture),North America,Plains,Central Plains Tradition (archaeological culture),,,,
http://n2t.net/ark:/65665/sz84363ec97-39bb-4c09-a9f2-8db071a78a4c,NMAICulture_58,Central Plains,,,,North America - Plains - Central Plains,North America,Plains,Central Plains,,,,
http://n2t.net/ark:/65665/sz8fba2f399-3e0a-48e5-8b0d-3555b04073ba,NMAICulture_103,A'aninin (Gros Ventre),,Atsina ; Astina ; Gros Ventres; Grosventre,Language Family info:  Algic/Algonquian/Plains/Arapaho,North America - Plains - Northern Plains - A'aninin (Gros Ventre),North America,Plains,Northern Plains,A'aninin (Gros Ventre),,,
http://n2t.net/ark:/65665/sz854015e54-cf5c-4040-ad37-aa9773ee2f0a,NMAICulture_3078,Ojibwa Metis,,,Language Family info:  Algic/Algonquian/Central/Ojibwa,North America - Plains - Northern Plains - Anishinaabe (Chippewa/Ojibwa) - Ojibwa Metis,North America,Plains,Northern Plains,Anishinaabe (Chippewa/Ojibwa),Ojibwa Metis,,
http://n2t.net/ark:/65665/sz8af390316-b682-4826-87ee-dcb4b70661ca,NMAICulture_783,Pembina Chippewa,,Pembina Ojibwa,Language Family info:  Algic/Algonquian/Central/Ojibwa,North America - Plains - Northern Plains - Anishinaabe (Chippewa/Ojibwa) - Pembina Chippewa,North America,Plains,Northern Plains,Anishinaabe (Chippewa/Ojibwa),Pembina Chippewa,,
http://n2t.net/ark:/65665/sz840346acb-27d6-44bd-8ffa-beeb22e22cdf,NMAICulture_959,"Plains Ojibwa (Bungi) [Rocky Boy's Reservation, Montana]",,,Language Family info:  Algic/Algonquian/Central/Ojibwa,"North America - Plains - Northern Plains - Anishinaabe (Chippewa/Ojibwa) - Plains Ojibwa (Bungi) - Plains Ojibwa (Bungi) [Rocky Boy's Reservation, Montana]",North America,Plains,Northern Plains,Anishinaabe (Chippewa/Ojibwa),Plains Ojibwa (Bungi),"Plains Ojibwa (Bungi) [Rocky Boy's Reservation, Montana]",
http://n2t.net/ark:/65665/sz8366bc202-d0a5-4fa6-95e3-d79b93711ade,NMAICulture_561,Plains Ojibwa (Bungi),,Bungee;Plains Chippewa; Plains Ojibway; Bungi Ojibwa; Bungi Ojibwe,Language Family info:  Algic/Algonquian/Central/Ojibwa,North America - Plains - Northern Plains - Anishinaabe (Chippewa/Ojibwa) - Plains Ojibwa (Bungi),North America,Plains,Northern Plains,Anishinaabe (Chippewa/Ojibwa),Plains Ojibwa (Bungi),,
http://n2t.net/ark:/65665/sz85de09750-0087-4be2-a7bf-fd9993778dcb,NMAICulture_892,Turtle Mountain Chippewa,,Turtle Mountain Ojibwa,Language Family info:  Algic/Algonquian/Central/Ojibwa,North America - Plains - Northern Plains - Anishinaabe (Chippewa/Ojibwa) - Turtle Mountain Chippewa,North America,Plains,Northern Plains,Anishinaabe (Chippewa/Ojibwa),Turtle Mountain Chippewa,,
http://n2t.net/ark:/65665/sz844661d5f-2fda-4de9-8bd4-2d6b3e199318,NMAICulture_123,Anishinaabe (Chippewa/Ojibwa),,,,North America - Plains - Northern Plains - Anishinaabe (Chippewa/Ojibwa),North America,Plains,Northern Plains,Anishinaabe (Chippewa/Ojibwa),,,
http://n2t.net/ark:/65665/sz8a1a08b4e-c6e2-4c35-847b-9cc1b0ed2a71,NMAICulture_104,Apsáalooke (Crow/Absaroke),,Absaloke ; Apsaalooke,Language Family info:  Siouan/Siouan Proper/Missouri Valley,North America - Plains - Northern Plains - Apsáalooke (Crow/Absaroke),North America,Plains,Northern Plains,Apsáalooke (Crow/Absaroke),,,
http://n2t.net/ark:/65665/sz88aa32f06-3003-4214-8f9f-764458b86124,NMAICulture_954,Atikamekw [Manawan],,Manouane ; Manowan ; Manaouan  Manuan,Language Family info:  Algic/Algonquian/Central/Cree-Montagnais-Naskapi,North America - Plains - Northern Plains - Cree - Atikamekw - Atikamekw [Manawan],North America,Plains,Northern Plains,Cree,Atikamekw,Atikamekw [Manawan],
http://n2t.net/ark:/65665/sz836526158-651a-44eb-b656-49008d00f6cc,NMAICulture_955,Atikamekw [Obedjiwan],,Obidjuan ; Opitciwan,Language Family info:  Algic/Algonquian/Central/Cree-Montagnais-Naskapi,North America - Plains - Northern Plains - Cree - Atikamekw - Atikamekw [Obedjiwan],North America,Plains,Northern Plains,Cree,Atikamekw,Atikamekw [Obedjiwan],
http://n2t.net/ark:/65665/sz8175ed60d-f072-4b6e-9828-68e15065e81b,NMAICulture_956,Atikamekw [Wemotaci],"Specific communities can be delineated as separate terms as warranted, including Cococache/Coucoucache",Weymontachingue ; Weymontichinque ; Weymontichingue ; Weymontachi ; Weymont ; Chekamekalicinibi  Weymontachie,Language Family info:  Algic/Algonquian/Central/Cree-Montagnais-Naskapi,North America - Plains - Northern Plains - Cree - Atikamekw - Atikamekw [Wemotaci],North America,Plains,Northern Plains,Cree,Atikamekw,Atikamekw [Wemotaci],
http://n2t.net/ark:/65665/sz8bba2c005-c8a9-4ce5-8d20-7d8513a0f6ef,NMAICulture_1640,Kesagami (Kesagmi) Cree,,Moose Factory,Language Family info:  Algic/Algonquian/Central/Cree-Montagnais-Naskapi,North America - Plains - Northern Plains - Cree - Atikamekw - Kesagami (Kesagmi) Cree,North America,Plains,Northern Plains,Cree,Atikamekw,Kesagami (Kesagmi) Cree,
http://n2t.net/ark:/65665/sz8d6350e12-d21f-4ad1-bc8b-58df2a78ba9b,NMAICulture_547,Atikamekw,,Tetes De Boule ; Attikamek ; Attikamekw ; Tete De Boule Cree,Language Family info:  Algic/Algonquian/Central/Cree-Montagnais-Naskapi,North America - Plains - Northern Plains - Cree - Atikamekw,North America,Plains,Northern Plains,Cree,Atikamekw,,
http://n2t.net/ark:/65665/sz806d74f82-df74-452a-841b-72087cf911f2,NMAICulture_562,Bush or Western Woods Cree,,Bush Cree ; Woods Cree ; Wood Cree,Language Family info:  Algic/Algonquian/Central/Cree-Montagnais-Naskapi,North America - Plains - Northern Plains - Cree - Bush or Western Woods Cree,North America,Plains,Northern Plains,Cree,Bush or Western Woods Cree,,
http://n2t.net/ark:/65665/sz85dbc265d-c850-4e2d-8e99-3dd549d9def2,NMAICulture_3086,Cree [Cold Lake First Nations],,,,North America - Plains - Northern Plains - Cree - Cree [Cold Lake First Nations],North America,Plains,Northern Plains,Cree,Cree [Cold Lake First Nations],,
http://n2t.net/ark:/65665/sz84a84d60b-cece-4ed9-8445-603d20bc4535,NMAICulture_2550,"Metis [St. Laurent, Manitoba]",,,,"North America - Plains - Northern Plains - Cree - Cree Metis - Metis [St. Laurent, Manitoba]",North America,Plains,Northern Plains,Cree,Cree Metis,"Metis [St. Laurent, Manitoba]",
http://n2t.net/ark:/65665/sz82831865e-b793-447e-ab83-4377f5d4b678,NMAICulture_1131,Red River Metis,,Red River Breeds; Red River Cree,Language Family info:  Algic/Algonquian/Central/Cree-Montagnais-Naskapi,North America - Plains - Northern Plains - Cree - Cree Metis - Red River Metis,North America,Plains,Northern Plains,Cree,Cree Metis,Red River Metis,
http://n2t.net/ark:/65665/sz84dc3f4b6-1941-4424-9c32-f681778e7ff4,NMAICulture_612,Cree Metis,Other Metis should ultimately fall under specific terms under their respective parent cultures analogous to Cree Metis,,Language Family info:  Algic/Algonquian/Central/Cree-Montagnais-Naskapi,North America - Plains - Northern Plains - Cree - Cree Metis,North America,Plains,Northern Plains,Cree,Cree Metis,,
http://n2t.net/ark:/65665/sz8819b4749-6625-42fc-bb56-5595ad89e866,NMAICulture_1036,James Bay Cree,,East Main Cree; East Cree,Language Family info:  Algic/Algonquian/Central/Cree-Montagnais-Naskapi,North America - Plains - Northern Plains - Cree - East or Woods Cree - James Bay Cree,North America,Plains,Northern Plains,Cree,East or Woods Cree,James Bay Cree,
http://n2t.net/ark:/65665/sz802e3027d-be2b-4465-aa12-684c2b8801cc,NMAICulture_1186,Waswanipi Cree,"Waswanipi objects were formerly identified in RITS as Innu, but Waswanipi is a Cree community",,Language Family info:  Algic/Algonquian/Central/Cree-Montagnais-Naskapi,North America - Plains - Northern Plains - Cree - East or Woods Cree - Waswanipi Cree,North America,Plains,Northern Plains,Cree,East or Woods Cree,Waswanipi Cree,
http://n2t.net/ark:/65665/sz8cd5ba38b-85c9-455d-9523-b16c3bad3b64,NMAICulture_621,East or Woods Cree,,Woodland Cree; Eastern Cree; East Main Cree; East Cree,Language Family info:  Algic/Algonquian/Central/Cree-Montagnais-Naskapi,North America - Plains - Northern Plains - Cree - East or Woods Cree,North America,Plains,Northern Plains,Cree,East or Woods Cree,,
http://n2t.net/ark:/65665/sz8091b885c-c2ab-4b14-b614-b0cb9704c89b,NMAICulture_1086,Mistassini Cree [Oujé-Bougoumou],,Dore Lake Cree; Dore Lake; Chibougamau,Language Family info:  Algic/Algonquian/Central/Cree-Montagnais-Naskapi,North America - Plains - Northern Plains - Cree - Mistassini Cree - Mistassini Cree [Oujé-Bougoumou],North America,Plains,Northern Plains,Cree,Mistassini Cree,Mistassini Cree [Oujé-Bougoumou],
http://n2t.net/ark:/65665/sz84cad57bb-8b63-40f0-9f0f-8973d22695a5,NMAICulture_726,Mistassini Cree,,Mistassin,Language Family info:  Algic/Algonquian/Central/Cree-Montagnais-Naskapi,North America - Plains - Northern Plains - Cree - Mistassini Cree,North America,Plains,Northern Plains,Cree,Mistassini Cree,,
http://n2t.net/ark:/65665/sz8a36c6a50-1e7a-4dbc-8afe-06b5112c1217,NMAICulture_1067,Maskegon Cree,,,Language Family info:  Algic/Algonquian/Central/Cree-Montagnais-Naskapi,North America - Plains - Northern Plains - Cree - West Main Cree - Maskegon Cree,North America,Plains,Northern Plains,Cree,West Main Cree,Maskegon Cree,
http://n2t.net/ark:/65665/sz82767ad5b-b7af-4f4d-88eb-6487ec5b6756,NMAICulture_1092,Monsoni Cree,,,Language Family info:  Algic/Algonquian/Central/Cree-Montagnais-Naskapi,North America - Plains - Northern Plains - Cree - West Main Cree - Monsoni Cree,North America,Plains,Northern Plains,Cree,West Main Cree,Monsoni Cree,
http://n2t.net/ark:/65665/sz89d52c96c-0fb0-4ef8-8e4e-75cf7d9e0521,NMAICulture_1153,Swampy Cree,,,Language Family info:  Algic/Algonquian/Central/Cree-Montagnais-Naskapi,North America - Plains - Northern Plains - Cree - West Main Cree - Swampy Cree,North America,Plains,Northern Plains,Cree,West Main Cree,Swampy Cree,
http://n2t.net/ark:/65665/sz85b5e942a-4b02-483f-a139-e433f62868a2,NMAICulture_916,West Main Cree,,,Language Family info:  Algic/Algonquian/Central/Cree-Montagnais-Naskapi,North America - Plains - Northern Plains - Cree - West Main Cree,North America,Plains,Northern Plains,Cree,West Main Cree,,
http://n2t.net/ark:/65665/sz852bed13f-1a0f-48ec-885d-588a2dc24c9f,NMAICulture_203,Cree,,,Language Family info:  Algic/Algonquian/Central/Cree-Montagnais-Naskapi,North America - Plains - Northern Plains - Cree,North America,Plains,Northern Plains,Cree,,,
http://n2t.net/ark:/65665/sz8c06f5985-a239-43a9-9bed-f50ffa6ed54c,NMAICulture_755,Northern Inunaina (Arapaho),,Northern Arapaho,Language Family info:  Algic/Algonquian/Plains/Arapaho,North America - Plains - Northern Plains - Inunaina (Arapaho) - Northern Inunaina (Arapaho),North America,Plains,Northern Plains,Inunaina (Arapaho),Northern Inunaina (Arapaho),,
http://n2t.net/ark:/65665/sz88c0cee87-3232-4ee1-9c77-a77063db15b1,NMAICulture_848,Southern Inunaina (Arapaho),,Southern Arapaho,Language Family info:  Algic/Algonquian/Plains/Arapaho,North America - Plains - Northern Plains - Inunaina (Arapaho) - Southern Inunaina (Arapaho),North America,Plains,Northern Plains,Inunaina (Arapaho),Southern Inunaina (Arapaho),,
http://n2t.net/ark:/65665/sz8bc28ea72-bcec-43a4-a8bd-fae6f79e4a34,NMAICulture_254,Inunaina (Arapaho),,Arapahoe,Language Family info:  Algic/Algonquian/Plains/Arapaho,North America - Plains - Northern Plains - Inunaina (Arapaho),North America,Plains,Northern Plains,Inunaina (Arapaho),,,
http://n2t.net/ark:/65665/sz87c6b3ac9-d25f-4bfa-b4ce-ee6bdad2fbf3,NMAICulture_324,Minitari (Hidatsa),,Hiraca; Hinatsa,Language Family info:  Siouan/Siouan Proper/Missouri Valley,North America - Plains - Northern Plains - Minitari (Hidatsa),North America,Plains,Northern Plains,Minitari (Hidatsa),,,
http://n2t.net/ark:/65665/sz8a6f4f7f4-51bb-4825-88ba-f852b226eb9c,NMAICulture_544,Assiniboine (Stoney),,Assiniboian ; Assiniboin ; Stony ; Assinaboin,Language Family info:  Siouan/Siouan Proper/Central/Mississippi Valley/Dakota,North America - Plains - Northern Plains - Nakota (Yankton Sioux) - Assiniboine (Stoney),North America,Plains,Northern Plains,Nakota (Yankton Sioux),Assiniboine (Stoney),,
http://n2t.net/ark:/65665/sz847fb8769-1eec-41d8-a353-b19f5db5eca9,NMAICulture_341,Nakota (Yankton Sioux),,Nakota Sioux ; Nakoda,Language Family info:  Siouan/Siouan Proper/Central/Mississippi Valley/Dakota,North America - Plains - Northern Plains - Nakota (Yankton Sioux),North America,Plains,Northern Plains,Nakota (Yankton Sioux),,,
http://n2t.net/ark:/65665/sz8fa9a5fe0-0ecc-42d5-a195-e1b5562b4cce,NMAICulture_1039,"Kainai (Kainah/Blood) [Gleichen, Alberta]",,,Language Family info:  Algic/Algonquian/Plains,"North America - Plains - Northern Plains - Niitsitapii (Blackfoot/Blackfeet) - Kainai Blackfoot (Kainah/Blood) - Kainai (Kainah/Blood) [Gleichen, Alberta]",North America,Plains,Northern Plains,Niitsitapii (Blackfoot/Blackfeet),Kainai Blackfoot (Kainah/Blood),"Kainai (Kainah/Blood) [Gleichen, Alberta]",
http://n2t.net/ark:/65665/sz8dd6766b3-7914-4088-9476-705444e84dd1,NMAICulture_673,Kainai Blackfoot (Kainah/Blood),,Kaigani Blackfoot;Kainah Blackfoot;Kainai;Kainaiwa; Kainawa,Language Family info:  Algic/Algonquian/Plains,North America - Plains - Northern Plains - Niitsitapii (Blackfoot/Blackfeet) - Kainai Blackfoot (Kainah/Blood),North America,Plains,Northern Plains,Niitsitapii (Blackfoot/Blackfeet),Kainai Blackfoot (Kainah/Blood),,
http://n2t.net/ark:/65665/sz8f2406306-7499-44f4-ab87-efec08a55e1e,NMAICulture_2499,"Apatohsipipiikani (Northern Piegan) [Piikani Reserve, Brocket, Alberta]",,,,"North America - Plains - Northern Plains - Niitsitapii (Blackfoot/Blackfeet) - Pikuni Blackfeet (Piegan) - Apatohsipipiikani (Northern Piegan) [Piikani Reserve, Brocket, Alberta]",North America,Plains,Northern Plains,Niitsitapii (Blackfoot/Blackfeet),Pikuni Blackfeet (Piegan),"Apatohsipipiikani (Northern Piegan) [Piikani Reserve, Brocket, Alberta]",
http://n2t.net/ark:/65665/sz8ffbe2178-199b-4bcf-9fee-b8ce40bf1d58,NMAICulture_1123,"Pikuni (Piegan) [Blackfeet Nation, Browning, Montana]",,,Language Family info:  Algic/Algonquian/Plains,"North America - Plains - Northern Plains - Niitsitapii (Blackfoot/Blackfeet) - Pikuni Blackfeet (Piegan) - Pikuni (Piegan) [Blackfeet Nation, Browning, Montana]",North America,Plains,Northern Plains,Niitsitapii (Blackfoot/Blackfeet),Pikuni Blackfeet (Piegan),"Pikuni (Piegan) [Blackfeet Nation, Browning, Montana]",
http://n2t.net/ark:/65665/sz801aea064-3c12-4d28-a42c-e5114ae2742b,NMAICulture_789,Pikuni Blackfeet (Piegan),,Pikunni;Pikanii,Language Family info:  Algic/Algonquian/Plains,North America - Plains - Northern Plains - Niitsitapii (Blackfoot/Blackfeet) - Pikuni Blackfeet (Piegan),North America,Plains,Northern Plains,Niitsitapii (Blackfoot/Blackfeet),Pikuni Blackfeet (Piegan),,
http://n2t.net/ark:/65665/sz83254930f-d44b-42f7-a154-1ecf028c4be0,NMAICulture_839,Siksika Blackfoot,,,Language Family info:  Algic/Algonquian/Plains,North America - Plains - Northern Plains - Niitsitapii (Blackfoot/Blackfeet) - Siksika Blackfoot,North America,Plains,Northern Plains,Niitsitapii (Blackfoot/Blackfeet),Siksika Blackfoot,,
http://n2t.net/ark:/65665/sz87ad6b41e-5da1-4aad-acda-c3c5078d5778,NMAICulture_348,Niitsitapii (Blackfoot/Blackfeet),"The Blackfoot Confederacy is the collective name of the Northern Piegan, the Kainai, and the Siksika Nation (of Alberta) and the Southern Piegan (Pikuni) of Montana. Blackfoot is preferred in Canada, and Blackfeet in the US.",,Language Family info:  Algic/Algonquian/Plains,North America - Plains - Northern Plains - Niitsitapii (Blackfoot/Blackfeet),North America,Plains,Northern Plains,Niitsitapii (Blackfoot/Blackfeet),,,
http://n2t.net/ark:/65665/sz8f4ced9a6-30cf-40a0-9c69-f89cfea5e234,NMAICulture_358,Numakiki (Mandan),,,Language Family info:  Siouan/Siouan Proper/Central/Mandan,North America - Plains - Northern Plains - Numakiki (Mandan),North America,Plains,Northern Plains,Numakiki (Mandan),,,
http://n2t.net/ark:/65665/sz8bef25890-65ef-4057-ac51-94293d5e0c95,NMAICulture_2665,Paleoindian Tradition: Clovis (archaeological culture),,,,North America - Plains - Northern Plains - Paleoindian Tradition (archaeological culture) - Paleoindian Tradition: Clovis (archaeological culture),North America,Plains,Northern Plains,Paleoindian Tradition (archaeological culture),Paleoindian Tradition: Clovis (archaeological culture),,
http://n2t.net/ark:/65665/sz8165d8379-3531-414e-a7ea-bbe5739c0b46,NMAICulture_2666,Paleoindian Tradition: Folsom (archaeological culture),,,,North America - Plains - Northern Plains - Paleoindian Tradition (archaeological culture) - Paleoindian Tradition: Folsom (archaeological culture),North America,Plains,Northern Plains,Paleoindian Tradition (archaeological culture),Paleoindian Tradition: Folsom (archaeological culture),,
http://n2t.net/ark:/65665/sz84c137c23-5e38-49f7-ac03-228d9b10289f,NMAICulture_2667,Paleoindian Tradition: Plano (archaeological culture),,,,North America - Plains - Northern Plains - Paleoindian Tradition (archaeological culture) - Paleoindian Tradition: Plano (archaeological culture),North America,Plains,Northern Plains,Paleoindian Tradition (archaeological culture),Paleoindian Tradition: Plano (archaeological culture),,
http://n2t.net/ark:/65665/sz895ed2b89-3dd0-422b-bd63-65717c4174f4,NMAICulture_2664,Paleoindian Tradition (archaeological culture),,Paleo-Indian,,North America - Plains - Northern Plains - Paleoindian Tradition (archaeological culture),North America,Plains,Northern Plains,Paleoindian Tradition (archaeological culture),,,
http://n2t.net/ark:/65665/sz87eaa87e1-aa3b-4d0a-aa7e-82607e98d416,NMAICulture_2816,Late Plains Archaic Tradition (archaeological culture),,,,North America - Plains - Northern Plains - Plains Archaic Tradition (archaeological culture) - Late Plains Archaic Tradition (archaeological culture),North America,Plains,Northern Plains,Plains Archaic Tradition (archaeological culture),Late Plains Archaic Tradition (archaeological culture),,
http://n2t.net/ark:/65665/sz89766b186-9be3-48dc-a8ac-847763dbe37e,NMAICulture_2817,Middle Plains Archaic Tradition (archaeological culture),,,,North America - Plains - Northern Plains - Plains Archaic Tradition (archaeological culture) - Middle Plains Archaic Tradition (archaeological culture),North America,Plains,Northern Plains,Plains Archaic Tradition (archaeological culture),Middle Plains Archaic Tradition (archaeological culture),,
http://n2t.net/ark:/65665/sz8b3c11451-a185-4684-966a-b0bcc7523b07,NMAICulture_2801,Plains Archaic Tradition (archaeological culture),,,,North America - Plains - Northern Plains - Plains Archaic Tradition (archaeological culture),North America,Plains,Northern Plains,Plains Archaic Tradition (archaeological culture),,,
http://n2t.net/ark:/65665/sz8c14b6af2-796b-46e2-94bf-2a2315900999,NMAICulture_1406,Lubicon Lake Cree,,,Language Family info:  Algic/Algonquian/Central/Cree-Montagnais-Naskapi,North America - Plains - Northern Plains - Plains Cree (Prairie Cree) - Lubicon Lake Cree,North America,Plains,Northern Plains,Plains Cree (Prairie Cree),Lubicon Lake Cree,,
http://n2t.net/ark:/65665/sz87f25fc10-4683-4a1a-a79b-42b4e6b18c90,NMAICulture_390,Plains Cree (Prairie Cree),,,Language Family info:  Algic/Algonquian/Central/Cree-Montagnais-Naskapi,North America - Plains - Northern Plains - Plains Cree (Prairie Cree),North America,Plains,Northern Plains,Plains Cree (Prairie Cree),,,
http://n2t.net/ark:/65665/sz80392badb-0681-419d-ab64-67ab4cf2c05c,NMAICulture_2776,Plains Village Tradition (archaeological culture),,,,North America - Plains - Northern Plains - Plains Village Tradition (archaeological culture),North America,Plains,Northern Plains,Plains Village Tradition (archaeological culture),,,
http://n2t.net/ark:/65665/sz8699cf8cd-da59-4f18-b72e-d42a06b24043,NMAICulture_2792,Plains Woodland Tradition (archaeological culture),,,,North America - Plains - Northern Plains - Plains Woodland Tradition (archaeological culture),North America,Plains,Northern Plains,Plains Woodland Tradition (archaeological culture),,,
http://n2t.net/ark:/65665/sz8b67e0176-b312-4d3b-8a37-5a70ca2ee0b4,NMAICulture_416,Sahnish (Arikara),,Rickaree; Arickaee; Arikaree; Ree,Language Family info:  Caddoan/Southern,North America - Plains - Northern Plains - Sahnish (Arikara),North America,Plains,Northern Plains,Sahnish (Arikara),,,
http://n2t.net/ark:/65665/sz836814d64-ed5f-43d0-9615-a19a9ea03cb6,NMAICulture_418,Tsuu T'ina (Sarcee),,Sarsi;Sarce;Sarsce;Sarci,Language Family info:  Na-Dene/Nuclear Na-Dene/Athapaskan-Eyak/Athapaskan/Canadian/Sarcee,North America - Plains - Northern Plains - Tsuu T'ina (Sarcee),North America,Plains,Northern Plains,Tsuu T'ina (Sarcee),,,
http://n2t.net/ark:/65665/sz88aad1be4-58f2-4665-8d29-28de1ae86419,NMAICulture_59,Northern Plains,,,,North America - Plains - Northern Plains,North America,Plains,Northern Plains,,,,
http://n2t.net/ark:/65665/sz855b4a3c3-3210-4a1e-a574-e91098612169,NMAICulture_2768,Early Archaic Tradition (archaeological culture),,,,North America - Plains - Prairie - Archaic Tradition (archaeological culture) - Early Archaic Tradition (archaeological culture),North America,Plains,Prairie,Archaic Tradition (archaeological culture),Early Archaic Tradition (archaeological culture),,
http://n2t.net/ark:/65665/sz8d21084c1-c630-46d8-a2bd-c5ade1e5649a,NMAICulture_2757,Middle Archaic Tradition (archaeological culture),,,,North America - Plains - Prairie - Archaic Tradition (archaeological culture) - Middle Archaic Tradition (archaeological culture),North America,Plains,Prairie,Archaic Tradition (archaeological culture),Middle Archaic Tradition (archaeological culture),,
http://n2t.net/ark:/65665/sz888f136d4-e54a-4571-8a23-e9a34a15a683,NMAICulture_2700,Archaic Tradition (archaeological culture),,,,North America - Plains - Prairie - Archaic Tradition (archaeological culture),North America,Plains,Prairie,Archaic Tradition (archaeological culture),,,
http://n2t.net/ark:/65665/sz83ce895c0-e1eb-47aa-963a-9eedbab34b74,NMAICulture_256,Iowa,,Ioway; Baxoje,Language Family info:  Siouan/Siouan Proper/Central/Mississippi Valley/Chiwere,North America - Plains - Prairie - Iowa,North America,Plains,Prairie,Iowa,,,
http://n2t.net/ark:/65665/sz8fcf35622-768f-4837-8d82-b7b835b565f6,NMAICulture_920,White Eagle Band Kansa,,Quya,Language Family info:  Siouan/Siouan Proper/Central/Mississippi Valley/Chiwere,North America - Plains - Prairie - Kaw (Kansa) - White Eagle Band Kansa,North America,Plains,Prairie,Kaw (Kansa),White Eagle Band Kansa,,
http://n2t.net/ark:/65665/sz8f23b91f6-9441-4238-afa7-25573c9d6e15,NMAICulture_275,Kaw (Kansa),,Konze; Kanze,Language Family info:  Siouan/Siouan Proper/Central/Mississippi Valley/Chiwere,North America - Plains - Prairie - Kaw (Kansa),North America,Plains,Prairie,Kaw (Kansa),,,
http://n2t.net/ark:/65665/sz89c812c79-04e8-4f8b-9cde-406f9448ecd3,NMAICulture_677,Kickapoo [Oklahoma],,,Language Family info:  Algic/Algonquian/Central,North America - Plains - Prairie - Kickapoo - Kickapoo [Oklahoma],North America,Plains,Prairie,Kickapoo,Kickapoo [Oklahoma],,
http://n2t.net/ark:/65665/sz88ee2acd5-ada9-4fe5-b325-eb6bae83aa8f,NMAICulture_678,Kikapu (Mexican Kickapoo),,,Language Family info:  Algic/Algonquian/Central,North America - Plains - Prairie - Kickapoo - Kikapu (Mexican Kickapoo),North America,Plains,Prairie,Kickapoo,Kikapu (Mexican Kickapoo),,
http://n2t.net/ark:/65665/sz8094a5778-01ed-41c4-b1d4-4ac1c98737ad,NMAICulture_280,Kickapoo,,,Language Family info:  Algic/Algonquian/Central,North America - Plains - Prairie - Kickapoo,North America,Plains,Prairie,Kickapoo,,,
http://n2t.net/ark:/65665/sz8f2be5888-b077-4e76-b21e-2c04f4ccdc09,NMAICulture_1477,"Meskwaki (Fox) [Tama, Iowa]",,,Language Family info:  Algic/Algonquian/Central,"North America - Plains - Prairie - Meskwaki (Fox) - Meskwaki (Fox) [Tama, Iowa]",North America,Plains,Prairie,Meskwaki (Fox),"Meskwaki (Fox) [Tama, Iowa]",,
http://n2t.net/ark:/65665/sz866268d27-d93d-4792-aedb-8d181d1e84c1,NMAICulture_320,Meskwaki (Fox),,Mesquakie; Meshkwahkihaki,Language Family info:  Algic/Algonquian/Central,North America - Plains - Prairie - Meskwaki (Fox),North America,Plains,Prairie,Meskwaki (Fox),,,
http://n2t.net/ark:/65665/sz8dbbd4f3a-bd33-4ae7-a253-87a486d3b31b,NMAICulture_328,Missouria (Missouri),,Niutaji; Nyut'chi,Language Family info:  Siouan/Siouan Proper/Central/Mississippi Valley/Chiwere,North America - Plains - Prairie - Missouria (Missouri),North America,Plains,Prairie,Missouria (Missouri),,,
http://n2t.net/ark:/65665/sz8191752dc-4084-4093-bc05-2ab6e396c010,NMAICulture_367,Omaha,,Omahay,Language Family info:  Siouan/Siouan Proper/Central/Mississippi Valley/Chiwere,North America - Plains - Prairie - Omaha,North America,Plains,Prairie,Omaha,,,
http://n2t.net/ark:/65665/sz8ae1c001c-e2a4-433f-a148-1dff6733724c,NMAICulture_371,Osage,,,Language Family info:  Siouan/Siouan Proper/Central/Mississippi Valley/Chiwere,North America - Plains - Prairie - Osage,North America,Plains,Prairie,Osage,,,
http://n2t.net/ark:/65665/sz8b1b3ddf8-2c95-406d-948e-32c968d67b13,NMAICulture_372,Oto,,Otoe; Jiwere; Jiwele; Chiwere,Language Family info:  Siouan/Siouan Proper/Central/Mississippi Valley/Chiwere,North America - Plains - Prairie - Oto,North America,Plains,Prairie,Oto,,,
http://n2t.net/ark:/65665/sz8bef25890-65ef-4057-ac51-94293d5e0c95,NMAICulture_2665,Paleoindian Tradition: Clovis (archaeological culture),,,,North America - Plains - Prairie - Paleoindian Tradition (archaeological culture) - Paleoindian Tradition: Clovis (archaeological culture),North America,Plains,Prairie,Paleoindian Tradition (archaeological culture),Paleoindian Tradition: Clovis (archaeological culture),,
http://n2t.net/ark:/65665/sz8165d8379-3531-414e-a7ea-bbe5739c0b46,NMAICulture_2666,Paleoindian Tradition: Folsom (archaeological culture),,,,North America - Plains - Prairie - Paleoindian Tradition (archaeological culture) - Paleoindian Tradition: Folsom (archaeological culture),North America,Plains,Prairie,Paleoindian Tradition (archaeological culture),Paleoindian Tradition: Folsom (archaeological culture),,
http://n2t.net/ark:/65665/sz84c137c23-5e38-49f7-ac03-228d9b10289f,NMAICulture_2667,Paleoindian Tradition: Plano (archaeological culture),,,,North America - Plains - Prairie - Paleoindian Tradition (archaeological culture) - Paleoindian Tradition: Plano (archaeological culture),North America,Plains,Prairie,Paleoindian Tradition (archaeological culture),Paleoindian Tradition: Plano (archaeological culture),,
http://n2t.net/ark:/65665/sz895ed2b89-3dd0-422b-bd63-65717c4174f4,NMAICulture_2664,Paleoindian Tradition (archaeological culture),,Paleo-Indian,,North America - Plains - Prairie - Paleoindian Tradition (archaeological culture),North America,Plains,Prairie,Paleoindian Tradition (archaeological culture),,,
http://n2t.net/ark:/65665/sz87eaa87e1-aa3b-4d0a-aa7e-82607e98d416,NMAICulture_2816,Late Plains Archaic Tradition (archaeological culture),,,,North America - Plains - Prairie - Plains Archaic Tradition (archaeological culture) - Late Plains Archaic Tradition (archaeological culture),North America,Plains,Prairie,Plains Archaic Tradition (archaeological culture),Late Plains Archaic Tradition (archaeological culture),,
http://n2t.net/ark:/65665/sz89766b186-9be3-48dc-a8ac-847763dbe37e,NMAICulture_2817,Middle Plains Archaic Tradition (archaeological culture),,,,North America - Plains - Prairie - Plains Archaic Tradition (archaeological culture) - Middle Plains Archaic Tradition (archaeological culture),North America,Plains,Prairie,Plains Archaic Tradition (archaeological culture),Middle Plains Archaic Tradition (archaeological culture),,
http://n2t.net/ark:/65665/sz8b3c11451-a185-4684-966a-b0bcc7523b07,NMAICulture_2801,Plains Archaic Tradition (archaeological culture),,,,North America - Plains - Prairie - Plains Archaic Tradition (archaeological culture),North America,Plains,Prairie,Plains Archaic Tradition (archaeological culture),,,
http://n2t.net/ark:/65665/sz80392badb-0681-419d-ab64-67ab4cf2c05c,NMAICulture_2776,Plains Village Tradition (archaeological culture),,,,North America - Plains - Prairie - Plains Village Tradition (archaeological culture),North America,Plains,Prairie,Plains Village Tradition (archaeological culture),,,
http://n2t.net/ark:/65665/sz8699cf8cd-da59-4f18-b72e-d42a06b24043,NMAICulture_2792,Plains Woodland Tradition (archaeological culture),,,,North America - Plains - Prairie - Plains Woodland Tradition (archaeological culture),North America,Plains,Prairie,Plains Woodland Tradition (archaeological culture),,,
http://n2t.net/ark:/65665/sz898feb029-f65d-4dbe-917f-3f5701cd6ace,NMAICulture_392,Ponca,,Ponka;Pouka,Language Family info:  Siouan/Siouan Proper/Central/Mississippi Valley/Chiwere,North America - Plains - Prairie - Ponca,North America,Plains,Prairie,Ponca,,,
http://n2t.net/ark:/65665/sz8084f1f32-3599-4161-bd7d-83329bc9be61,NMAICulture_415,Sac and Fox (Sauk & Fox),,Sac & Fox,Language Family info:  Algic/Algonquian/Central,North America - Plains - Prairie - Sac and Fox (Sauk & Fox),North America,Plains,Prairie,Sac and Fox (Sauk & Fox),,,
http://n2t.net/ark:/65665/sz8042cb5fe-bb22-46af-9f1c-65d1673fadd0,NMAICulture_420,Sauk,,Sac,Language Family info:  Algic/Algonquian/Central,North America - Plains - Prairie - Sauk,North America,Plains,Prairie,Sauk,,,
http://n2t.net/ark:/65665/sz88c2c25a9-1fee-4c79-b01d-f87e049af959,NMAICulture_2691,Early Woodland Tradition (archaeological culture),,,,North America - Plains - Prairie - Woodland Tradition (archaeological culture) - Early Woodland Tradition (archaeological culture),North America,Plains,Prairie,Woodland Tradition (archaeological culture),Early Woodland Tradition (archaeological culture),,
http://n2t.net/ark:/65665/sz87f8da6c1-e6ec-4960-8768-bffe94bfff45,NMAICulture_2695,Late Woodland Tradition (archaeological culture),,,,North America - Plains - Prairie - Woodland Tradition (archaeological culture) - Late Woodland Tradition (archaeological culture),North America,Plains,Prairie,Woodland Tradition (archaeological culture),Late Woodland Tradition (archaeological culture),,
http://n2t.net/ark:/65665/sz84fef9669-c599-4273-bdc1-b53a9855dece,NMAICulture_2690,Woodland Tradition (archaeological culture),,,,North America - Plains - Prairie - Woodland Tradition (archaeological culture),North America,Plains,Prairie,Woodland Tradition (archaeological culture),,,
http://n2t.net/ark:/65665/sz8806e2926-c693-4bbf-add5-cb89ab0cda5e,NMAICulture_60,Prairie,,,,North America - Plains - Prairie,North America,Plains,Prairie,,,,
http://n2t.net/ark:/65665/sz82731daf5-ab5c-449f-9fba-838a7a4dc5de,NMAICulture_967,"Chiricahua Apache [Fort Apache, Arizona]",,,Language Family info:  Na-Dene/Nuclear Na-Dene/Athapaskan-Eyak/Athapaskan/Apachean/Navajo-Apache,"North America - Plains - Southern Plains - Apache - Chiricahua Apache - Chiricahua Apache [Fort Apache, Arizona]",North America,Plains,Southern Plains,Apache,Chiricahua Apache,"Chiricahua Apache [Fort Apache, Arizona]",
http://n2t.net/ark:/65665/sz8cb7eafa7-34eb-489b-a544-f0df768ce1f8,NMAICulture_968,"Chiricahua Apache [Fort Sill, Oklahoma]",,,Language Family info:  Na-Dene/Nuclear Na-Dene/Athapaskan-Eyak/Athapaskan/Apachean/Navajo-Apache,"North America - Plains - Southern Plains - Apache - Chiricahua Apache - Chiricahua Apache [Fort Sill, Oklahoma]",North America,Plains,Southern Plains,Apache,Chiricahua Apache,"Chiricahua Apache [Fort Sill, Oklahoma]",
http://n2t.net/ark:/65665/sz8cbb681e7-a1f7-4271-83df-95e02009dfda,NMAICulture_1185,Warm Springs Chiricahua Apache (New Mexico),,Warm Spring Apache,Language Family info:  Na-Dene/Nuclear Na-Dene/Athapaskan-Eyak/Athapaskan/Apachean/Navajo-Apache,North America - Plains - Southern Plains - Apache - Chiricahua Apache - Warm Springs Chiricahua Apache (New Mexico),North America,Plains,Southern Plains,Apache,Chiricahua Apache,Warm Springs Chiricahua Apache (New Mexico),
http://n2t.net/ark:/65665/sz834236e3d-ceb9-4240-ab00-462e1c2def76,NMAICulture_592,Chiricahua Apache,,Chiracahua; Chirichahua; Geronimo band,Language Family info:  Na-Dene/Nuclear Na-Dene/Athapaskan-Eyak/Athapaskan/Apachean/Navajo-Apache,North America - Plains - Southern Plains - Apache - Chiricahua Apache,North America,Plains,Southern Plains,Apache,Chiricahua Apache,,
http://n2t.net/ark:/65665/sz81c6c66d3-d992-49c8-835b-c208a9ed8b22,NMAICulture_622,Eastern Apache,,,Language Family info:  Na-Dene/Nuclear Na-Dene/Athapaskan-Eyak/Athapaskan/Apachean/Navajo-Apache,North America - Plains - Southern Plains - Apache - Eastern Apache,North America,Plains,Southern Plains,Apache,Eastern Apache,,
http://n2t.net/ark:/65665/sz84fac5e14-375c-480c-9883-d91241bd2cb9,NMAICulture_668,Jicarilla Apache,,Jacarilla,Language Family info:  Na-Dene/Nuclear Na-Dene/Athapaskan-Eyak/Athapaskan/Apachean/Navajo-Apache,North America - Plains - Southern Plains - Apache - Jicarilla Apache,North America,Plains,Southern Plains,Apache,Jicarilla Apache,,
http://n2t.net/ark:/65665/sz8feb1dec0-dbc3-4240-8550-80f861591511,NMAICulture_699,Lipan Apache,,,Language Family info:  Na-Dene/Nuclear Na-Dene/Athapaskan-Eyak/Athapaskan/Apachean/Navajo-Apache/Eastern Apache,North America - Plains - Southern Plains - Apache - Lipan Apache,North America,Plains,Southern Plains,Apache,Lipan Apache,,
http://n2t.net/ark:/65665/sz81537fee2-2042-43b6-9ed8-955c4185a215,NMAICulture_718,Mescalero Apache,,Mascalero; Mescallero; Muscalero,Language Family info:  Na-Dene/Nuclear Na-Dene/Athapaskan-Eyak/Athapaskan/Apachean/Navajo-Apache,North America - Plains - Southern Plains - Apache - Mescalero Apache,North America,Plains,Southern Plains,Apache,Mescalero Apache,,
http://n2t.net/ark:/65665/sz8ffa985c6-fd70-4919-b8af-f20e81086e1c,NMAICulture_794,Plains Apache (Naisha/Kiowa Apache),,Kiowa-Apache; Naisha,Language Family info:  Na-Dene/Nuclear Na-Dene/Athapaskan-Eyak/Athapaskan/Apachean/Navajo-Apache/Eastern Apache,North America - Plains - Southern Plains - Apache - Plains Apache (Naisha/Kiowa Apache),North America,Plains,Southern Plains,Apache,Plains Apache (Naisha/Kiowa Apache),,
http://n2t.net/ark:/65665/sz87df50ead-7d9b-42e8-9ad6-b8b62f9264de,NMAICulture_969,Cibecue Apache,,,Language Family info:  Na-Dene/Nuclear Na-Dene/Athapaskan-Eyak/Athapaskan/Apachean/Navajo-Apache,North America - Plains - Southern Plains - Apache - Western Apache - Cibecue Apache,North America,Plains,Southern Plains,Apache,Western Apache,Cibecue Apache,
http://n2t.net/ark:/65665/sz814e40481-f840-47db-8d88-ee9c12dbf52e,NMAICulture_1175,Dilzhe'e (Tonto Apache),,,Language Family info:  Na-Dene/Nuclear Na-Dene/Athapaskan-Eyak/Athapaskan/Apachean/Navajo-Apache,North America - Plains - Southern Plains - Apache - Western Apache - Dilzhe'e (Tonto Apache),North America,Plains,Southern Plains,Apache,Western Apache,Dilzhe'e (Tonto Apache),
http://n2t.net/ark:/65665/sz8641a64dc-aec4-4464-a98f-64ccf0ecc1af,NMAICulture_1125,Pinal Apache (Pinaleno Apache),,,Language Family info:  Na-Dene/Nuclear Na-Dene/Athapaskan-Eyak/Athapaskan/Apachean/Navajo-Apache,North America - Plains - Southern Plains - Apache - Western Apache - Pinal Apache (Pinaleno Apache),North America,Plains,Southern Plains,Apache,Western Apache,Pinal Apache (Pinaleno Apache),
http://n2t.net/ark:/65665/sz846779348-9fcc-460f-ba42-67d62dfef3eb,NMAICulture_1134,San Carlos Apache,,,Language Family info:  Na-Dene/Nuclear Na-Dene/Athapaskan-Eyak/Athapaskan/Apachean/Navajo-Apache,North America - Plains - Southern Plains - Apache - Western Apache - San Carlos Apache,North America,Plains,Southern Plains,Apache,Western Apache,San Carlos Apache,
http://n2t.net/ark:/65665/sz8920b3f91-6140-4217-a01a-2ee6e8f30e66,NMAICulture_1188,White Mountain Apache,,White Mt.,Language Family info:  Na-Dene/Nuclear Na-Dene/Athapaskan-Eyak/Athapaskan/Apachean/Navajo-Apache,North America - Plains - Southern Plains - Apache - Western Apache - White Mountain Apache,North America,Plains,Southern Plains,Apache,Western Apache,White Mountain Apache,
http://n2t.net/ark:/65665/sz8f032d4c6-f7d1-488b-b406-38b14fd6200a,NMAICulture_917,Western Apache,,Coyotero,Language Family info:  Na-Dene/Nuclear Na-Dene/Athapaskan-Eyak/Athapaskan/Apachean/Navajo-Apache,North America - Plains - Southern Plains - Apache - Western Apache,North America,Plains,Southern Plains,Apache,Western Apache,,
http://n2t.net/ark:/65665/sz869f93f72-b032-4bd2-a3f8-183737e1cd61,NMAICulture_127,Apache,,,Language Family info:  Na-Dene/Nuclear Na-Dene/Athapaskan-Eyak/Athapaskan/Apachean/Navajo-Apache,North America - Plains - Southern Plains - Apache,North America,Plains,Southern Plains,Apache,,,
http://n2t.net/ark:/65665/sz855b4a3c3-3210-4a1e-a574-e91098612169,NMAICulture_2768,Early Archaic Tradition (archaeological culture),,,,North America - Plains - Southern Plains - Archaic Tradition (archaeological culture) - Early Archaic Tradition (archaeological culture),North America,Plains,Southern Plains,Archaic Tradition (archaeological culture),Early Archaic Tradition (archaeological culture),,
http://n2t.net/ark:/65665/sz8d21084c1-c630-46d8-a2bd-c5ade1e5649a,NMAICulture_2757,Middle Archaic Tradition (archaeological culture),,,,North America - Plains - Southern Plains - Archaic Tradition (archaeological culture) - Middle Archaic Tradition (archaeological culture),North America,Plains,Southern Plains,Archaic Tradition (archaeological culture),Middle Archaic Tradition (archaeological culture),,
http://n2t.net/ark:/65665/sz888f136d4-e54a-4571-8a23-e9a34a15a683,NMAICulture_2700,Archaic Tradition (archaeological culture),,,,North America - Plains - Southern Plains - Archaic Tradition (archaeological culture),North America,Plains,Southern Plains,Archaic Tradition (archaeological culture),,,
http://n2t.net/ark:/65665/sz85baf1390-8390-4959-885e-2f522763f468,NMAICulture_583,Chaui Chaticks Si Chaticks (Chaui Pawnee),,Chani ; Chowee,Language Family info:  Caddoan/Northern/Pawnee-Kitsai/Pawnee,North America - Plains - Southern Plains - Chaticks Si Chaticks (Pawnee) - Chaui Chaticks Si Chaticks (Chaui Pawnee),North America,Plains,Southern Plains,Chaticks Si Chaticks (Pawnee),Chaui Chaticks Si Chaticks (Chaui Pawnee),,
http://n2t.net/ark:/65665/sz89570bea0-b339-4ec2-a6a0-4201593396d9,NMAICulture_682,Kitkehahki Chaticks Si Chaticks (Republican Pawnee),,Kitkehahki,Language Family info:  Caddoan/Northern/Pawnee-Kitsai/Pawnee,North America - Plains - Southern Plains - Chaticks Si Chaticks (Pawnee) - Kitkehahki Chaticks Si Chaticks (Republican Pawnee),North America,Plains,Southern Plains,Chaticks Si Chaticks (Pawnee),Kitkehahki Chaticks Si Chaticks (Republican Pawnee),,
http://n2t.net/ark:/65665/sz8a68e58f8-f591-4d66-8477-d878d1540707,NMAICulture_701,Loup Chaticks Si Chaticks (Loup Pawnee),,,Language Family info:  Caddoan/Northern/Pawnee-Kitsai/Pawnee,North America - Plains - Southern Plains - Chaticks Si Chaticks (Pawnee) - Loup Chaticks Si Chaticks (Loup Pawnee),North America,Plains,Southern Plains,Chaticks Si Chaticks (Pawnee),Loup Chaticks Si Chaticks (Loup Pawnee),,
http://n2t.net/ark:/65665/sz8f2c4577d-ee80-4ed1-9507-6abaeeca260a,NMAICulture_793,Pitahawirata Chaticks Si Chaticks (Pitahawirata Pawnee),,Pitahauerat ; Petahowerat,Language Family info:  Caddoan/Northern/Pawnee-Kitsai/Pawnee,North America - Plains - Southern Plains - Chaticks Si Chaticks (Pawnee) - Pitahawirata Chaticks Si Chaticks (Pitahawirata Pawnee),North America,Plains,Southern Plains,Chaticks Si Chaticks (Pawnee),Pitahawirata Chaticks Si Chaticks (Pitahawirata Pawnee),,
http://n2t.net/ark:/65665/sz88129584f-ecd1-4b4d-a2d2-6d55c7ebe139,NMAICulture_842,Skidi Chaticks Si Chaticks (Skidi Pawnee/Skiri Pawnee),,,Language Family info:  Caddoan/Northern/Pawnee-Kitsai/Pawnee,North America - Plains - Southern Plains - Chaticks Si Chaticks (Pawnee) - Skidi Chaticks Si Chaticks (Skidi Pawnee/Skiri Pawnee),North America,Plains,Southern Plains,Chaticks Si Chaticks (Pawnee),Skidi Chaticks Si Chaticks (Skidi Pawnee/Skiri Pawnee),,
http://n2t.net/ark:/65665/sz8c1c51cab-a1e0-402b-9004-73ae7f922caa,NMAICulture_166,Chaticks Si Chaticks (Pawnee),,,Language Family info:  Caddoan/Northern/Pawnee-Kitsai/Pawnee,North America - Plains - Southern Plains - Chaticks Si Chaticks (Pawnee),North America,Plains,Southern Plains,Chaticks Si Chaticks (Pawnee),,,
http://n2t.net/ark:/65665/sz8b882ebb0-1621-4d21-81f2-7f7f8c87940a,NMAICulture_282,Kiowa,,,Language Family info:  Kiowa Tanoan/Kiowa-Towa/Kiowa,North America - Plains - Southern Plains - Kiowa,North America,Plains,Southern Plains,Kiowa,,,
http://n2t.net/ark:/65665/sz833136655-854b-4d91-a923-720ad68a17ce,NMAICulture_3306,Late Pre-Contact Tradition (archaeological culture),,,,North America - Plains - Southern Plains - Late Pre-Contact Tradition (archaeological culture),North America,Plains,Southern Plains,Late Pre-Contact Tradition (archaeological culture),,,
http://n2t.net/ark:/65665/sz8964f1bcc-6a1d-45d1-9a7d-1f746db8d0f7,NMAICulture_350,Niuam (Comanche),,Comanchi; Commanche,Language Family info:  Uto-Aztecan/Northern Uto-Aztecan/Numic/Central,North America - Plains - Southern Plains - Niuam (Comanche),North America,Plains,Southern Plains,Niuam (Comanche),,,
http://n2t.net/ark:/65665/sz87eaa87e1-aa3b-4d0a-aa7e-82607e98d416,NMAICulture_2816,Late Plains Archaic Tradition (archaeological culture),,,,North America - Plains - Southern Plains - Plains Archaic Tradition (archaeological culture) - Late Plains Archaic Tradition (archaeological culture),North America,Plains,Southern Plains,Plains Archaic Tradition (archaeological culture),Late Plains Archaic Tradition (archaeological culture),,
http://n2t.net/ark:/65665/sz89766b186-9be3-48dc-a8ac-847763dbe37e,NMAICulture_2817,Middle Plains Archaic Tradition (archaeological culture),,,,North America - Plains - Southern Plains - Plains Archaic Tradition (archaeological culture) - Middle Plains Archaic Tradition (archaeological culture),North America,Plains,Southern Plains,Plains Archaic Tradition (archaeological culture),Middle Plains Archaic Tradition (archaeological culture),,
http://n2t.net/ark:/65665/sz8b3c11451-a185-4684-966a-b0bcc7523b07,NMAICulture_2801,Plains Archaic Tradition (archaeological culture),,,,North America - Plains - Southern Plains - Plains Archaic Tradition (archaeological culture),North America,Plains,Southern Plains,Plains Archaic Tradition (archaeological culture),,,
http://n2t.net/ark:/65665/sz8699cf8cd-da59-4f18-b72e-d42a06b24043,NMAICulture_2792,Plains Woodland Tradition (archaeological culture),,,,North America - Plains - Southern Plains - Plains Woodland Tradition (archaeological culture),North America,Plains,Southern Plains,Plains Woodland Tradition (archaeological culture),,,
http://n2t.net/ark:/65665/sz83237fc66-7729-4384-8390-54eb9b8c2efd,NMAICulture_402,Quapaw,,Arkansas ; Alkansea ; Capa ; Ogaxpa,Language Family info:  Siouan/Siouan Proper/Central/Mississippi Valley/Dhegiha,North America - Plains - Southern Plains - Quapaw,North America,Plains,Southern Plains,Quapaw,,,
http://n2t.net/ark:/65665/sz83db57455-f99f-43a9-80cc-1138a05b5c4b,NMAICulture_2980,Tawakoni (Tawakarchu) Wichita,,,Language Family info:  Caddoan/Northern/Wichita,North America - Plains - Southern Plains - Tawakoni (Tawakarchu) Wichita,North America,Plains,Southern Plains,Tawakoni (Tawakarchu) Wichita,,,
http://n2t.net/ark:/65665/sz81a034c80-7bf8-44e5-9c25-82c6521f9cfd,NMAICulture_456,Tonkawa,,,Language Family info:  Coahuiltecan,North America - Plains - Southern Plains - Tonkawa,North America,Plains,Southern Plains,Tonkawa,,,
http://n2t.net/ark:/65665/sz8528f1804-8b72-450b-a8ff-d165a7385214,NMAICulture_2807,Pecos Archaic Tradition (archaeological culture),,,,North America - Plains - Southern Plains - Western Archaic - Pecos Archaic Tradition (archaeological culture),North America,Plains,Southern Plains,Western Archaic,Pecos Archaic Tradition (archaeological culture),,
http://n2t.net/ark:/65665/sz8f7eb0164-af9a-4020-9706-23fa4faaa5df,NMAICulture_3323,Western Archaic,,,,North America - Plains - Southern Plains - Western Archaic,North America,Plains,Southern Plains,Western Archaic,,,
http://n2t.net/ark:/65665/sz87a827c17-7fae-46ff-8bba-2f60d5e52e39,NMAICulture_681,Kitchai Wichita,,Kichai,Language Family info:  Caddoan/Northern/Wichita,North America - Plains - Southern Plains - Wichita - Kitchai Wichita,North America,Plains,Southern Plains,Wichita,Kitchai Wichita,,
http://n2t.net/ark:/65665/sz8d5ba3deb-c713-4340-9155-f27ec14b27df,NMAICulture_498,Wichita,,,Language Family info:  Caddoan/Northern/Wichita,North America - Plains - Southern Plains - Wichita,North America,Plains,Southern Plains,Wichita,,,
http://n2t.net/ark:/65665/sz88c2c25a9-1fee-4c79-b01d-f87e049af959,NMAICulture_2691,Early Woodland Tradition (archaeological culture),,,,North America - Plains - Southern Plains - Woodland Tradition (archaeological culture) - Early Woodland Tradition (archaeological culture),North America,Plains,Southern Plains,Woodland Tradition (archaeological culture),Early Woodland Tradition (archaeological culture),,
http://n2t.net/ark:/65665/sz87f8da6c1-e6ec-4960-8768-bffe94bfff45,NMAICulture_2695,Late Woodland Tradition (archaeological culture),,,,North America - Plains - Southern Plains - Woodland Tradition (archaeological culture) - Late Woodland Tradition (archaeological culture),North America,Plains,Southern Plains,Woodland Tradition (archaeological culture),Late Woodland Tradition (archaeological culture),,
http://n2t.net/ark:/65665/sz84fef9669-c599-4273-bdc1-b53a9855dece,NMAICulture_2690,Woodland Tradition (archaeological culture),,,,North America - Plains - Southern Plains - Woodland Tradition (archaeological culture),North America,Plains,Southern Plains,Woodland Tradition (archaeological culture),,,
http://n2t.net/ark:/65665/sz8dfd060c8-14d4-42fe-ad07-b3d149287312,NMAICulture_61,Southern Plains,,,,North America - Plains - Southern Plains,North America,Plains,Southern Plains,,,,
http://n2t.net/ark:/65665/sz8e2eba080-1d6a-43ef-aea8-d723640c0fad,NMAICulture_17,Plains,,Plains Indians,,North America - Plains,North America,Plains,,,,,
http://n2t.net/ark:/65665/sz8a799553e-59e5-4c32-90a4-8781cd2e8440,NMAICulture_1570,Cayuse,,,Language Family info:  language isolate,North America - Plateau - Plateau (no sub-culture area) - Cayuse,North America,Plateau,Plateau (no sub-culture area),Cayuse,,,
http://n2t.net/ark:/65665/sz8ac844080-88da-458e-987b-985fe2ea8d5d,NMAICulture_3060,Coeur D'Alene,,,,North America - Plateau - Plateau (no sub-culture area) - Coeur D'Alene,North America,Plateau,Plateau (no sub-culture area),Coeur D'Alene,,,
http://n2t.net/ark:/65665/sz845d12624-6ff4-4761-910e-8bf9c0f82f4b,NMAICulture_1569,Colville,"twelve tribes of the Confederated  Tribes of the Colville Reservation: ??lámx?x? (deep water) or Chelan ? ; walwáma ? (Wallowa people) or Chief Joseph Band of Nez Perce; sx??y?i?p (sharp pointed trees) or  Colville; nt?iyátk??x? (grass in the water) or Entiat; sn?áyckst (speckled fish) or Lakes/Arrow Lakes; m?tx?u (blunt hills around a valley) or Methow; kwáx??n?x? (people living on the bank) or  Moses-Columbia; nspilm (prairie) or Nespelem; uknaqin (seeing over the top) or Okanogan; palúpam (people from Palouse) or Palus; s?np??ilx (grey mist as far as one can see) or San  Poil, and np? ?q?áw? s?x? (people in between) or Wenatchi.",,,North America - Plateau - Plateau (no sub-culture area) - Colville,North America,Plateau,Plateau (no sub-culture area),Colville,,,
http://n2t.net/ark:/65665/sz8b9838f3f-4453-4d8d-9631-43aa1d1116ea,NMAICulture_3061,Confederated Tribes of Grand Ronde,,,,North America - Plateau - Plateau (no sub-culture area) - Confederated Tribes of Grand Ronde,North America,Plateau,Plateau (no sub-culture area),Confederated Tribes of Grand Ronde,,,
http://n2t.net/ark:/65665/sz84a88978d-b0a5-48a3-add9-308215fcd54d,NMAICulture_270,Kamloops (Klamloops) Salish,,T'Kumlups,"Language Family info:  Salishan, Interior Salish, Northern",North America - Plateau - Plateau (no sub-culture area) - Interior Salish - Kamloops (Klamloops) Salish,North America,Plateau,Plateau (no sub-culture area),Interior Salish,Kamloops (Klamloops) Salish,,
http://n2t.net/ark:/65665/sz8678c4815-2652-45e7-b05c-b79b102319aa,NMAICulture_1560,Lytton Nlaka'pamux (Upper Thompson River Salish),,Fraser River Salish,"Language Family info:  Salishan, Interior Salish, Northern",North America - Plateau - Plateau (no sub-culture area) - Interior Salish - Nlaka'pamux (Thompson River Salish) - Lytton Nlaka'pamux (Upper Thompson River Salish),North America,Plateau,Plateau (no sub-culture area),Interior Salish,Nlaka'pamux (Thompson River Salish),Lytton Nlaka'pamux (Upper Thompson River Salish),
http://n2t.net/ark:/65665/sz88abacefb-eeec-433e-b528-a547c5d4b3c0,NMAICulture_1559,Nlaka'pamux (Thompson River Salish) [Spuzzum],Spuzzum is a Thompson village (from Swanton),,"Language Family info:  Salishan, Interior Salish, Northern",North America - Plateau - Plateau (no sub-culture area) - Interior Salish - Nlaka'pamux (Thompson River Salish) - Nlaka'pamux (Thompson River Salish) [Spuzzum],North America,Plateau,Plateau (no sub-culture area),Interior Salish,Nlaka'pamux (Thompson River Salish),Nlaka'pamux (Thompson River Salish) [Spuzzum],
http://n2t.net/ark:/65665/sz828c30678-539d-4b68-8925-29e94aeeccc1,NMAICulture_704,Uta'mqtamux (Lower Thompson River Salish),,,"Language Family info:  Salishan, Interior Salish, Northern",North America - Plateau - Plateau (no sub-culture area) - Interior Salish - Nlaka'pamux (Thompson River Salish) - Uta'mqtamux (Lower Thompson River Salish),North America,Plateau,Plateau (no sub-culture area),Interior Salish,Nlaka'pamux (Thompson River Salish),Uta'mqtamux (Lower Thompson River Salish),
http://n2t.net/ark:/65665/sz82906e850-185f-4fb7-b7be-c3c3edf30dd8,NMAICulture_351,Nlaka'pamux (Thompson River Salish),,Ntlakapmuk; Ntlakapamuk; Nklapmx; Ntlakyapamuk; Klackarpun; Couteau; Knife Indians; Nlakapamux; Ntlakapmuk; Hakamaugh; Klackarpun,"Language Family info:  Salishan, Interior Salish, Northern",North America - Plateau - Plateau (no sub-culture area) - Interior Salish - Nlaka'pamux (Thompson River Salish),North America,Plateau,Plateau (no sub-culture area),Interior Salish,Nlaka'pamux (Thompson River Salish),,
http://n2t.net/ark:/65665/sz864d50997-3674-4e5b-b2c6-f1d7de0c48c2,NMAICulture_3411,Sinixt (Arrow Lakes),,Sin-Aikst ; Sin Aikst ; Senjextee ; Lakes,language family info: 	 Salishan Interior Salish Southern Okanagan Sinixt,North America - Plateau - Plateau (no sub-culture area) - Interior Salish - Okanagan - Sinixt (Arrow Lakes),North America,Plateau,Plateau (no sub-culture area),Interior Salish,Okanagan,Sinixt (Arrow Lakes),
http://n2t.net/ark:/65665/sz8b0848864-1bd9-4dc1-a4d9-e7295a443103,NMAICulture_703,Sinkaietk (Southern or Lower Okanagan),Questionable term: Lower Okanogan may not be culturally relevant,Osoyoos,Language Family info:  Salishan/Interior Salish/Southern,North America - Plateau - Plateau (no sub-culture area) - Interior Salish - Okanagan - Sinkaietk (Southern or Lower Okanagan),North America,Plateau,Plateau (no sub-culture area),Interior Salish,Okanagan,Sinkaietk (Southern or Lower Okanagan),
http://n2t.net/ark:/65665/sz8b719214e-3424-4729-a2f6-4d2289491b66,NMAICulture_365,Okanagan,,Okinagan; Okanogan; Okanagon,"Language Family info:  Salishan, Interior Salish, Northern",North America - Plateau - Plateau (no sub-culture area) - Interior Salish - Okanagan,North America,Plateau,Plateau (no sub-culture area),Interior Salish,Okanagan,,
http://n2t.net/ark:/65665/sz8caaa9f58-1460-4cc4-8423-7c5a0200b7c1,NMAICulture_429,Shuswap,,Secwepemc; Shushwap,"Language Family info:  Salishan, Interior Salish, Northern",North America - Plateau - Plateau (no sub-culture area) - Interior Salish - Shuswap,North America,Plateau,Plateau (no sub-culture area),Interior Salish,Shuswap,,
http://n2t.net/ark:/65665/sz84439af97-b18f-47b7-ad72-30f2b9e8671b,NMAICulture_436,Stl'atl'imx (Lillooet),,Stlitlimx ; St'at'imc ; St'at'imcets ; Lilloet ; Upper Fraser River Salish,"Language Family info:  Salishan, Interior Salish, Northern",North America - Plateau - Plateau (no sub-culture area) - Interior Salish - Stl'atl'imx (Lillooet),North America,Plateau,Plateau (no sub-culture area),Interior Salish,Stl'atl'imx (Lillooet),,
http://n2t.net/ark:/65665/sz88e99881e-4263-4a8e-9fc4-babb55997a23,NMAICulture_437,Stó:lo (Lower Fraser River Salish),,Chellenak ; Chellewak ; Chilliwack; Fraser River Indians; Frazer River,"Language Family info:  Salishan, Interior Salish, Northern",North America - Plateau - Plateau (no sub-culture area) - Interior Salish - Stó:lo (Lower Fraser River Salish),North America,Plateau,Plateau (no sub-culture area),Interior Salish,Stó:lo (Lower Fraser River Salish),,
http://n2t.net/ark:/65665/sz8e59a2cac-66b5-4fcc-abfa-c124266f6eeb,NMAICulture_62,Interior Salish,,,,North America - Plateau - Plateau (no sub-culture area) - Interior Salish,North America,Plateau,Plateau (no sub-culture area),Interior Salish,,,
http://n2t.net/ark:/65665/sz807bbc489-8b65-4836-b773-c31c27821929,NMAICulture_1574,Nespelem,,,Language Family info:  Salishan/Interior Salish/Southern,North America - Plateau - Plateau (no sub-culture area) - Kalispel (Pend d'Oreilles) - Nespelem,North America,Plateau,Plateau (no sub-culture area),Kalispel (Pend d'Oreilles),Nespelem,,
http://n2t.net/ark:/65665/sz89c863470-bc8a-4082-8920-5a8da4a2db9a,NMAICulture_1573,Kalispel (Pend d'Oreilles),,Kalispell,Language Family info:  Salishan/Interior Salish/Southern,North America - Plateau - Plateau (no sub-culture area) - Kalispel (Pend d'Oreilles),North America,Plateau,Plateau (no sub-culture area),Kalispel (Pend d'Oreilles),,,
http://n2t.net/ark:/65665/sz83c47a6a6-2355-4d30-9633-ca9cdff8b70b,NMAICulture_1577,Klamath,,Klamoth,Language Family info:  Penutian/Plateau Penutian/Klamath-Modoc,North America - Plateau - Plateau (no sub-culture area) - Klamath,North America,Plateau,Plateau (no sub-culture area),Klamath,,,
http://n2t.net/ark:/65665/sz8db0836f5-bc05-4f7d-9ceb-7249aa082ed9,NMAICulture_1579,Klikitat,,Kliktat,Language Family info:  Penutian/Plateau Penutian/Sahaptin,North America - Plateau - Plateau (no sub-culture area) - Klikitat,North America,Plateau,Plateau (no sub-culture area),Klikitat,,,
http://n2t.net/ark:/65665/sz8015f8ed4-c57f-48e0-bc61-3fdf3e551eb2,NMAICulture_1582,Kootenai (Kutenai) [Idaho],,,Language Family info:  Language Isolate,North America - Plateau - Plateau (no sub-culture area) - Kootenai (Kutenai) - Kootenai (Kutenai) [Idaho],North America,Plateau,Plateau (no sub-culture area),Kootenai (Kutenai),Kootenai (Kutenai) [Idaho],,
http://n2t.net/ark:/65665/sz8c64b44f3-fe7f-4f0b-b7e4-da19e59217a6,NMAICulture_1583,Ksanka (Montana Kootenai),,,Language Family info:  Language Isolate,North America - Plateau - Plateau (no sub-culture area) - Kootenai (Kutenai) - Ksanka (Montana Kootenai),North America,Plateau,Plateau (no sub-culture area),Kootenai (Kutenai),Ksanka (Montana Kootenai),,
http://n2t.net/ark:/65665/sz86894b643-9a00-42d8-8dc1-7a8a59219306,NMAICulture_1585,"Ktunaxa (Kootenai) [Lower Kootenay Band, Creston, BC]",,,Language Family info:  Language Isolate,"North America - Plateau - Plateau (no sub-culture area) - Kootenai (Kutenai) - Ktunaxa (Kootenai) [British Columbia] - Ktunaxa (Kootenai) [Lower Kootenay Band, Creston, BC]",North America,Plateau,Plateau (no sub-culture area),Kootenai (Kutenai),Ktunaxa (Kootenai) [British Columbia],"Ktunaxa (Kootenai) [Lower Kootenay Band, Creston, BC]",
http://n2t.net/ark:/65665/sz8400ded5b-1172-4a4c-9562-d67b4628b3d4,NMAICulture_1584,Ktunaxa (Kootenai) [British Columbia],,,Language Family info:  Language Isolate,North America - Plateau - Plateau (no sub-culture area) - Kootenai (Kutenai) - Ktunaxa (Kootenai) [British Columbia],North America,Plateau,Plateau (no sub-culture area),Kootenai (Kutenai),Ktunaxa (Kootenai) [British Columbia],,
http://n2t.net/ark:/65665/sz8470e5f95-bc0b-4f74-a9c1-ebdc1dbfe205,NMAICulture_1581,Kootenai (Kutenai),,Kootenay; Ktunaxa; Kutnai; Kootanae; Sanka; Ksanka,Language Family info:  Language Isolate,North America - Plateau - Plateau (no sub-culture area) - Kootenai (Kutenai),North America,Plateau,Plateau (no sub-culture area),Kootenai (Kutenai),,,
http://n2t.net/ark:/65665/sz84e1ec7a1-7e6b-4a4c-9989-3d18621205b5,NMAICulture_1587,Methow,,,Language Family info:  Salishan/Interior Salish/Southern,North America - Plateau - Plateau (no sub-culture area) - Methow,North America,Plateau,Plateau (no sub-culture area),Methow,,,
http://n2t.net/ark:/65665/sz873e820f6-62e8-4c39-bfcd-ba290251ce56,NMAICulture_1588,Molala,,Molalla; Molale,Language Family info:  Penutian/Unclassified,North America - Plateau - Plateau (no sub-culture area) - Molala,North America,Plateau,Plateau (no sub-culture area),Molala,,,
http://n2t.net/ark:/65665/sz836564f9c-f02c-413b-b51d-f1e39f7384eb,NMAICulture_1591,Niimíipuu (Nez Perce) [Fort Hall],,,Language Family info:  Penutian/Plateau Penutian/Sahaptin,North America - Plateau - Plateau (no sub-culture area) - Niimíipuu (Nez Perce) - Niimíipuu (Nez Perce) [Fort Hall],North America,Plateau,Plateau (no sub-culture area),Niimíipuu (Nez Perce),Niimíipuu (Nez Perce) [Fort Hall],,
http://n2t.net/ark:/65665/sz8ac57caf1-62e1-4a2c-8815-1352b3412154,NMAICulture_1592,Niimíipuu (Nez Perce) [Lapwai],,,Language Family info:  Penutian/Plateau Penutian/Sahaptin,North America - Plateau - Plateau (no sub-culture area) - Niimíipuu (Nez Perce) - Niimíipuu (Nez Perce) [Lapwai],North America,Plateau,Plateau (no sub-culture area),Niimíipuu (Nez Perce),Niimíipuu (Nez Perce) [Lapwai],,
http://n2t.net/ark:/65665/sz8280b20b5-7394-42f1-913a-5f309379ed30,NMAICulture_1590,Niimíipuu (Nez Perce),,Nimi'ipuu; Nez Percé; Nez Perces; Shahaptian; Sahaptin; Sahaptan; Shahaptin,Language Family info:  Penutian/Plateau Penutian/Sahaptin,North America - Plateau - Plateau (no sub-culture area) - Niimíipuu (Nez Perce),North America,Plateau,Plateau (no sub-culture area),Niimíipuu (Nez Perce),,,
http://n2t.net/ark:/65665/sz8bef25890-65ef-4057-ac51-94293d5e0c95,NMAICulture_2665,Paleoindian Tradition: Clovis (archaeological culture),,,,North America - Plateau - Plateau (no sub-culture area) - Paleoindian Tradition (archaeological culture) - Paleoindian Tradition: Clovis (archaeological culture),North America,Plateau,Plateau (no sub-culture area),Paleoindian Tradition (archaeological culture),Paleoindian Tradition: Clovis (archaeological culture),,
http://n2t.net/ark:/65665/sz8165d8379-3531-414e-a7ea-bbe5739c0b46,NMAICulture_2666,Paleoindian Tradition: Folsom (archaeological culture),,,,North America - Plateau - Plateau (no sub-culture area) - Paleoindian Tradition (archaeological culture) - Paleoindian Tradition: Folsom (archaeological culture),North America,Plateau,Plateau (no sub-culture area),Paleoindian Tradition (archaeological culture),Paleoindian Tradition: Folsom (archaeological culture),,
http://n2t.net/ark:/65665/sz84c137c23-5e38-49f7-ac03-228d9b10289f,NMAICulture_2667,Paleoindian Tradition: Plano (archaeological culture),,,,North America - Plateau - Plateau (no sub-culture area) - Paleoindian Tradition (archaeological culture) - Paleoindian Tradition: Plano (archaeological culture),North America,Plateau,Plateau (no sub-culture area),Paleoindian Tradition (archaeological culture),Paleoindian Tradition: Plano (archaeological culture),,
http://n2t.net/ark:/65665/sz895ed2b89-3dd0-422b-bd63-65717c4174f4,NMAICulture_2664,Paleoindian Tradition (archaeological culture),,Paleo-Indian,,North America - Plateau - Plateau (no sub-culture area) - Paleoindian Tradition (archaeological culture),North America,Plateau,Plateau (no sub-culture area),Paleoindian Tradition (archaeological culture),,,
http://n2t.net/ark:/65665/sz8721e902d-740a-47c6-bfc7-6fdd6a02082e,NMAICulture_2557,Palouse,,,,North America - Plateau - Plateau (no sub-culture area) - Palouse,North America,Plateau,Plateau (no sub-culture area),Palouse,,,
http://n2t.net/ark:/65665/sz8aae38d8e-f766-4803-a79f-c0a1fc26544e,NMAICulture_2806,Piqunin Phase (archaeological culture),,,,North America - Plateau - Plateau (no sub-culture area) - Piqunin Phase (archaeological culture),North America,Plateau,Plateau (no sub-culture area),Piqunin Phase (archaeological culture),,,
http://n2t.net/ark:/65665/sz81981cc77-5d66-457f-9da5-205201b81cf3,NMAICulture_1571,Salish (Flathead),Legal community name: Confederated Salish and Kootenai Tribes of the Flathead Nation,Flat Head; Bitterroot Salish; Kootenai; Kalispel (Pend d'Oreilles),Language Family info:  Salishan/Interior Salish/Southern,North America - Plateau - Plateau (no sub-culture area) - Salish (Flathead),North America,Plateau,Plateau (no sub-culture area),Salish (Flathead),,,
http://n2t.net/ark:/65665/sz81e697a58-a168-4ca8-b344-68e30d89e80d,NMAICulture_2977,Sanpoil,,,Language Family info:  Salishan/Interior Salish/Southern,North America - Plateau - Plateau (no sub-culture area) - Sanpoil,North America,Plateau,Plateau (no sub-culture area),Sanpoil,,,
http://n2t.net/ark:/65665/sz809c22478-7526-417e-abfe-7cd955d399a3,NMAICulture_2782,Cascade Phase (archaeological culture),,,,North America - Plateau - Plateau (no sub-culture area) - Snake River (archaeological culture) - Cascade Phase (archaeological culture),North America,Plateau,Plateau (no sub-culture area),Snake River (archaeological culture),Cascade Phase (archaeological culture),,
http://n2t.net/ark:/65665/sz814a4a118-eada-47ea-bd73-c3ed1f5ed80e,NMAICulture_2766,Harder Phase (archaeological culture),,,,North America - Plateau - Plateau (no sub-culture area) - Snake River (archaeological culture) - Harder Phase (archaeological culture),North America,Plateau,Plateau (no sub-culture area),Snake River (archaeological culture),Harder Phase (archaeological culture),,
http://n2t.net/ark:/65665/sz89ee96773-5cea-4586-8873-25948a4cc5ce,NMAICulture_2765,Snake River (archaeological culture),,,,North America - Plateau - Plateau (no sub-culture area) - Snake River (archaeological culture),North America,Plateau,Plateau (no sub-culture area),Snake River (archaeological culture),,,
http://n2t.net/ark:/65665/sz80e84dafd-834a-45f5-a9c9-0d8f6a7576dc,NMAICulture_1599,Spokan,,Spokane,Language Family info:  Salishan/Interior Salish/Southern,North America - Plateau - Plateau (no sub-culture area) - Spokan,North America,Plateau,Plateau (no sub-culture area),Spokan,,,
http://n2t.net/ark:/65665/sz85193deff-a2cd-4c52-ad43-728336d5e931,NMAICulture_2805,Tucannon Phase (archaeological culture),,,,North America - Plateau - Plateau (no sub-culture area) - Tucannon Phase (archaeological culture),North America,Plateau,Plateau (no sub-culture area),Tucannon Phase (archaeological culture),,,
http://n2t.net/ark:/65665/sz89892f4de-2fcd-4ad9-bacb-7f52b8bb44ef,NMAICulture_1601,Umatilla,,,Language Family info:  Penutian/Plateau Penutian/Sahaptin,North America - Plateau - Plateau (no sub-culture area) - Umatilla,North America,Plateau,Plateau (no sub-culture area),Umatilla,,,
http://n2t.net/ark:/65665/sz87c5b99e7-ecd3-41d5-af33-8476b32b2a20,NMAICulture_1603,Walla Walla [Warm Springs Reservation],,,Language Family info:  Penutian/Plateau Penutian/Sahaptin,North America - Plateau - Plateau (no sub-culture area) - Walla Walla (Wallawalla) - Walla Walla [Warm Springs Reservation],North America,Plateau,Plateau (no sub-culture area),Walla Walla (Wallawalla),Walla Walla [Warm Springs Reservation],,
http://n2t.net/ark:/65665/sz8d757cf7e-a2fb-4e3d-8cb5-7611342f4e41,NMAICulture_1602,Walla Walla (Wallawalla),,Walla-Walla; Wallowa,Language Family info:  Penutian/Plateau Penutian/Sahaptin,North America - Plateau - Plateau (no sub-culture area) - Walla Walla (Wallawalla),North America,Plateau,Plateau (no sub-culture area),Walla Walla (Wallawalla),,,
http://n2t.net/ark:/65665/sz87a3178f4-d75d-474c-9f50-1c4f3739e7f4,NMAICulture_1607,Warm Springs,,Upper Deschutes ; Tygh ; Lower Deschutes ; Wyam ; Tenino ; John Day ; Dock-spus,,North America - Plateau - Plateau (no sub-culture area) - Warm Springs,North America,Plateau,Plateau (no sub-culture area),Warm Springs,,,
http://n2t.net/ark:/65665/sz824322b2a-6662-4289-a484-5e37c7286bdf,NMAICulture_1605,Wasco [Warm Springs Reservation],,,Language Family info:  Penutian/Chinookan,North America - Plateau - Plateau (no sub-culture area) - Wasco - Wasco [Warm Springs Reservation],North America,Plateau,Plateau (no sub-culture area),Wasco,Wasco [Warm Springs Reservation],,
http://n2t.net/ark:/65665/sz84bba7fae-f78a-4f91-a44c-b17d5dadf059,NMAICulture_1604,Wasco,,Wasgo,Language Family info:  Penutian/Chinookan,North America - Plateau - Plateau (no sub-culture area) - Wasco,North America,Plateau,Plateau (no sub-culture area),Wasco,,,
http://n2t.net/ark:/65665/sz8b94d11cb-3b66-4f21-a242-a8a6250e456e,NMAICulture_2795,Windust Phase (archaeological culture),,,,North America - Plateau - Plateau (no sub-culture area) - Windust Phase (archaeological culture),North America,Plateau,Plateau (no sub-culture area),Windust Phase (archaeological culture),,,
http://n2t.net/ark:/65665/sz8ba62930a-6fed-4237-b1b4-89ae78a1c301,NMAICulture_1606,Wishram,,Wishxam,Language Family info:  Penutian/Chinookan,North America - Plateau - Plateau (no sub-culture area) - Wishram,North America,Plateau,Plateau (no sub-culture area),Wishram,,,
http://n2t.net/ark:/65665/sz82c4f357c-b694-4bcb-a073-3e3649452959,NMAICulture_1442,Yakama [Toppenish],Topenish is a Yakama village (from Swanton),Topanish; Topenish ; Topunish,Language Family info:  Penutian/Plateau Penutian/Sahaptin,North America - Plateau - Plateau (no sub-culture area) - Yakama (Yakima) - Yakama [Toppenish],North America,Plateau,Plateau (no sub-culture area),Yakama (Yakima),Yakama [Toppenish],,
http://n2t.net/ark:/65665/sz884ca6f88-3c09-4215-8886-3ae17a863087,NMAICulture_1441,Yakama (Yakima),"Yakama is a distinct cultural group, but today the term is often used for the Confederated Tribes and Bands of the Yakama Nation which includes Palouse, Pisquouse, Wenatshapam, Klikatat, Klinquit, Kow-was-say-ee, Li-ay-was, Skin-pah, Wish-ham, Shyiks, Ochechotes, Kah-milt-pay, and Se-ap-cat",,Language Family info:  Penutian/Plateau Penutian/Sahaptin,North America - Plateau - Plateau (no sub-culture area) - Yakama (Yakima),North America,Plateau,Plateau (no sub-culture area),Yakama (Yakima),,,
http://n2t.net/ark:/65665/sz8360f521e-e8d8-453f-b2e3-cf59ac64b67c,NMAICulture_2611,Plateau (no sub-culture area),,,,North America - Plateau - Plateau (no sub-culture area),North America,Plateau,Plateau (no sub-culture area),,,,
http://n2t.net/ark:/65665/sz83961c3f5-8a73-4260-b938-633a892f2c51,NMAICulture_18,Plateau,,,,North America - Plateau,North America,Plateau,,,,,
http://n2t.net/ark:/65665/sz855b4a3c3-3210-4a1e-a574-e91098612169,NMAICulture_2768,Early Archaic Tradition (archaeological culture),,,,North America - Southeast - Florida - Archaic Tradition (archaeological culture) - Early Archaic Tradition (archaeological culture),North America,Southeast,Florida,Archaic Tradition (archaeological culture),Early Archaic Tradition (archaeological culture),,
http://n2t.net/ark:/65665/sz8d21084c1-c630-46d8-a2bd-c5ade1e5649a,NMAICulture_2757,Middle Archaic Tradition (archaeological culture),,,,North America - Southeast - Florida - Archaic Tradition (archaeological culture) - Middle Archaic Tradition (archaeological culture),North America,Southeast,Florida,Archaic Tradition (archaeological culture),Middle Archaic Tradition (archaeological culture),,
http://n2t.net/ark:/65665/sz8a75557f6-eb54-41f8-b80e-a60117b5fcbc,NMAICulture_3187,Mount Taylor (archaeological culture),,,,North America - Southeast - Florida - Archaic Tradition (archaeological culture) - Mount Taylor (archaeological culture),North America,Southeast,Florida,Archaic Tradition (archaeological culture),Mount Taylor (archaeological culture),,
http://n2t.net/ark:/65665/sz888f136d4-e54a-4571-8a23-e9a34a15a683,NMAICulture_2700,Archaic Tradition (archaeological culture),,,,North America - Southeast - Florida - Archaic Tradition (archaeological culture),North America,Southeast,Florida,Archaic Tradition (archaeological culture),,,
http://n2t.net/ark:/65665/sz8dcacd8fd-f851-4f16-b602-e6b0b357a9da,NMAICulture_2721,Early Mississippian Tradition (archaeological culture),,,,North America - Southeast - Florida - Mississippian Tradition (archaeological culture) - Early Mississippian Tradition (archaeological culture),North America,Southeast,Florida,Mississippian Tradition (archaeological culture),Early Mississippian Tradition (archaeological culture),,
http://n2t.net/ark:/65665/sz812034fcb-4f02-44e2-9e6e-08b1c5eca0c2,NMAICulture_2723,Late Mississippian Tradition (archaeological culture),,,,North America - Southeast - Florida - Mississippian Tradition (archaeological culture) - Late Mississippian Tradition (archaeological culture),North America,Southeast,Florida,Mississippian Tradition (archaeological culture),Late Mississippian Tradition (archaeological culture),,
http://n2t.net/ark:/65665/sz8af070eab-8e7a-4535-a153-edb1705e3bc6,NMAICulture_2722,Middle Mississippian Tradition (archaeological culture),,,,North America - Southeast - Florida - Mississippian Tradition (archaeological culture) - Middle Mississippian Tradition (archaeological culture),North America,Southeast,Florida,Mississippian Tradition (archaeological culture),Middle Mississippian Tradition (archaeological culture),,
http://n2t.net/ark:/65665/sz8d8680acd-f7b2-4dcd-b539-aeebc1208d5e,NMAICulture_2697,Mississippian Tradition (archaeological culture),,,,North America - Southeast - Florida - Mississippian Tradition (archaeological culture),North America,Southeast,Florida,Mississippian Tradition (archaeological culture),,,
http://n2t.net/ark:/65665/sz80f222b30-415c-4b67-ba0c-56c578b0a927,NMAICulture_644,Hitchiti Seminole,,,Language Family info:  Muskogean/Eastern,North America - Southeast - Florida - Seminole - Hitchiti Seminole,North America,Southeast,Florida,Seminole,Hitchiti Seminole,,
http://n2t.net/ark:/65665/sz8326e72a2-740f-434e-b7bc-c6528b2c883e,NMAICulture_719,Miccosukee Seminole (Mikasuki),,Micasuke,Language Family info:  Muskogean/Eastern,North America - Southeast - Florida - Seminole - Miccosukee Seminole (Mikasuki),North America,Southeast,Florida,Seminole,Miccosukee Seminole (Mikasuki),,
http://n2t.net/ark:/65665/sz817334218-5e53-46ea-aaae-897517698c90,NMAICulture_768,Oklahoma Seminole,,,Language Family info:  Muskogean/Eastern,North America - Southeast - Florida - Seminole - Oklahoma Seminole,North America,Southeast,Florida,Seminole,Oklahoma Seminole,,
http://n2t.net/ark:/65665/sz8ebb2df1f-19ab-4b88-8a42-8df99083eacc,NMAICulture_1444,Seminole [Cow Creek],"In the early 20th century, the Seminole were divided into divisions: Lake Okeechobee; the Cow Creek division; and Cypress division (Big Cypress, Everglades and Tamiami Trail)",,Language Family info:  Muskogean/Eastern,North America - Southeast - Florida - Seminole - Seminole [Cow Creek],North America,Southeast,Florida,Seminole,Seminole [Cow Creek],,
http://n2t.net/ark:/65665/sz85fc99fdc-8d4a-4a05-805b-ad051015b8b2,NMAICulture_3115,Seminole Nation of Oklahoma,use only for individuals enrolled in theSeminole Nation of Oklahoma,,,North America - Southeast - Florida - Seminole - Seminole Nation of Oklahoma,North America,Southeast,Florida,Seminole,Seminole Nation of Oklahoma,,
http://n2t.net/ark:/65665/sz8d6e18fbc-57cc-4ef8-add2-d806180db55a,NMAICulture_422,Seminole,,,Language Family info:  Muskogean/Eastern,North America - Southeast - Florida - Seminole,North America,Southeast,Florida,Seminole,,,
http://n2t.net/ark:/65665/sz88c2c25a9-1fee-4c79-b01d-f87e049af959,NMAICulture_2691,Early Woodland Tradition (archaeological culture),,,,North America - Southeast - Florida - Woodland Tradition (archaeological culture) - Early Woodland Tradition (archaeological culture),North America,Southeast,Florida,Woodland Tradition (archaeological culture),Early Woodland Tradition (archaeological culture),,
http://n2t.net/ark:/65665/sz88aa347aa-5465-4642-ad94-506b5dac708c,NMAICulture_3134,Glades (archaeological culture),,,,North America - Southeast - Florida - Woodland Tradition (archaeological culture) - Glades (archaeological culture),North America,Southeast,Florida,Woodland Tradition (archaeological culture),Glades (archaeological culture),,
http://n2t.net/ark:/65665/sz87f8da6c1-e6ec-4960-8768-bffe94bfff45,NMAICulture_2695,Late Woodland Tradition (archaeological culture),,,,North America - Southeast - Florida - Woodland Tradition (archaeological culture) - Late Woodland Tradition (archaeological culture),North America,Southeast,Florida,Woodland Tradition (archaeological culture),Late Woodland Tradition (archaeological culture),,
http://n2t.net/ark:/65665/sz83f378f05-87d9-445c-9bbb-f24c2c8834bb,NMAICulture_3228,Leon-Jefferson (archaeological culture),,,,North America - Southeast - Florida - Woodland Tradition (archaeological culture) - Leon-Jefferson (archaeological culture),North America,Southeast,Florida,Woodland Tradition (archaeological culture),Leon-Jefferson (archaeological culture),,
http://n2t.net/ark:/65665/sz831b1dc64-047b-423e-8444-c6a80c5787c6,NMAICulture_2927,Swift Creek (archaeological culture),,,,North America - Southeast - Florida - Woodland Tradition (archaeological culture) - Middle Woodland Tradition (archaeological culture) - Swift Creek (archaeological culture),North America,Southeast,Florida,Woodland Tradition (archaeological culture),Middle Woodland Tradition (archaeological culture),Swift Creek (archaeological culture),
http://n2t.net/ark:/65665/sz8318ed235-6516-4d20-ac91-c3e34a21c07e,NMAICulture_2693,Middle Woodland Tradition (archaeological culture),,,,North America - Southeast - Florida - Woodland Tradition (archaeological culture) - Middle Woodland Tradition (archaeological culture),North America,Southeast,Florida,Woodland Tradition (archaeological culture),Middle Woodland Tradition (archaeological culture),,
http://n2t.net/ark:/65665/sz8ff3a82df-b282-424c-9373-5015a364f20d,NMAICulture_3186,Safety Harbor (archaeological culture),,,,North America - Southeast - Florida - Woodland Tradition (archaeological culture) - Safety Harbor (archaeological culture),North America,Southeast,Florida,Woodland Tradition (archaeological culture),Safety Harbor (archaeological culture),,
http://n2t.net/ark:/65665/sz86f9e9413-894d-4d72-83cd-6e1d780a1bff,NMAICulture_3185,St. Johns I (archaeological culture),,,,North America - Southeast - Florida - Woodland Tradition (archaeological culture) - St. Johns I (archaeological culture),North America,Southeast,Florida,Woodland Tradition (archaeological culture),St. Johns I (archaeological culture),,
http://n2t.net/ark:/65665/sz84fef9669-c599-4273-bdc1-b53a9855dece,NMAICulture_2690,Woodland Tradition (archaeological culture),,,,North America - Southeast - Florida - Woodland Tradition (archaeological culture),North America,Southeast,Florida,Woodland Tradition (archaeological culture),,,
http://n2t.net/ark:/65665/sz8ce61ad19-6355-44fa-a095-ac7dbdc3e508,NMAICulture_64,Florida,,,,North America - Southeast - Florida,North America,Southeast,Florida,,,,
http://n2t.net/ark:/65665/sz855b4a3c3-3210-4a1e-a574-e91098612169,NMAICulture_2768,Early Archaic Tradition (archaeological culture),,,,North America - Southeast - Gulf - Archaic Tradition (archaeological culture) - Early Archaic Tradition (archaeological culture),North America,Southeast,Gulf,Archaic Tradition (archaeological culture),Early Archaic Tradition (archaeological culture),,
http://n2t.net/ark:/65665/sz8d21084c1-c630-46d8-a2bd-c5ade1e5649a,NMAICulture_2757,Middle Archaic Tradition (archaeological culture),,,,North America - Southeast - Gulf - Archaic Tradition (archaeological culture) - Middle Archaic Tradition (archaeological culture),North America,Southeast,Gulf,Archaic Tradition (archaeological culture),Middle Archaic Tradition (archaeological culture),,
http://n2t.net/ark:/65665/sz888f136d4-e54a-4571-8a23-e9a34a15a683,NMAICulture_2700,Archaic Tradition (archaeological culture),,,,North America - Southeast - Gulf - Archaic Tradition (archaeological culture),North America,Southeast,Gulf,Archaic Tradition (archaeological culture),,,
http://n2t.net/ark:/65665/sz8eaa4ceae-3876-4758-80e0-d14b362660d7,NMAICulture_137,Atakapa,,Attacapa,Language Family info:  Gulf,North America - Southeast - Gulf - Atakapa,North America,Southeast,Gulf,Atakapa,,,
http://n2t.net/ark:/65665/sz8eb4120e9-2bdf-4354-82f4-c183b3416812,NMAICulture_179,Chitimacha,,Chetemacha; Chetimacha; Chitimache; Chittemacha,Language Family info:  Gulf,North America - Southeast - Gulf - Chitimacha,North America,Southeast,Gulf,Chitimacha,,,
http://n2t.net/ark:/65665/sz84c144acd-7231-46cc-9562-41314bbfcb5b,NMAICulture_3111,Choctaw Nation Of Oklahoma,,,,North America - Southeast - Gulf - Choctaw - Choctaw Nation Of Oklahoma,North America,Southeast,Gulf,Choctaw,Choctaw Nation Of Oklahoma,,
http://n2t.net/ark:/65665/sz827b02159-80f0-4bad-b31f-30eb712a83e5,NMAICulture_651,Houma,,Huma,Language Family info:  Muskogean/Western,North America - Southeast - Gulf - Choctaw - Houma,North America,Southeast,Gulf,Choctaw,Houma,,
http://n2t.net/ark:/65665/sz80944685d-4daf-4ab4-b2f1-fc824c1e67c6,NMAICulture_725,Mississippi Choctaw,,,Language Family info:  Muskogean/Western,North America - Southeast - Gulf - Choctaw - Mississippi Choctaw,North America,Southeast,Gulf,Choctaw,Mississippi Choctaw,,
http://n2t.net/ark:/65665/sz8b4950a27-e7a6-43e2-8f22-b277f2d98ece,NMAICulture_2559,Oklahoma Choctaw,,,Language Family info:  Muskogean/Western,North America - Southeast - Gulf - Choctaw - Oklahoma Choctaw,North America,Southeast,Gulf,Choctaw,Oklahoma Choctaw,,
http://n2t.net/ark:/65665/sz82e47d01f-5a17-442f-b150-d525ace85636,NMAICulture_181,Choctaw,,,Language Family info:  Muskogean/Western,North America - Southeast - Gulf - Choctaw,North America,Southeast,Gulf,Choctaw,,,
http://n2t.net/ark:/65665/sz8fe7ddead-10a2-4755-bca3-35cc3638653f,NMAICulture_1611,Alabama-Coushatta [Texas],,,Language Family info:  Muskogean/Eastern,North America - Southeast - Gulf - Coushatta (Koasati) - Alabama-Coushatta [Texas],North America,Southeast,Gulf,Coushatta (Koasati),Alabama-Coushatta [Texas],,
http://n2t.net/ark:/65665/sz8f923990a-f217-4b06-bf9e-66a4f43cb6d7,NMAICulture_202,Coushatta (Koasati),,Kwasadi,Language Family info:  Muskogean/Western,North America - Southeast - Gulf - Coushatta (Koasati),North America,Southeast,Gulf,Coushatta (Koasati),,,
http://n2t.net/ark:/65665/sz8dcacd8fd-f851-4f16-b602-e6b0b357a9da,NMAICulture_2721,Early Mississippian Tradition (archaeological culture),,,,North America - Southeast - Gulf - Mississippian Tradition (archaeological culture) - Early Mississippian Tradition (archaeological culture),North America,Southeast,Gulf,Mississippian Tradition (archaeological culture),Early Mississippian Tradition (archaeological culture),,
http://n2t.net/ark:/65665/sz8a7cdbba8-9050-403c-8d0c-d0823037241d,NMAICulture_3235,Glendora (archaeological culture),,,,North America - Southeast - Gulf - Mississippian Tradition (archaeological culture) - Glendora (archaeological culture),North America,Southeast,Gulf,Mississippian Tradition (archaeological culture),Glendora (archaeological culture),,
http://n2t.net/ark:/65665/sz812034fcb-4f02-44e2-9e6e-08b1c5eca0c2,NMAICulture_2723,Late Mississippian Tradition (archaeological culture),,,,North America - Southeast - Gulf - Mississippian Tradition (archaeological culture) - Late Mississippian Tradition (archaeological culture),North America,Southeast,Gulf,Mississippian Tradition (archaeological culture),Late Mississippian Tradition (archaeological culture),,
http://n2t.net/ark:/65665/sz8af070eab-8e7a-4535-a153-edb1705e3bc6,NMAICulture_2722,Middle Mississippian Tradition (archaeological culture),,,,North America - Southeast - Gulf - Mississippian Tradition (archaeological culture) - Middle Mississippian Tradition (archaeological culture),North America,Southeast,Gulf,Mississippian Tradition (archaeological culture),Middle Mississippian Tradition (archaeological culture),,
http://n2t.net/ark:/65665/sz81ca21b68-5530-4a55-8379-0ccef8e97b5e,NMAICulture_3181,Plaquemine (archaeological culture),,,,North America - Southeast - Gulf - Mississippian Tradition (archaeological culture) - Plaquemine (archaeological culture),North America,Southeast,Gulf,Mississippian Tradition (archaeological culture),Plaquemine (archaeological culture),,
http://n2t.net/ark:/65665/sz876ed4ac9-d3db-43ba-874e-ffd1903d291b,NMAICulture_2755,Fort Walton (archaeological culture),,,,North America - Southeast - Gulf - Mississippian Tradition (archaeological culture) - South Appalachian Mississippian (archaeological culture) - Fort Walton (archaeological culture),North America,Southeast,Gulf,Mississippian Tradition (archaeological culture),South Appalachian Mississippian (archaeological culture),Fort Walton (archaeological culture),
http://n2t.net/ark:/65665/sz8f3f379dc-0618-4121-8faf-9aeb4e6086e1,NMAICulture_3151,South Appalachian Mississippian: Pensacola (archaeological culture),,,,North America - Southeast - Gulf - Mississippian Tradition (archaeological culture) - South Appalachian Mississippian (archaeological culture) - South Appalachian Mississippian: Pensacola (archaeological culture),North America,Southeast,Gulf,Mississippian Tradition (archaeological culture),South Appalachian Mississippian (archaeological culture),South Appalachian Mississippian: Pensacola (archaeological culture),
http://n2t.net/ark:/65665/sz8e5e93d80-e2ef-4f4d-ae64-f3bdc5db1364,NMAICulture_3178,South Appalachian Mississippian (archaeological culture),,,,North America - Southeast - Gulf - Mississippian Tradition (archaeological culture) - South Appalachian Mississippian (archaeological culture),North America,Southeast,Gulf,Mississippian Tradition (archaeological culture),South Appalachian Mississippian (archaeological culture),,
http://n2t.net/ark:/65665/sz8d8680acd-f7b2-4dcd-b539-aeebc1208d5e,NMAICulture_2697,Mississippian Tradition (archaeological culture),,,,North America - Southeast - Gulf - Mississippian Tradition (archaeological culture),North America,Southeast,Gulf,Mississippian Tradition (archaeological culture),,,
http://n2t.net/ark:/65665/sz8dd174e40-01ff-4368-a291-5018b6a6a906,NMAICulture_468,Tunica,,,Language Family info:  Gulf,North America - Southeast - Gulf - Tunica,North America,Southeast,Gulf,Tunica,,,
http://n2t.net/ark:/65665/sz8bd10c26b-add5-4cd1-8102-61b80d080315,NMAICulture_2724,Deptford (archaeological culture),,,,North America - Southeast - Gulf - Woodland Tradition (archaeological culture) - Early Woodland Tradition (archaeological culture) - Deptford (archaeological culture),North America,Southeast,Gulf,Woodland Tradition (archaeological culture),Early Woodland Tradition (archaeological culture),Deptford (archaeological culture),
http://n2t.net/ark:/65665/sz88c2c25a9-1fee-4c79-b01d-f87e049af959,NMAICulture_2691,Early Woodland Tradition (archaeological culture),,,,North America - Southeast - Gulf - Woodland Tradition (archaeological culture) - Early Woodland Tradition (archaeological culture),North America,Southeast,Gulf,Woodland Tradition (archaeological culture),Early Woodland Tradition (archaeological culture),,
http://n2t.net/ark:/65665/sz82d262d0c-df14-4351-b5eb-b8c75d2f757b,NMAICulture_3232,Coles Creek (archaeological culture),,,,North America - Southeast - Gulf - Woodland Tradition (archaeological culture) - Late Woodland Tradition (archaeological culture) - Coles Creek (archaeological culture),North America,Southeast,Gulf,Woodland Tradition (archaeological culture),Late Woodland Tradition (archaeological culture),Coles Creek (archaeological culture),
http://n2t.net/ark:/65665/sz841d4310d-cff9-4693-b084-c6c29dd66bb2,NMAICulture_2716,Weeden Island (archaeological culture),,,,North America - Southeast - Gulf - Woodland Tradition (archaeological culture) - Late Woodland Tradition (archaeological culture) - Weeden Island (archaeological culture),North America,Southeast,Gulf,Woodland Tradition (archaeological culture),Late Woodland Tradition (archaeological culture),Weeden Island (archaeological culture),
http://n2t.net/ark:/65665/sz87f8da6c1-e6ec-4960-8768-bffe94bfff45,NMAICulture_2695,Late Woodland Tradition (archaeological culture),,,,North America - Southeast - Gulf - Woodland Tradition (archaeological culture) - Late Woodland Tradition (archaeological culture),North America,Southeast,Gulf,Woodland Tradition (archaeological culture),Late Woodland Tradition (archaeological culture),,
http://n2t.net/ark:/65665/sz83f378f05-87d9-445c-9bbb-f24c2c8834bb,NMAICulture_3228,Leon-Jefferson (archaeological culture),,,,North America - Southeast - Gulf - Woodland Tradition (archaeological culture) - Leon-Jefferson (archaeological culture),North America,Southeast,Gulf,Woodland Tradition (archaeological culture),Leon-Jefferson (archaeological culture),,
http://n2t.net/ark:/65665/sz814a34314-e473-472a-82e6-10105a21122a,NMAICulture_3182,Manasota (archaeological culture),,,,North America - Southeast - Gulf - Woodland Tradition (archaeological culture) - Manasota (archaeological culture),North America,Southeast,Gulf,Woodland Tradition (archaeological culture),Manasota (archaeological culture),,
http://n2t.net/ark:/65665/sz809cf33af-462a-442e-a07b-354d8a0e9e29,NMAICulture_3183,Manasota-Weeden Island (archaeological culture),"Both Manasota and Weeden Island are separate culture terms, but objects from some Florida sites--specifically Crystal River--are thought to have beeen shared by the two cultural groups. This thesaurus culture term should be used for those hybrid sites; the separate terms for Manasota and Weeden Island should be used independently where appropriate, Matthew Sanger and Ann McMullen, 26 Mar 2020",,,North America - Southeast - Gulf - Woodland Tradition (archaeological culture) - Manasota-Weeden Island (archaeological culture),North America,Southeast,Gulf,Woodland Tradition (archaeological culture),Manasota-Weeden Island (archaeological culture),,
http://n2t.net/ark:/65665/sz806746c53-75f5-4d73-ac50-64a7c1cf07cf,NMAICulture_3231,Marksville (archaeological culture),,,,North America - Southeast - Gulf - Woodland Tradition (archaeological culture) - Middle Woodland Tradition (archaeological culture) - Marksville (archaeological culture),North America,Southeast,Gulf,Woodland Tradition (archaeological culture),Middle Woodland Tradition (archaeological culture),Marksville (archaeological culture),
http://n2t.net/ark:/65665/sz82c774436-9d75-46d6-8bb6-2f35a4d1e09b,NMAICulture_3189,Santa Rosa (archaeological culture),,,,North America - Southeast - Gulf - Woodland Tradition (archaeological culture) - Middle Woodland Tradition (archaeological culture) - Santa Rosa (archaeological culture),North America,Southeast,Gulf,Woodland Tradition (archaeological culture),Middle Woodland Tradition (archaeological culture),Santa Rosa (archaeological culture),
http://n2t.net/ark:/65665/sz8318ed235-6516-4d20-ac91-c3e34a21c07e,NMAICulture_2693,Middle Woodland Tradition (archaeological culture),,,,North America - Southeast - Gulf - Woodland Tradition (archaeological culture) - Middle Woodland Tradition (archaeological culture),North America,Southeast,Gulf,Woodland Tradition (archaeological culture),Middle Woodland Tradition (archaeological culture),,
http://n2t.net/ark:/65665/sz8ff3a82df-b282-424c-9373-5015a364f20d,NMAICulture_3186,Safety Harbor (archaeological culture),,,,North America - Southeast - Gulf - Woodland Tradition (archaeological culture) - Safety Harbor (archaeological culture),North America,Southeast,Gulf,Woodland Tradition (archaeological culture),Safety Harbor (archaeological culture),,
http://n2t.net/ark:/65665/sz82ff79f86-2998-4b93-b746-3e0d5a2eaa2e,NMAICulture_3234,Tchefuncte (archaeological culture),,,,North America - Southeast - Gulf - Woodland Tradition (archaeological culture) - Tchefuncte (archaeological culture),North America,Southeast,Gulf,Woodland Tradition (archaeological culture),Tchefuncte (archaeological culture),,
http://n2t.net/ark:/65665/sz84fef9669-c599-4273-bdc1-b53a9855dece,NMAICulture_2690,Woodland Tradition (archaeological culture),,,,North America - Southeast - Gulf - Woodland Tradition (archaeological culture),North America,Southeast,Gulf,Woodland Tradition (archaeological culture),,,
http://n2t.net/ark:/65665/sz8eda5c5f1-7498-42a6-9bb4-ce38446e52bc,NMAICulture_65,Gulf,,,,North America - Southeast - Gulf,North America,Southeast,Gulf,,,,
http://n2t.net/ark:/65665/sz8fe7ddead-10a2-4755-bca3-35cc3638653f,NMAICulture_1611,Alabama-Coushatta [Texas],,,Language Family info:  Muskogean/Eastern,North America - Southeast - Southeastern Uplands - Alibamu - Alabama-Coushatta [Texas],North America,Southeast,Southeastern Uplands,Alibamu,Alabama-Coushatta [Texas],,
http://n2t.net/ark:/65665/sz82c682e2a-eee6-4665-a640-8d3f02f3c6ff,NMAICulture_113,Alibamu,,Alabama,Language Family info:  Muskogean/Eastern,North America - Southeast - Southeastern Uplands - Alibamu,North America,Southeast,Southeastern Uplands,Alibamu,,,
http://n2t.net/ark:/65665/sz855b4a3c3-3210-4a1e-a574-e91098612169,NMAICulture_2768,Early Archaic Tradition (archaeological culture),,,,North America - Southeast - Southeastern Uplands - Archaic Tradition (archaeological culture) - Early Archaic Tradition (archaeological culture),North America,Southeast,Southeastern Uplands,Archaic Tradition (archaeological culture),Early Archaic Tradition (archaeological culture),,
http://n2t.net/ark:/65665/sz8d21084c1-c630-46d8-a2bd-c5ade1e5649a,NMAICulture_2757,Middle Archaic Tradition (archaeological culture),,,,North America - Southeast - Southeastern Uplands - Archaic Tradition (archaeological culture) - Middle Archaic Tradition (archaeological culture),North America,Southeast,Southeastern Uplands,Archaic Tradition (archaeological culture),Middle Archaic Tradition (archaeological culture),,
http://n2t.net/ark:/65665/sz88d02f868-0963-4de8-a6c7-298e87a8dd7d,NMAICulture_2720,Shell Mound Archaic (archaeological culture),,,,North America - Southeast - Southeastern Uplands - Archaic Tradition (archaeological culture) - Shell Mound Archaic (archaeological culture),North America,Southeast,Southeastern Uplands,Archaic Tradition (archaeological culture),Shell Mound Archaic (archaeological culture),,
http://n2t.net/ark:/65665/sz888f136d4-e54a-4571-8a23-e9a34a15a683,NMAICulture_2700,Archaic Tradition (archaeological culture),,,,North America - Southeast - Southeastern Uplands - Archaic Tradition (archaeological culture),North America,Southeast,Southeastern Uplands,Archaic Tradition (archaeological culture),,,
http://n2t.net/ark:/65665/sz8bad48075-1c88-47ae-8cd6-4fc11e1c3b0a,NMAICulture_151,Caddo,,Kado; Caddoe; Kadohadacho,Language Family info:  Caddoan/Southern,North America - Southeast - Southeastern Uplands - Caddo,North America,Southeast,Southeastern Uplands,Caddo,,,
http://n2t.net/ark:/65665/sz865830a94-23f9-4d6a-a1ea-7f34fb9e5e14,NMAICulture_161,Catawba,,,Language Family info:  Siouan/Catawba,North America - Southeast - Southeastern Uplands - Catawba,North America,Southeast,Southeastern Uplands,Catawba,,,
http://n2t.net/ark:/65665/sz8774d7f27-f6d0-4ebb-a391-4b7df69d1145,NMAICulture_3179,Central/Middle Mississippian (archaeological culture),,,,North America - Southeast - Southeastern Uplands - Central/Middle Mississippian (archaeological culture),North America,Southeast,Southeastern Uplands,Central/Middle Mississippian (archaeological culture),,,
http://n2t.net/ark:/65665/sz881f60096-8b7c-4902-a483-0a93e39be3d0,NMAICulture_3106,Cherokee descent,,,,North America - Southeast - Southeastern Uplands - Cherokee - Cherokee descent,North America,Southeast,Southeastern Uplands,Cherokee,Cherokee descent,,
http://n2t.net/ark:/65665/sz8c42ba8bb-e29a-4e5b-92b5-b38248e53fa5,NMAICulture_3109,Cherokee Nation,use ONLY for party records to denote enrolled tribal members,,,North America - Southeast - Southeastern Uplands - Cherokee - Cherokee Nation,North America,Southeast,Southeastern Uplands,Cherokee,Cherokee Nation,,
http://n2t.net/ark:/65665/sz821e2efa2-cfd1-4590-aade-16529fb295cc,NMAICulture_981,Eastern Band of Cherokee [Big Cove],"The collections include objects collected from Big-Town (Iredell County, North Carolina) but it is unclear if this efers to Big Cove or Birdtown/Bird Town",,Language Family info:  Iroquoian/Southern Iroquoian,North America - Southeast - Southeastern Uplands - Cherokee - Eastern Band of Cherokee - Eastern Band of Cherokee [Big Cove],North America,Southeast,Southeastern Uplands,Cherokee,Eastern Band of Cherokee,Eastern Band of Cherokee [Big Cove],
http://n2t.net/ark:/65665/sz81c3665cc-4194-456e-a0c6-b73d67c79b95,NMAICulture_982,Eastern Band of Cherokee [Birdtown],,Bird Town,Language Family info:  Iroquoian/Southern Iroquoian,North America - Southeast - Southeastern Uplands - Cherokee - Eastern Band of Cherokee - Eastern Band of Cherokee [Birdtown],North America,Southeast,Southeastern Uplands,Cherokee,Eastern Band of Cherokee,Eastern Band of Cherokee [Birdtown],
http://n2t.net/ark:/65665/sz8c4752725-5455-490e-ab99-1528f79ef457,NMAICulture_983,Eastern Band of Cherokee [Qualla Boundary],,,Language Family info:  Iroquoian/Southern Iroquoian,North America - Southeast - Southeastern Uplands - Cherokee - Eastern Band of Cherokee - Eastern Band of Cherokee [Qualla Boundary],North America,Southeast,Southeastern Uplands,Cherokee,Eastern Band of Cherokee,Eastern Band of Cherokee [Qualla Boundary],
http://n2t.net/ark:/65665/sz8e7da6bde-d513-46d9-83c0-74c541990153,NMAICulture_623,Eastern Band of Cherokee,,,Language Family info:  Iroquoian/Southern Iroquoian,North America - Southeast - Southeastern Uplands - Cherokee - Eastern Band of Cherokee,North America,Southeast,Southeastern Uplands,Cherokee,Eastern Band of Cherokee,,
http://n2t.net/ark:/65665/sz8c884117b-339d-4930-af65-21f5bbdd0567,NMAICulture_764,Oklahoma Cherokee,,,Language Family info:  Iroquoian/Southern Iroquoian,North America - Southeast - Southeastern Uplands - Cherokee - Oklahoma Cherokee,North America,Southeast,Southeastern Uplands,Cherokee,Oklahoma Cherokee,,
http://n2t.net/ark:/65665/sz857b14372-40fc-46c9-bc6c-d3d2d200a669,NMAICulture_3114,United Keetoowah Band of Cherokee Indians in Oklahoma,use only for individuals enrolled in the United Keetoowah Band of Cherokee Indians in Oklahoma,,,North America - Southeast - Southeastern Uplands - Cherokee - United Keetoowah Band of Cherokee Indians in Oklahoma,North America,Southeast,Southeastern Uplands,Cherokee,United Keetoowah Band of Cherokee Indians in Oklahoma,,
http://n2t.net/ark:/65665/sz82e57ac14-edaf-4bd0-b3c5-840fd4fc0b60,NMAICulture_918,Western Cherokee,,,Language Family info:  Iroquoian/Southern Iroquoian,North America - Southeast - Southeastern Uplands - Cherokee - Western Cherokee,North America,Southeast,Southeastern Uplands,Cherokee,Western Cherokee,,
http://n2t.net/ark:/65665/sz80b9b6619-2ad0-433f-8949-a5018aebb56e,NMAICulture_168,Cherokee,,,Language Family info:  Iroquoian/Southern Iroquoian,North America - Southeast - Southeastern Uplands - Cherokee,North America,Southeast,Southeastern Uplands,Cherokee,,,
http://n2t.net/ark:/65665/sz862e84f54-2634-47a2-b9ea-1550bf3339e9,NMAICulture_3110,Chickasaw Nation,use only for individuals enrolled in the Chickasaw Nation (Oklahma),,,North America - Southeast - Southeastern Uplands - Chickasaw - Chickasaw Nation,North America,Southeast,Southeastern Uplands,Chickasaw,Chickasaw Nation,,
http://n2t.net/ark:/65665/sz881f7d2be-fd00-4893-b9d8-2b10f0c4ace1,NMAICulture_172,Chickasaw,,,Language Family info:  Muskogean/Western,North America - Southeast - Southeastern Uplands - Chickasaw,North America,Southeast,Southeastern Uplands,Chickasaw,,,
http://n2t.net/ark:/65665/sz8097c9991-e89f-4412-a0db-ce60477b0e3c,NMAICulture_518,Euchee (Yuchi),,Euchee,Language Family info:  Language Isolate,North America - Southeast - Southeastern Uplands - Euchee (Yuchi),North America,Southeast,Southeastern Uplands,Euchee (Yuchi),,,
http://n2t.net/ark:/65665/sz8f13099d8-d35f-479b-8590-6e9384d9c88d,NMAICulture_295,Lumbee,,Croatan; Croatan;Lumber Indians;Lumber River Indians;Robeson County Indians,Language Family info:  Algic/Algonquian/Unclassified,North America - Southeast - Southeastern Uplands - Lumbee,North America,Southeast,Southeastern Uplands,Lumbee,,,
http://n2t.net/ark:/65665/sz8dcacd8fd-f851-4f16-b602-e6b0b357a9da,NMAICulture_2721,Early Mississippian Tradition (archaeological culture),,,,North America - Southeast - Southeastern Uplands - Mississippian Tradition (archaeological culture) - Early Mississippian Tradition (archaeological culture),North America,Southeast,Southeastern Uplands,Mississippian Tradition (archaeological culture),Early Mississippian Tradition (archaeological culture),,
http://n2t.net/ark:/65665/sz812034fcb-4f02-44e2-9e6e-08b1c5eca0c2,NMAICulture_2723,Late Mississippian Tradition (archaeological culture),,,,North America - Southeast - Southeastern Uplands - Mississippian Tradition (archaeological culture) - Late Mississippian Tradition (archaeological culture),North America,Southeast,Southeastern Uplands,Mississippian Tradition (archaeological culture),Late Mississippian Tradition (archaeological culture),,
http://n2t.net/ark:/65665/sz8af070eab-8e7a-4535-a153-edb1705e3bc6,NMAICulture_2722,Middle Mississippian Tradition (archaeological culture),,,,North America - Southeast - Southeastern Uplands - Mississippian Tradition (archaeological culture) - Middle Mississippian Tradition (archaeological culture),North America,Southeast,Southeastern Uplands,Mississippian Tradition (archaeological culture),Middle Mississippian Tradition (archaeological culture),,
http://n2t.net/ark:/65665/sz876ed4ac9-d3db-43ba-874e-ffd1903d291b,NMAICulture_2755,Fort Walton (archaeological culture),,,,North America - Southeast - Southeastern Uplands - Mississippian Tradition (archaeological culture) - South Appalachian Mississippian (archaeological culture) - Fort Walton (archaeological culture),North America,Southeast,Southeastern Uplands,Mississippian Tradition (archaeological culture),South Appalachian Mississippian (archaeological culture),Fort Walton (archaeological culture),
http://n2t.net/ark:/65665/sz8179df40d-33c8-45e0-bd77-a9ecbf81cd00,NMAICulture_3230,South Appalachian Mississippian: Big Eddy (archaeological culture),,,,North America - Southeast - Southeastern Uplands - Mississippian Tradition (archaeological culture) - South Appalachian Mississippian (archaeological culture) - South Appalachian Mississippian: Big Eddy (archaeological culture),North America,Southeast,Southeastern Uplands,Mississippian Tradition (archaeological culture),South Appalachian Mississippian (archaeological culture),South Appalachian Mississippian: Big Eddy (archaeological culture),
http://n2t.net/ark:/65665/sz8e7f6f9b0-e473-4647-a392-2db6f79a9a84,NMAICulture_3191,South Appalachian Mississippian: Etowah (archaeological culture),,,,North America - Southeast - Southeastern Uplands - Mississippian Tradition (archaeological culture) - South Appalachian Mississippian (archaeological culture) - South Appalachian Mississippian: Etowah (archaeological culture),North America,Southeast,Southeastern Uplands,Mississippian Tradition (archaeological culture),South Appalachian Mississippian (archaeological culture),South Appalachian Mississippian: Etowah (archaeological culture),
http://n2t.net/ark:/65665/sz8eb3d8cb8-791b-4991-907f-200834944c8c,NMAICulture_3192,South Appalachian Mississippian: Irene (archaeological culture),,,,North America - Southeast - Southeastern Uplands - Mississippian Tradition (archaeological culture) - South Appalachian Mississippian (archaeological culture) - South Appalachian Mississippian: Irene (archaeological culture),North America,Southeast,Southeastern Uplands,Mississippian Tradition (archaeological culture),South Appalachian Mississippian (archaeological culture),South Appalachian Mississippian: Irene (archaeological culture),
http://n2t.net/ark:/65665/sz8895fcea9-5779-4451-be8b-3f4c97d649f7,NMAICulture_3180,South Appalachian Mississippian: Lamar (archaeological culture),,,,North America - Southeast - Southeastern Uplands - Mississippian Tradition (archaeological culture) - South Appalachian Mississippian (archaeological culture) - South Appalachian Mississippian: Lamar (archaeological culture),North America,Southeast,Southeastern Uplands,Mississippian Tradition (archaeological culture),South Appalachian Mississippian (archaeological culture),South Appalachian Mississippian: Lamar (archaeological culture),
http://n2t.net/ark:/65665/sz865d7e8aa-bd1a-46e7-8601-bdf1153b27f1,NMAICulture_3190,South Appalachian Mississippian: Savannah (archaeological culture),,,,North America - Southeast - Southeastern Uplands - Mississippian Tradition (archaeological culture) - South Appalachian Mississippian (archaeological culture) - South Appalachian Mississippian: Savannah (archaeological culture),North America,Southeast,Southeastern Uplands,Mississippian Tradition (archaeological culture),South Appalachian Mississippian (archaeological culture),South Appalachian Mississippian: Savannah (archaeological culture),
http://n2t.net/ark:/65665/sz8137e74ac-8b29-449c-9112-e14add2fa5ba,NMAICulture_3184,South Appalachian Mississippian: St. Johns II (archaeological culture),,,,North America - Southeast - Southeastern Uplands - Mississippian Tradition (archaeological culture) - South Appalachian Mississippian (archaeological culture) - South Appalachian Mississippian: St. Johns II (archaeological culture),North America,Southeast,Southeastern Uplands,Mississippian Tradition (archaeological culture),South Appalachian Mississippian (archaeological culture),South Appalachian Mississippian: St. Johns II (archaeological culture),
http://n2t.net/ark:/65665/sz8e5e93d80-e2ef-4f4d-ae64-f3bdc5db1364,NMAICulture_3178,South Appalachian Mississippian (archaeological culture),,,,North America - Southeast - Southeastern Uplands - Mississippian Tradition (archaeological culture) - South Appalachian Mississippian (archaeological culture),North America,Southeast,Southeastern Uplands,Mississippian Tradition (archaeological culture),South Appalachian Mississippian (archaeological culture),,
http://n2t.net/ark:/65665/sz8d8680acd-f7b2-4dcd-b539-aeebc1208d5e,NMAICulture_2697,Mississippian Tradition (archaeological culture),,,,North America - Southeast - Southeastern Uplands - Mississippian Tradition (archaeological culture),North America,Southeast,Southeastern Uplands,Mississippian Tradition (archaeological culture),,,
http://n2t.net/ark:/65665/sz834d44133-4dc6-414f-8f05-5d9da964f0fe,NMAICulture_2549,Monacan,,,Language Family info:  Siouan/Siouan Proper/Southeastern/Monacan,North America - Southeast - Southeastern Uplands - Monacan,North America,Southeast,Southeastern Uplands,Monacan,,,
http://n2t.net/ark:/65665/sz8f492f86a-7d61-4d79-8082-ca01a1a2b593,NMAICulture_702,Lower Muscogee (Georgia Creek),,,Language Family info:  Muskogean/Eastern,North America - Southeast - Southeastern Uplands - Muscogee (Creek) - Lower Muscogee (Georgia Creek),North America,Southeast,Southeastern Uplands,Muscogee (Creek),Lower Muscogee (Georgia Creek),,
http://n2t.net/ark:/65665/sz867bcbce2-f3cb-41ca-810e-d2310e76c85e,NMAICulture_3456,Muscogee (Poarch Band of Creek Indians),,,,North America - Southeast - Southeastern Uplands - Muscogee (Creek) - Muscogee (Poarch Band of Creek Indians),North America,Southeast,Southeastern Uplands,Muscogee (Creek),Muscogee (Poarch Band of Creek Indians),,
http://n2t.net/ark:/65665/sz8babfc004-006a-4a35-b3f3-ebd52c7146e0,NMAICulture_3113,Muscogee Nation (Creek),use only for individuals enrolled in the Muscogee Nation in Oklaohma,,,North America - Southeast - Southeastern Uplands - Muscogee (Creek) - Muscogee Nation (Creek),North America,Southeast,Southeastern Uplands,Muscogee (Creek),Muscogee Nation (Creek),,
http://n2t.net/ark:/65665/sz81f1da8b9-6838-492b-b23f-18f05ec74b35,NMAICulture_767,Oklahoma Muscogee (Creek),,,Language Family info:  Muskogean/Eastern,North America - Southeast - Southeastern Uplands - Muscogee (Creek) - Oklahoma Muscogee (Creek),North America,Southeast,Southeastern Uplands,Muscogee (Creek),Oklahoma Muscogee (Creek),,
http://n2t.net/ark:/65665/sz8c8730284-e8c0-48f4-81f6-fc11becd8848,NMAICulture_338,Muscogee (Creek),,,Language Family info:  Muskogean/Eastern,North America - Southeast - Southeastern Uplands - Muscogee (Creek),North America,Southeast,Southeastern Uplands,Muscogee (Creek),,,
http://n2t.net/ark:/65665/sz81c19352c-cada-4063-9b42-490fde54ad09,NMAICulture_3096,Oklahoma Chickasaw,,,,North America - Southeast - Southeastern Uplands - Oklahoma Chickasaw,North America,Southeast,Southeastern Uplands,Oklahoma Chickasaw,,,
http://n2t.net/ark:/65665/sz8bef25890-65ef-4057-ac51-94293d5e0c95,NMAICulture_2665,Paleoindian Tradition: Clovis (archaeological culture),,,,North America - Southeast - Southeastern Uplands - Paleoindian Tradition (archaeological culture) - Paleoindian Tradition: Clovis (archaeological culture),North America,Southeast,Southeastern Uplands,Paleoindian Tradition (archaeological culture),Paleoindian Tradition: Clovis (archaeological culture),,
http://n2t.net/ark:/65665/sz8165d8379-3531-414e-a7ea-bbe5739c0b46,NMAICulture_2666,Paleoindian Tradition: Folsom (archaeological culture),,,,North America - Southeast - Southeastern Uplands - Paleoindian Tradition (archaeological culture) - Paleoindian Tradition: Folsom (archaeological culture),North America,Southeast,Southeastern Uplands,Paleoindian Tradition (archaeological culture),Paleoindian Tradition: Folsom (archaeological culture),,
http://n2t.net/ark:/65665/sz84c137c23-5e38-49f7-ac03-228d9b10289f,NMAICulture_2667,Paleoindian Tradition: Plano (archaeological culture),,,,North America - Southeast - Southeastern Uplands - Paleoindian Tradition (archaeological culture) - Paleoindian Tradition: Plano (archaeological culture),North America,Southeast,Southeastern Uplands,Paleoindian Tradition (archaeological culture),Paleoindian Tradition: Plano (archaeological culture),,
http://n2t.net/ark:/65665/sz895ed2b89-3dd0-422b-bd63-65717c4174f4,NMAICulture_2664,Paleoindian Tradition (archaeological culture),,Paleo-Indian,,North America - Southeast - Southeastern Uplands - Paleoindian Tradition (archaeological culture),North America,Southeast,Southeastern Uplands,Paleoindian Tradition (archaeological culture),,,
http://n2t.net/ark:/65665/sz882f762e3-3a3b-4d09-b4b7-10a1a7d38a90,NMAICulture_1626,"Tutelo [Six Nations of the Grand River, Brantford, Ontario]",,Ohsweken,Language Family info:  Siouan/Siouan Proper/Southeastern/Tutelo,"North America - Southeast - Southeastern Uplands - Tutelo - Tutelo [Six Nations of the Grand River, Brantford, Ontario]",North America,Southeast,Southeastern Uplands,Tutelo,"Tutelo [Six Nations of the Grand River, Brantford, Ontario]",,
http://n2t.net/ark:/65665/sz84f7d474f-e722-49e6-89d1-1c6e8377ce75,NMAICulture_2574,Tutelo-Saponi,,,Language Family info:  Siouan/Siouan Proper/Southeastern/Tutelo,North America - Southeast - Southeastern Uplands - Tutelo - Tutelo-Saponi,North America,Southeast,Southeastern Uplands,Tutelo,Tutelo-Saponi,,
http://n2t.net/ark:/65665/sz8f82d76df-7825-431b-842d-13551dd3a0c3,NMAICulture_472,Tutelo,,,Language Family info:  Siouan/Siouan Proper/Southeastern/Tutelo,North America - Southeast - Southeastern Uplands - Tutelo,North America,Southeast,Southeastern Uplands,Tutelo,,,
http://n2t.net/ark:/65665/sz8cdb1e873-d075-4af9-bb94-ca3b5858ceff,NMAICulture_2714,Western Mississippian (archaeological culture),,,,North America - Southeast - Southeastern Uplands - Western Mississippian (archaeological culture),North America,Southeast,Southeastern Uplands,Western Mississippian (archaeological culture),,,
http://n2t.net/ark:/65665/sz88c2c25a9-1fee-4c79-b01d-f87e049af959,NMAICulture_2691,Early Woodland Tradition (archaeological culture),,,,North America - Southeast - Southeastern Uplands - Woodland Tradition (archaeological culture) - Early Woodland Tradition (archaeological culture),North America,Southeast,Southeastern Uplands,Woodland Tradition (archaeological culture),Early Woodland Tradition (archaeological culture),,
http://n2t.net/ark:/65665/sz82d262d0c-df14-4351-b5eb-b8c75d2f757b,NMAICulture_3232,Coles Creek (archaeological culture),,,,North America - Southeast - Southeastern Uplands - Woodland Tradition (archaeological culture) - Late Woodland Tradition (archaeological culture) - Coles Creek (archaeological culture),North America,Southeast,Southeastern Uplands,Woodland Tradition (archaeological culture),Late Woodland Tradition (archaeological culture),Coles Creek (archaeological culture),
http://n2t.net/ark:/65665/sz87f8da6c1-e6ec-4960-8768-bffe94bfff45,NMAICulture_2695,Late Woodland Tradition (archaeological culture),,,,North America - Southeast - Southeastern Uplands - Woodland Tradition (archaeological culture) - Late Woodland Tradition (archaeological culture),North America,Southeast,Southeastern Uplands,Woodland Tradition (archaeological culture),Late Woodland Tradition (archaeological culture),,
http://n2t.net/ark:/65665/sz83e58e26e-b45e-48e8-8712-6fc715e31cde,NMAICulture_2922,Copena (archaeological culture),,,,North America - Southeast - Southeastern Uplands - Woodland Tradition (archaeological culture) - Middle Woodland Tradition (archaeological culture) - Copena (archaeological culture),North America,Southeast,Southeastern Uplands,Woodland Tradition (archaeological culture),Middle Woodland Tradition (archaeological culture),Copena (archaeological culture),
http://n2t.net/ark:/65665/sz8318ed235-6516-4d20-ac91-c3e34a21c07e,NMAICulture_2693,Middle Woodland Tradition (archaeological culture),,,,North America - Southeast - Southeastern Uplands - Woodland Tradition (archaeological culture) - Middle Woodland Tradition (archaeological culture),North America,Southeast,Southeastern Uplands,Woodland Tradition (archaeological culture),Middle Woodland Tradition (archaeological culture),,
http://n2t.net/ark:/65665/sz86f9e9413-894d-4d72-83cd-6e1d780a1bff,NMAICulture_3185,St. Johns I (archaeological culture),,,,North America - Southeast - Southeastern Uplands - Woodland Tradition (archaeological culture) - St. Johns I (archaeological culture),North America,Southeast,Southeastern Uplands,Woodland Tradition (archaeological culture),St. Johns I (archaeological culture),,
http://n2t.net/ark:/65665/sz84fef9669-c599-4273-bdc1-b53a9855dece,NMAICulture_2690,Woodland Tradition (archaeological culture),,,,North America - Southeast - Southeastern Uplands - Woodland Tradition (archaeological culture),North America,Southeast,Southeastern Uplands,Woodland Tradition (archaeological culture),,,
http://n2t.net/ark:/65665/sz8fe7dc321-4034-4bb0-8bae-70bc1f668973,NMAICulture_66,Southeastern Uplands,,,,North America - Southeast - Southeastern Uplands,North America,Southeast,Southeastern Uplands,,,,
http://n2t.net/ark:/65665/sz81ea3bbfc-2e5e-4d3f-bee6-e9b5722a8b1c,NMAICulture_19,Southeast,,Southeast Indians,,North America - Southeast,North America,Southeast,,,,,
http://n2t.net/ark:/65665/sz83093e8d9-54ad-4957-a97c-f19ad1b80f96,NMAICulture_908,Guaycura (Waicuri),,Guaicura; Guaycuras; Waicuru,Language Family info:  Hokan/Esselen-Yuman/Yuman/Cochimi,North America - Southwest - Baja California - Cochimi - Guaycura (Waicuri),North America,Southwest,Baja California,Cochimi,Guaycura (Waicuri),,
http://n2t.net/ark:/65665/sz8263bdf7e-d737-41f1-b0c7-ad38be7aa476,NMAICulture_192,Cochimi,,Cochimtee; Cochetimi; Cochima; Cadegomo; Cadegomeño; Didiu; Laimon; Laymonem; Laymon-Cochimi,Language Family info:  Hokan/Esselen-Yuman/Yuman/Cochimi,North America - Southwest - Baja California - Cochimi,North America,Southwest,Baja California,Cochimi,,,
http://n2t.net/ark:/65665/sz85bd951a3-8c66-4b91-8036-721a4b7e131d,NMAICulture_197,Concho,,,,North America - Southwest - Baja California - Concho,North America,Southwest,Baja California,Concho,,,
http://n2t.net/ark:/65665/sz8b10dbee9-27f2-4ee5-9cc8-c902d68bf819,NMAICulture_281,Kiliwa,,Kil-e-wah; Kiliwi; Quiligua,Language Family info:  Hokan/Esselen-Yuman/Yuman/Kiliwa,North America - Southwest - Baja California - Kiliwa,North America,Southwest,Baja California,Kiliwa,,,
http://n2t.net/ark:/65665/sz86dff327f-9445-4de4-974e-39cb6567e85f,NMAICulture_67,Baja California,,,,North America - Southwest - Baja California,North America,Southwest,Baja California,,,,
http://n2t.net/ark:/65665/sz84dabf936-642b-4243-826f-8aa2c06afa53,NMAICulture_2909,Yoeme (Yaqui) [Pascua Yaqui],,,Language Family info:  Uto-Aztecan/Southern Uto-Aztecan/Sonoran/Cahita,North America - Southwest - Northern Mexico - Cahita - Yoeme (Yaqui) - Yoeme (Yaqui) [Pascua Yaqui],North America,Southwest,Northern Mexico,Cahita,Yoeme (Yaqui),Yoeme (Yaqui) [Pascua Yaqui],
http://n2t.net/ark:/65665/sz825e28600-d86b-4124-8fe6-055868e1617d,NMAICulture_929,Yoeme (Yaqui),,Cahita-Yaqui,Language Family info:  Uto-Aztecan/Southern Uto-Aztecan/Sonoran/Cahita,North America - Southwest - Northern Mexico - Cahita - Yoeme (Yaqui),North America,Southwest,Northern Mexico,Cahita,Yoeme (Yaqui),,
http://n2t.net/ark:/65665/sz881959e09-b206-4948-95b7-d6602e88c377,NMAICulture_716,Yoreme (Mayo),,,Language Family info:  Uto-Aztecan/Southern Uto-Aztecan/Sonoran/Cahita,North America - Southwest - Northern Mexico - Cahita - Yoreme (Mayo),North America,Southwest,Northern Mexico,Cahita,Yoreme (Mayo),,
http://n2t.net/ark:/65665/sz8da230347-614b-44fa-9523-7811fd079e8d,NMAICulture_152,Cahita,,,,North America - Southwest - Northern Mexico - Cahita,North America,Southwest,Northern Mexico,Cahita,,,
http://n2t.net/ark:/65665/sz84473921e-5e4d-4570-83f2-650a459e6a4e,NMAICulture_2619,Casas Grandes Tradition (archaeological culture),,,,North America - Southwest - Northern Mexico - Casas Grandes Tradition (archaeological culture),North America,Southwest,Northern Mexico,Casas Grandes Tradition (archaeological culture),,,
http://n2t.net/ark:/65665/sz846c6f90f-57e0-478d-ad7f-6c6a98c17ef8,NMAICulture_792,Pintos Coahuiltec,,Pinto,Language Family info:  Coahuiltecan,North America - Southwest - Northern Mexico - Coahuiltec - Pintos Coahuiltec,North America,Southwest,Northern Mexico,Coahuiltec,Pintos Coahuiltec,,
http://n2t.net/ark:/65665/sz8426ee854-6947-4206-84f9-5c41107f7bcb,NMAICulture_836,Siaguan (Siagua) Coahuiltec,,,Language Family info:  Coahuiltecan,North America - Southwest - Northern Mexico - Coahuiltec - Siaguan (Siagua) Coahuiltec,North America,Southwest,Northern Mexico,Coahuiltec,Siaguan (Siagua) Coahuiltec,,
http://n2t.net/ark:/65665/sz87a033b74-da9f-4dab-ad9a-3e2efcb6b3c5,NMAICulture_190,Coahuiltec,,,,North America - Southwest - Northern Mexico - Coahuiltec,North America,Southwest,Northern Mexico,Coahuiltec,,,
http://n2t.net/ark:/65665/sz833bef9d0-17a9-46c8-899e-613d2faa553c,NMAICulture_423,Comcaac (Seri),,Comcáac,"Language Family info:  Hokan/Salinan-Seri     NOTE:  the form with the accented A (Comcáac) has fallen out of favor and is no longer used by the Comcaac themselves, Ann McMullen, 12 Apr 2023",North America - Southwest - Northern Mexico - Comcaac (Seri),North America,Southwest,Northern Mexico,Comcaac (Seri),,,
http://n2t.net/ark:/65665/sz8ce7cc98e-0568-4d28-bdaf-71da1e6c05d9,NMAICulture_322,Mexicans of the Southwest,,,,North America - Southwest - Northern Mexico - Mexicans of the Southwest,North America,Southwest,Northern Mexico,Mexicans of the Southwest,,,
http://n2t.net/ark:/65665/sz85d8c0f64-1913-4f42-b44e-d06bae366149,NMAICulture_369,Opata,,Endeve,Language Family info:  Uto-Aztecan/Southern Uto-Aztecan/Sonoran/Cahita,North America - Southwest - Northern Mexico - Opata,North America,Southwest,Northern Mexico,Opata,,,
http://n2t.net/ark:/65665/sz8fa2f1548-e4b0-4a6c-9479-333d8f7ca81d,NMAICulture_413,Rarámuri (Tarahumara),,Tarahumari ; Tarahumare ; Tarahumaro ; Raramuri,,North America - Southwest - Northern Mexico - Rarámuri (Tarahumara),North America,Southwest,Northern Mexico,Rarámuri (Tarahumara),,,
http://n2t.net/ark:/65665/sz8f7eb0164-af9a-4020-9706-23fa4faaa5df,NMAICulture_3323,Western Archaic,,,,North America - Southwest - Northern Mexico - Western Archaic,North America,Southwest,Northern Mexico,Western Archaic,,,
http://n2t.net/ark:/65665/sz839862797-5aa8-4cfe-a3e4-1b81d7e22d9b,NMAICulture_69,Northern Mexico,,,,North America - Southwest - Northern Mexico,North America,Southwest,Northern Mexico,,,,
http://n2t.net/ark:/65665/sz883c7f26b-5f60-4a3c-83fb-222b440df2e2,NMAICulture_1348,Akimel O'odham (Pima) [Mariposa Reservation],,,Language Family info:  Uto-Aztecan/Southern Uto-Aztecan/Sonoran/Tepiman,North America - Southwest - O'odham - Akimel O'odham (Pima) - Akimel O'odham (Pima) [Mariposa Reservation],North America,Southwest,O'odham,Akimel O'odham (Pima),Akimel O'odham (Pima) [Mariposa Reservation],,
http://n2t.net/ark:/65665/sz87c40bda0-5000-465e-bbea-9b782fe78e59,NMAICulture_803,Kohatk (Qahatika) Akimel O'odham (Pima),,Kohatik ; Quahatika,Language Family info:  Uto-Aztecan/Southern Uto-Aztecan/Sonoran/Tepiman,North America - Southwest - O'odham - Akimel O'odham (Pima) - Kohatk (Qahatika) Akimel O'odham (Pima),North America,Southwest,O'odham,Akimel O'odham (Pima),Kohatk (Qahatika) Akimel O'odham (Pima),,
http://n2t.net/ark:/65665/sz8bfe47c5e-9659-4e25-94f6-559039301b3e,NMAICulture_746,Nevome (Pima Bajo),,Lower Pima; Nebome; Mountain Pima,Language Family info:  Uto-Aztecan/Southern Uto-Aztecan/Sonoran/Tepiman,North America - Southwest - O'odham - Akimel O'odham (Pima) - Nevome (Pima Bajo),North America,Southwest,O'odham,Akimel O'odham (Pima),Nevome (Pima Bajo),,
http://n2t.net/ark:/65665/sz8f3a70f7f-d3a7-4d2f-b917-425c7b6f944f,NMAICulture_109,Akimel O'odham (Pima),,Akimel Oodham,Language Family info:  Uto-Aztecan/Southern Uto-Aztecan/Sonoran/Tepiman,North America - Southwest - O'odham - Akimel O'odham (Pima),North America,Southwest,O'odham,Akimel O'odham (Pima),,,
http://n2t.net/ark:/65665/sz8f8876dcb-5bb1-4cec-af78-0b15e59b32c1,NMAICulture_2738,Hohokam Tradition (archaeological culture),,,,North America - Southwest - O'odham - Hohokam Tradition (archaeological culture),North America,Southwest,O'odham,Hohokam Tradition (archaeological culture),,,
http://n2t.net/ark:/65665/sz85c15df6e-b296-48cb-bdb5-194314fd0884,NMAICulture_454,Tohono O'odham (Papago),,Tohono Oodham,Language Family info:  Uto-Aztecan/Southern Uto-Aztecan/Sonoran/Tepiman,North America - Southwest - O'odham - Tohono O'odham (Papago),North America,Southwest,O'odham,Tohono O'odham (Papago),,,
http://n2t.net/ark:/65665/sz8d11dd6b8-9f39-4997-b5ea-a59b4987d16e,NMAICulture_70,O'odham,,,,North America - Southwest - O'odham,North America,Southwest,O'odham,,,,
http://n2t.net/ark:/65665/sz88d99cb99-6e37-4c3a-ac73-4b7053f3238a,NMAICulture_3168,Patayan (Hakataya) Tradition (archaeological culture),,,,North America - Southwest - Patayan (Hakataya) Tradition (archaeological culture),North America,Southwest,Patayan (Hakataya) Tradition (archaeological culture),,,,
http://n2t.net/ark:/65665/sz8d3835157-1830-4314-b41d-15813dc9f724,NMAICulture_233,Havasupai (Coconino),,,Language Family info:  Hokan/Esselen-Yuman/Yuman/Upland Yuman,North America - Southwest - Plateau Yuman - Havasupai (Coconino),North America,Southwest,Plateau Yuman,Havasupai (Coconino),,,
http://n2t.net/ark:/65665/sz8855dfd4d-e3d6-42ef-9bc3-0df7d798d91f,NMAICulture_240,Hualapai  (Walapai),,Epa; Wallapai; Hwalbáy; Hualpai,Language Family info:  Hokan/Esselen-Yuman/Yuman/Upland Yuman,North America - Southwest - Plateau Yuman - Hualapai  (Walapai),North America,Southwest,Plateau Yuman,Hualapai  (Walapai),,,
http://n2t.net/ark:/65665/sz8a5ab63f2-ed8e-4d7b-a2f9-94e184dff5b8,NMAICulture_1765,Yavapai [Fort McDowell],,Camp McDowell,Language Family info:  Hokan/Esselen-Yuman/Yuman/Upland Yuman,North America - Southwest - Plateau Yuman - Yavapai - Yavapai [Fort McDowell],North America,Southwest,Plateau Yuman,Yavapai,Yavapai [Fort McDowell],,
http://n2t.net/ark:/65665/sz84798d085-20bf-461a-8b4d-1a3563e12b4e,NMAICulture_514,Yavapai,"Former database term Apache Moha was a truncation of Mohave Apache, which is a synonym for Yavapai",Wipukyipaya ; Apache Mohave ; Mohave Apache,Language Family info:  Hokan/Esselen-Yuman/Yuman/Upland Yuman,North America - Southwest - Plateau Yuman - Yavapai,North America,Southwest,Plateau Yuman,Yavapai,,,
http://n2t.net/ark:/65665/sz83c161570-428b-400d-89f4-1193e39b91af,NMAICulture_71,Plateau Yuman,,,,North America - Southwest - Plateau Yuman,North America,Southwest,Plateau Yuman,,,,
http://n2t.net/ark:/65665/sz868de6ba2-6964-4d66-809a-f4a9dd3507cb,NMAICulture_1780,A:shiwi (Zuni),,She-we-na ; Shiwi'ma ; Zuni Pueblo,Language Family info:  Language Isolate,North America - Southwest - Pueblo - A:shiwi (Zuni),North America,Southwest,Pueblo,A:shiwi (Zuni),,,
http://n2t.net/ark:/65665/sz879eb299f-28fc-4638-baf4-0dfdd2cad9fb,NMAICulture_2797,Ancestral Pueblo (Anasazi): Basketmaker Tradition (archaeological culture),,,,North America - Southwest - Pueblo - Ancestral Pueblo (Anasazi) (archaeological) - Ancestral Pueblo (Anasazi): Basketmaker Tradition (archaeological culture),North America,Southwest,Pueblo,Ancestral Pueblo (Anasazi) (archaeological),Ancestral Pueblo (Anasazi): Basketmaker Tradition (archaeological culture),,
http://n2t.net/ark:/65665/sz8572e6473-6018-445b-9ba0-97c6d65af475,NMAICulture_995,Hopi [Hano],,,Language Family info:  Uto-Aztecan/Northern Uto-Aztecan/Hopi,North America - Southwest - Pueblo - Hopi Pueblo - Hopi [First Mesa] - Hopi [Hano],North America,Southwest,Pueblo,Hopi Pueblo,Hopi [First Mesa],Hopi [Hano],
http://n2t.net/ark:/65665/sz84c868470-6353-49ff-8168-a0a72dfaa2f8,NMAICulture_1003,Hopi [Sichomovi],,,Language Family info:  Uto-Aztecan/Northern Uto-Aztecan/Hopi,North America - Southwest - Pueblo - Hopi Pueblo - Hopi [First Mesa] - Hopi [Sichomovi],North America,Southwest,Pueblo,Hopi Pueblo,Hopi [First Mesa],Hopi [Sichomovi],
http://n2t.net/ark:/65665/sz832a75e03-85f6-41ae-8b95-56dccc2d3963,NMAICulture_1005,Hopi [Walpi],,Walabi,Language Family info:  Uto-Aztecan/Northern Uto-Aztecan/Hopi,North America - Southwest - Pueblo - Hopi Pueblo - Hopi [First Mesa] - Hopi [Walpi],North America,Southwest,Pueblo,Hopi Pueblo,Hopi [First Mesa],Hopi [Walpi],
http://n2t.net/ark:/65665/sz875622a3e-4ce2-4bf9-8373-23fe85226cd1,NMAICulture_1007,Hopi-Tewa [Polacca],,,Language Family info:  Uto-Aztecan/Northern Uto-Aztecan/Hopi,North America - Southwest - Pueblo - Hopi Pueblo - Hopi [First Mesa] - Hopi-Tewa [Polacca],North America,Southwest,Pueblo,Hopi Pueblo,Hopi [First Mesa],Hopi-Tewa [Polacca],
http://n2t.net/ark:/65665/sz8ca2e452c-6d5e-428e-a4d9-8bdf805bf7e6,NMAICulture_1006,Hopi-Tewa,,,Language Family info:  Uto-Aztecan/Northern Uto-Aztecan/Hopi,North America - Southwest - Pueblo - Hopi Pueblo - Hopi [First Mesa] - Hopi-Tewa,North America,Southwest,Pueblo,Hopi Pueblo,Hopi [First Mesa],Hopi-Tewa,
http://n2t.net/ark:/65665/sz81882953d-d00b-4240-9931-59f552fca030,NMAICulture_647,Hopi [First Mesa],,,Language Family info:  Uto-Aztecan/Northern Uto-Aztecan/Hopi,North America - Southwest - Pueblo - Hopi Pueblo - Hopi [First Mesa],North America,Southwest,Pueblo,Hopi Pueblo,Hopi [First Mesa],,
http://n2t.net/ark:/65665/sz8f0d8cec7-38ef-4b54-b3f6-f84e116bafec,NMAICulture_998,Hopi [Mishongnovi],,,Language Family info:  Uto-Aztecan/Northern Uto-Aztecan/Hopi,North America - Southwest - Pueblo - Hopi Pueblo - Hopi [Second Mesa] - Hopi [Mishongnovi],North America,Southwest,Pueblo,Hopi Pueblo,Hopi [Second Mesa],Hopi [Mishongnovi],
http://n2t.net/ark:/65665/sz817942f12-66a6-4320-8dfa-b54ec9fe2a6b,NMAICulture_1001,Hopi [Payupki],"Payupki is a historic pueblo on Second Mesa, and may actually be Hopi-Tewa and not Hopi proper",,Language Family info:  Uto-Aztecan/Northern Uto-Aztecan/Hopi,North America - Southwest - Pueblo - Hopi Pueblo - Hopi [Second Mesa] - Hopi [Payupki],North America,Southwest,Pueblo,Hopi Pueblo,Hopi [Second Mesa],Hopi [Payupki],
http://n2t.net/ark:/65665/sz82faff123-e09e-45e1-949e-70d2fe2168d2,NMAICulture_1002,Hopi [Shungopovi],,,Language Family info:  Uto-Aztecan/Northern Uto-Aztecan/Hopi,North America - Southwest - Pueblo - Hopi Pueblo - Hopi [Second Mesa] - Hopi [Shungopovi],North America,Southwest,Pueblo,Hopi Pueblo,Hopi [Second Mesa],Hopi [Shungopovi],
http://n2t.net/ark:/65665/sz863b800e2-d3ac-4270-998d-7a3e77b0dd21,NMAICulture_1004,Hopi [Sipaulovi],,,Language Family info:  Uto-Aztecan/Northern Uto-Aztecan/Hopi,North America - Southwest - Pueblo - Hopi Pueblo - Hopi [Second Mesa] - Hopi [Sipaulovi],North America,Southwest,Pueblo,Hopi Pueblo,Hopi [Second Mesa],Hopi [Sipaulovi],
http://n2t.net/ark:/65665/sz899bfb7a6-ed0a-4209-8573-5cc69695438c,NMAICulture_648,Hopi [Second Mesa],,,Language Family info:  Uto-Aztecan/Northern Uto-Aztecan/Hopi,North America - Southwest - Pueblo - Hopi Pueblo - Hopi [Second Mesa],North America,Southwest,Pueblo,Hopi Pueblo,Hopi [Second Mesa],,
http://n2t.net/ark:/65665/sz83fe39a41-879c-4cc4-a642-a235e58999c7,NMAICulture_994,Hopi [Bacavi],,,Language Family info:  Uto-Aztecan/Northern Uto-Aztecan/Hopi,North America - Southwest - Pueblo - Hopi Pueblo - Hopi [Third Mesa] - Hopi [Bacavi],North America,Southwest,Pueblo,Hopi Pueblo,Hopi [Third Mesa],Hopi [Bacavi],
http://n2t.net/ark:/65665/sz8ef383833-6b21-4769-befd-464f823f2d4b,NMAICulture_996,Hopi [Hotevilla],,,Language Family info:  Uto-Aztecan/Northern Uto-Aztecan/Hopi,North America - Southwest - Pueblo - Hopi Pueblo - Hopi [Third Mesa] - Hopi [Hotevilla],North America,Southwest,Pueblo,Hopi Pueblo,Hopi [Third Mesa],Hopi [Hotevilla],
http://n2t.net/ark:/65665/sz80618e419-cb95-44b6-9044-f3f45f812e0b,NMAICulture_997,Hopi [Kykotsmovi],,,Language Family info:  Uto-Aztecan/Northern Uto-Aztecan/Hopi,North America - Southwest - Pueblo - Hopi Pueblo - Hopi [Third Mesa] - Hopi [Kykotsmovi],North America,Southwest,Pueblo,Hopi Pueblo,Hopi [Third Mesa],Hopi [Kykotsmovi],
http://n2t.net/ark:/65665/sz8542d199e-4ddb-4e4e-836a-f865e83b7f79,NMAICulture_999,Hopi [Moencopi],,,Language Family info:  Uto-Aztecan/Northern Uto-Aztecan/Hopi,North America - Southwest - Pueblo - Hopi Pueblo - Hopi [Third Mesa] - Hopi [Moencopi],North America,Southwest,Pueblo,Hopi Pueblo,Hopi [Third Mesa],Hopi [Moencopi],
http://n2t.net/ark:/65665/sz8ea6bab51-375c-4ccf-9597-d63d46e733c7,NMAICulture_1000,Hopi [Old Oraibi],,Orayvi,Language Family info:  Uto-Aztecan/Northern Uto-Aztecan/Hopi,North America - Southwest - Pueblo - Hopi Pueblo - Hopi [Third Mesa] - Hopi [Old Oraibi],North America,Southwest,Pueblo,Hopi Pueblo,Hopi [Third Mesa],Hopi [Old Oraibi],
http://n2t.net/ark:/65665/sz80f738495-f9ad-4678-8dd9-19bd80a53c5c,NMAICulture_649,Hopi [Third Mesa],,,Language Family info:  Uto-Aztecan/Northern Uto-Aztecan/Hopi,North America - Southwest - Pueblo - Hopi Pueblo - Hopi [Third Mesa],North America,Southwest,Pueblo,Hopi Pueblo,Hopi [Third Mesa],,
http://n2t.net/ark:/65665/sz821a16d3f-4b28-4070-8bfb-ae61aef68fc0,NMAICulture_239,Hopi Pueblo,,Moki; Moqui,Language Family info:  Uto-Aztecan/Northern Uto-Aztecan/Hopi,North America - Southwest - Pueblo - Hopi Pueblo,North America,Southwest,Pueblo,Hopi Pueblo,,,
http://n2t.net/ark:/65665/sz8004ae1ef-1339-4543-b810-9e1a55af3467,NMAICulture_942,Acoma [Acomita],,,Language Family info:  Keresan,North America - Southwest - Pueblo - Keresan Pueblos - Acoma Pueblo - Acoma [Acomita],North America,Southwest,Pueblo,Keresan Pueblos,Acoma Pueblo,Acoma [Acomita],
http://n2t.net/ark:/65665/sz8de64e339-af74-4605-985e-3c0753f4b762,NMAICulture_534,Acoma Pueblo,,,Language Family info:  Keresan,North America - Southwest - Pueblo - Keresan Pueblos - Acoma Pueblo,North America,Southwest,Pueblo,Keresan Pueblos,Acoma Pueblo,,
http://n2t.net/ark:/65665/sz85f160d42-be9b-42e5-8c8e-6b089729118f,NMAICulture_605,Cochiti Pueblo,,Katyete;Ko-chits; Cochita;Cochite,Language Family info:  Keresan,North America - Southwest - Pueblo - Keresan Pueblos - Cochiti Pueblo,North America,Southwest,Pueblo,Keresan Pueblos,Cochiti Pueblo,,
http://n2t.net/ark:/65665/sz8c1ad541d-7c8c-465c-8f08-f1c60d37b4a8,NMAICulture_824,Kewa (Santo Domingo Pueblo),,Kwe-wa; San Domingo; Domingo,,North America - Southwest - Pueblo - Keresan Pueblos - Kewa (Santo Domingo Pueblo),North America,Southwest,Pueblo,Keresan Pueblos,Kewa (Santo Domingo Pueblo),,
http://n2t.net/ark:/65665/sz8e2476f1c-435b-4e03-b20c-6741b8120153,NMAICulture_1057,Laguna [Mesita],,Leguna,Language Family info:  Keresan,North America - Southwest - Pueblo - Keresan Pueblos - Laguna Pueblo - Laguna [Mesita],North America,Southwest,Pueblo,Keresan Pueblos,Laguna Pueblo,Laguna [Mesita],
http://n2t.net/ark:/65665/sz86659ec35-4b6a-4b7f-85f7-89ada4fcfd73,NMAICulture_1058,Laguna [Paguate],,,Language Family info:  Keresan,North America - Southwest - Pueblo - Keresan Pueblos - Laguna Pueblo - Laguna [Paguate],North America,Southwest,Pueblo,Keresan Pueblos,Laguna Pueblo,Laguna [Paguate],
http://n2t.net/ark:/65665/sz81242bdf4-e940-4e34-a478-df7fb4e31b3d,NMAICulture_1059,Laguna [Paraje],,,Language Family info:  Keresan,North America - Southwest - Pueblo - Keresan Pueblos - Laguna Pueblo - Laguna [Paraje],North America,Southwest,Pueblo,Keresan Pueblos,Laguna Pueblo,Laguna [Paraje],
http://n2t.net/ark:/65665/sz8fc950bb2-3f4f-46c9-918a-b3981e682b31,NMAICulture_1060,Laguna [Seama],,Tsiama,Language Family info:  Keresan,North America - Southwest - Pueblo - Keresan Pueblos - Laguna Pueblo - Laguna [Seama],North America,Southwest,Pueblo,Keresan Pueblos,Laguna Pueblo,Laguna [Seama],
http://n2t.net/ark:/65665/sz844675479-127b-4e93-968c-862dd7c54155,NMAICulture_696,Laguna Pueblo,,Kawaik;Ka-waikah,Language Family info:  Keresan,North America - Southwest - Pueblo - Keresan Pueblos - Laguna Pueblo,North America,Southwest,Pueblo,Keresan Pueblos,Laguna Pueblo,,
http://n2t.net/ark:/65665/sz8bf2b83b5-1876-4c5d-a836-8b7d1e513161,NMAICulture_813,San Felipe Pueblo,,Koots-cha,Language Family info:  Keresan,North America - Southwest - Pueblo - Keresan Pueblos - San Felipe Pueblo,North America,Southwest,Pueblo,Keresan Pueblos,San Felipe Pueblo,,
http://n2t.net/ark:/65665/sz8e314fc61-fd63-4acc-af94-46f1692c50ea,NMAICulture_822,Santa Ana Pueblo,,Tamaya; Santa Anna,,North America - Southwest - Pueblo - Keresan Pueblos - Santa Ana Pueblo,North America,Southwest,Pueblo,Keresan Pueblos,Santa Ana Pueblo,,
http://n2t.net/ark:/65665/sz865407d8a-1ac0-4fb8-b4c2-866d802377df,NMAICulture_937,Zia Pueblo,,Tsia ; Sia,,North America - Southwest - Pueblo - Keresan Pueblos - Zia Pueblo,North America,Southwest,Pueblo,Keresan Pueblos,Zia Pueblo,,
http://n2t.net/ark:/65665/sz84a5f1f7e-5ff1-4da6-8619-c05720bf8feb,NMAICulture_277,Keresan Pueblos,,,Language Family info:  Keresan,North America - Southwest - Pueblo - Keresan Pueblos,North America,Southwest,Pueblo,Keresan Pueblos,,,
http://n2t.net/ark:/65665/sz8cb63d9b5-7838-4570-9fea-c84688590793,NMAICulture_3175,Mogollon Tradition: Jornada (archaeological culture),,,,North America - Southwest - Pueblo - Mogollon Tradition (archaeological culture) - Mogollon Tradition: Jornada (archaeological culture),North America,Southwest,Pueblo,Mogollon Tradition (archaeological culture),Mogollon Tradition: Jornada (archaeological culture),,
http://n2t.net/ark:/65665/sz830b573e5-ae9e-4dad-921b-6f63998001b0,NMAICulture_2743,Mogollon Tradition: Mimbres (archaeological culture),,,,North America - Southwest - Pueblo - Mogollon Tradition (archaeological culture) - Mogollon Tradition: Mimbres (archaeological culture),North America,Southwest,Pueblo,Mogollon Tradition (archaeological culture),Mogollon Tradition: Mimbres (archaeological culture),,
http://n2t.net/ark:/65665/sz8c2f61aab-0621-4f3a-b9a7-6b129b3c1459,NMAICulture_2739,Mogollon Tradition (archaeological culture),,,,North America - Southwest - Pueblo - Mogollon Tradition (archaeological culture),North America,Southwest,Pueblo,Mogollon Tradition (archaeological culture),,,
http://n2t.net/ark:/65665/sz8bef25890-65ef-4057-ac51-94293d5e0c95,NMAICulture_2665,Paleoindian Tradition: Clovis (archaeological culture),,,,North America - Southwest - Pueblo - Paleoindian Tradition (archaeological culture) - Paleoindian Tradition: Clovis (archaeological culture),North America,Southwest,Pueblo,Paleoindian Tradition (archaeological culture),Paleoindian Tradition: Clovis (archaeological culture),,
http://n2t.net/ark:/65665/sz8165d8379-3531-414e-a7ea-bbe5739c0b46,NMAICulture_2666,Paleoindian Tradition: Folsom (archaeological culture),,,,North America - Southwest - Pueblo - Paleoindian Tradition (archaeological culture) - Paleoindian Tradition: Folsom (archaeological culture),North America,Southwest,Pueblo,Paleoindian Tradition (archaeological culture),Paleoindian Tradition: Folsom (archaeological culture),,
http://n2t.net/ark:/65665/sz84c137c23-5e38-49f7-ac03-228d9b10289f,NMAICulture_2667,Paleoindian Tradition: Plano (archaeological culture),,,,North America - Southwest - Pueblo - Paleoindian Tradition (archaeological culture) - Paleoindian Tradition: Plano (archaeological culture),North America,Southwest,Pueblo,Paleoindian Tradition (archaeological culture),Paleoindian Tradition: Plano (archaeological culture),,
http://n2t.net/ark:/65665/sz895ed2b89-3dd0-422b-bd63-65717c4174f4,NMAICulture_2664,Paleoindian Tradition (archaeological culture),,Paleo-Indian,,North America - Southwest - Pueblo - Paleoindian Tradition (archaeological culture),North America,Southwest,Pueblo,Paleoindian Tradition (archaeological culture),,,
http://n2t.net/ark:/65665/sz806681077-8523-4c0e-8ccf-94e40e1cdbe1,NMAICulture_675,K'apovi (Santa Clara Pueblo),,Kha'Po; San Clara,Language Family info:  Kiowa Tanoan/Tewa-Tiwa/Tewa,North America - Southwest - Pueblo - Tewa Pueblos - K'apovi (Santa Clara Pueblo),North America,Southwest,Pueblo,Tewa Pueblos,K'apovi (Santa Clara Pueblo),,
http://n2t.net/ark:/65665/sz8cd2234d3-93e8-451e-ad30-91f96bf247de,NMAICulture_739,Nambe Pueblo,,,Language Family info:  Kiowa Tanoan/Tewa-Tiwa/Tewa,North America - Southwest - Pueblo - Tewa Pueblos - Nambe Pueblo,North America,Southwest,Pueblo,Tewa Pueblos,Nambe Pueblo,,
http://n2t.net/ark:/65665/sz81c1bd74e-feb4-425c-9792-8e4ea273edc4,NMAICulture_817,Ohkay Owingeh (San Juan Pueblo),,O'kang; Ohke,Language Family info:  Kiowa Tanoan/Tewa-Tiwa/Tewa,North America - Southwest - Pueblo - Tewa Pueblos - Ohkay Owingeh (San Juan Pueblo),North America,Southwest,Pueblo,Tewa Pueblos,Ohkay Owingeh (San Juan Pueblo),,
http://n2t.net/ark:/65665/sz8a87e41cb-2f90-4742-82b1-690eb46972c2,NMAICulture_795,Pojoaque Pueblo,,Po-suwae-geh; Posunwange,Language Family info:  Kiowa Tanoan/Tewa-Tiwa/Tewa,North America - Southwest - Pueblo - Tewa Pueblos - Pojoaque Pueblo,North America,Southwest,Pueblo,Tewa Pueblos,Pojoaque Pueblo,,
http://n2t.net/ark:/65665/sz8e6bcecc1-969a-4d2b-bc3e-41cfdc69b26e,NMAICulture_802,Puye Pueblo,"Puye is a historic pueblo, probably occupied from A.D. 1250 to 1577",Puje,Language Family info:  Kiowa Tanoan/Tewa-Tiwa/Tewa,North America - Southwest - Pueblo - Tewa Pueblos - Puye Pueblo,North America,Southwest,Pueblo,Tewa Pueblos,Puye Pueblo,,
http://n2t.net/ark:/65665/sz88b992ba6-4d05-4a6a-8890-78e77385189f,NMAICulture_815,San Ildefonso Pueblo,,Po who geh; San Ildephonso,Language Family info:  Kiowa Tanoan/Tewa-Tiwa/Tewa,North America - Southwest - Pueblo - Tewa Pueblos - San Ildefonso Pueblo,North America,Southwest,Pueblo,Tewa Pueblos,San Ildefonso Pueblo,,
http://n2t.net/ark:/65665/sz8b694f3af-0d87-4f1f-bdc0-c8b426763fe4,NMAICulture_879,Tesuque Pueblo,,Tet-sugeh; Tetsuge; Tasuke; Teseque,Language Family info:  Kiowa Tanoan/Tewa-Tiwa/Tewa,North America - Southwest - Pueblo - Tewa Pueblos - Tesuque Pueblo,North America,Southwest,Pueblo,Tewa Pueblos,Tesuque Pueblo,,
http://n2t.net/ark:/65665/sz8504ad4e4-ac9b-4d9a-a6de-baf161d5abff,NMAICulture_449,Tewa Pueblos,,Tewa,Language Family info:  Kiowa Tanoan/Tewa-Tiwa/Tewa,North America - Southwest - Pueblo - Tewa Pueblos,North America,Southwest,Pueblo,Tewa Pueblos,,,
http://n2t.net/ark:/65665/sz8c5a51d77-a7b5-459a-b339-9825902b0706,NMAICulture_662,Isleta Pueblo,,Tue-i,Language Family info:  Kiowa Tanoan/Tewa-Tiwa/Tiwa,North America - Southwest - Pueblo - Tiwa Pueblos - Isleta Pueblo,North America,Southwest,Pueblo,Tiwa Pueblos,Isleta Pueblo,,
http://n2t.net/ark:/65665/sz81ca82fd9-fb50-4554-be05-f0948c81f995,NMAICulture_788,Picuris Pueblo,,We-lai; Picaris,Language Family info:  Kiowa Tanoan/Tewa-Tiwa/Tiwa,North America - Southwest - Pueblo - Tiwa Pueblos - Picuris Pueblo,North America,Southwest,Pueblo,Tiwa Pueblos,Picuris Pueblo,,
http://n2t.net/ark:/65665/sz817606211-83f3-4dec-8d99-db3fb14e2207,NMAICulture_821,Sandia Pueblo,,Na-fiat; San Dia,Language Family info:  Kiowa Tanoan/Tewa-Tiwa/Tiwa,North America - Southwest - Pueblo - Tiwa Pueblos - Sandia Pueblo,North America,Southwest,Pueblo,Tiwa Pueblos,Sandia Pueblo,,
http://n2t.net/ark:/65665/sz8be22719d-5cbc-4681-bb1b-4a75c2fad215,NMAICulture_867,Taos Pueblo,,Tuah-tah,Language Family info:  Kiowa Tanoan/Tewa-Tiwa/Tiwa,North America - Southwest - Pueblo - Tiwa Pueblos - Taos Pueblo,North America,Southwest,Pueblo,Tiwa Pueblos,Taos Pueblo,,
http://n2t.net/ark:/65665/sz8ad40ea59-67bb-4f88-9692-cda39e53aa77,NMAICulture_452,Tiwa Pueblos,,,Language Family info:  Kiowa Tanoan/Tewa-Tiwa/Tiwa,North America - Southwest - Pueblo - Tiwa Pueblos,North America,Southwest,Pueblo,Tiwa Pueblos,,,
http://n2t.net/ark:/65665/sz88213bf17-3890-45ea-8f25-a523535f03b6,NMAICulture_667,Jemez Pueblo,,Jeminez; Wala-towa,Language Family info:  Kiowa Tanoan/Kiowa-Towa/Towa,North America - Southwest - Pueblo - Towa Pueblos - Jemez Pueblo,North America,Southwest,Pueblo,Towa Pueblos,Jemez Pueblo,,
http://n2t.net/ark:/65665/sz8a3b35ef3-8190-4ad5-adba-88ebfa3cfc58,NMAICulture_782,Pecos Pueblo,"Pecos is a historic pueblo, occupied from about AD 1300 until it was destroyed during the Pueblo Revolt of 1680.  Small Pueblo populations remained there until about 1838.",Cicuye,Language Family info:  Kiowa Tanoan/Kiowa-Towa/Towa,North America - Southwest - Pueblo - Towa Pueblos - Pecos Pueblo,North America,Southwest,Pueblo,Towa Pueblos,Pecos Pueblo,,
http://n2t.net/ark:/65665/sz8c033b0d8-2f9a-4542-804f-7550e41b06cd,NMAICulture_458,Towa Pueblos,,,Language Family info:  Kiowa Tanoan/Kiowa-Towa/Towa,North America - Southwest - Pueblo - Towa Pueblos,North America,Southwest,Pueblo,Towa Pueblos,,,
http://n2t.net/ark:/65665/sz82d4a64c2-7cf3-45d3-9fcc-48718edd9a55,NMAICulture_72,Pueblo,,Pueblo Indians,,North America - Southwest - Pueblo,North America,Southwest,Pueblo,,,,
http://n2t.net/ark:/65665/sz837f317cc-aefc-4f32-a98d-2479123f56ba,NMAICulture_193,Cocopa,Hagiopa is a problematic term: it is not considered a synonym for Cocopa,Cocopah; Kikima; Cucapá; Kwikapa; Hagiopa,Language Family info:  Hokan/Esselen-Yuman/Yuman/Delta-Californian,North America - Southwest - River Yuman - Cocopa,North America,Southwest,River Yuman,Cocopa,,,
http://n2t.net/ark:/65665/sz851779bb0-eb2d-40ab-b6a4-85f2a816d045,NMAICulture_333,Mojave (Mohave),,Jamajabs; Amojave; Pipa Aha Macav,Language Family info:  Hokan/Esselen-Yuman/Yuman/River Yuman,North America - Southwest - River Yuman - Mojave (Mohave),North America,Southwest,River Yuman,Mojave (Mohave),,,
http://n2t.net/ark:/65665/sz8a45ade72-3754-49e5-858e-593b403ededa,NMAICulture_386,Piipaash (Maricopa),,Pipatsje; Cocomaricopa; Xalychidom Piipaash,Language Family info:  Hokan/Esselen-Yuman/Yuman/River Yuman,North America - Southwest - River Yuman - Piipaash (Maricopa),North America,Southwest,River Yuman,Piipaash (Maricopa),,,
http://n2t.net/ark:/65665/sz8a4d489d1-916f-4217-8b49-455b948d314d,NMAICulture_403,Quechan (Yuma/Cuchan),,Quecl ; Kwtsan ; Kwtsaan,Language Family info:  Hokan/Esselen-Yuman/Yuman/River Yuman,North America - Southwest - River Yuman - Quechan (Yuma/Cuchan),North America,Southwest,River Yuman,Quechan (Yuma/Cuchan),,,
http://n2t.net/ark:/65665/sz8a6d75364-c770-4649-898c-e196f1fae68f,NMAICulture_73,River Yuman,,,Language Family info:  Hokan/Esselen-Yuman/Yuman/River Yuman,North America - Southwest - River Yuman,North America,Southwest,River Yuman,,,,
http://n2t.net/ark:/65665/sz896d97fb2-2c23-4376-8774-4557cb8927ce,NMAICulture_3333,Salado (archaeological culture),,,,North America - Southwest - Salado (archaeological culture),North America,Southwest,Salado (archaeological culture),,,,
http://n2t.net/ark:/65665/sz8f88917a8-ef0a-48c7-b474-a3d5a2d656d7,NMAICulture_3126,Sinagua (archaeological culture),,,,North America - Southwest - Sinagua (archaeological culture),North America,Southwest,Sinagua (archaeological culture),,,,
http://n2t.net/ark:/65665/sz869f93f72-b032-4bd2-a3f8-183737e1cd61,NMAICulture_127,Apache,,,Language Family info:  Na-Dene/Nuclear Na-Dene/Athapaskan-Eyak/Athapaskan/Apachean/Navajo-Apache,North America - Southwest - Southern Athapaskans - Apache,North America,Southwest,Southern Athapaskans,Apache,,,
http://n2t.net/ark:/65665/sz859f49289-6cc0-48f4-9ebc-2afdb0a0617a,NMAICulture_211,Diné (Navajo),,Navaho; Apaches de Nabajó,Language Family info:   Na-Dene/Nuclear Na-Dene/Athapaskan-Eyak/Athapaskan/Apachean/Navajo-Apache/Western Apache-Navajo,North America - Southwest - Southern Athapaskans - Diné (Navajo),North America,Southwest,Southern Athapaskans,Diné (Navajo),,,
http://n2t.net/ark:/65665/sz899ee31f0-1e8f-407d-8d3f-f21917e13e25,NMAICulture_74,Southern Athapaskans,,,,North America - Southwest - Southern Athapaskans,North America,Southwest,Southern Athapaskans,,,,
http://n2t.net/ark:/65665/sz8a2610ad3-725c-4192-a45b-4998341cc935,NMAICulture_975,Cuarteles Chimayo,,,,North America - Southwest - Southwestern Non-Indians - Chimayo - New Mexico Chimayo - Cuarteles Chimayo,North America,Southwest,Southwestern Non-Indians,Chimayo,New Mexico Chimayo,Cuarteles Chimayo,
http://n2t.net/ark:/65665/sz8c1f82a2c-1d6a-4940-8f37-a980b8bd1286,NMAICulture_1128,Poquaquito Chimayo,,,,North America - Southwest - Southwestern Non-Indians - Chimayo - New Mexico Chimayo - Poquaquito Chimayo,North America,Southwest,Southwestern Non-Indians,Chimayo,New Mexico Chimayo,Poquaquito Chimayo,
http://n2t.net/ark:/65665/sz8278f6c9f-f13e-4289-a25f-9bce31b425f0,NMAICulture_1176,Truchas Chimayo,,Truches Chimayo,,North America - Southwest - Southwestern Non-Indians - Chimayo - New Mexico Chimayo - Truchas Chimayo,North America,Southwest,Southwestern Non-Indians,Chimayo,New Mexico Chimayo,Truchas Chimayo,
http://n2t.net/ark:/65665/sz84ab7e887-ec21-4122-89f6-c91868d16ceb,NMAICulture_747,New Mexico Chimayo,,,,North America - Southwest - Southwestern Non-Indians - Chimayo - New Mexico Chimayo,North America,Southwest,Southwestern Non-Indians,Chimayo,New Mexico Chimayo,,
http://n2t.net/ark:/65665/sz89091ecd8-a780-4bd6-b02b-26281d57381c,NMAICulture_175,Chimayo,,Chimallo ; Chemaillo ; Chemayo ; Chemaillo,,North America - Southwest - Southwestern Non-Indians - Chimayo,North America,Southwest,Southwestern Non-Indians,Chimayo,,,
http://n2t.net/ark:/65665/sz89d30445e-ebca-43fb-a32b-de23a989c05f,NMAICulture_604,Coahuila Saltillo,,,,North America - Southwest - Southwestern Non-Indians - Saltillo - Coahuila Saltillo,North America,Southwest,Southwestern Non-Indians,Saltillo,Coahuila Saltillo,,
http://n2t.net/ark:/65665/sz8cb293052-0e45-48b4-a5bf-9a8e750abfbd,NMAICulture_806,Rio Grande,,,,North America - Southwest - Southwestern Non-Indians - Saltillo - Rio Grande,North America,Southwest,Southwestern Non-Indians,Saltillo,Rio Grande,,
http://n2t.net/ark:/65665/sz8604eb91d-8fbc-4c00-baeb-159072ba40dc,NMAICulture_417,Saltillo,,,,North America - Southwest - Southwestern Non-Indians - Saltillo,North America,Southwest,Southwestern Non-Indians,Saltillo,,,
http://n2t.net/ark:/65665/sz8ed789dea-0a61-4c6c-8566-bf5193676563,NMAICulture_75,Southwestern Non-Indians,,,,North America - Southwest - Southwestern Non-Indians,North America,Southwest,Southwestern Non-Indians,,,,
http://n2t.net/ark:/65665/sz88fabed43-f452-4403-8cb1-553ed5ce19ee,NMAICulture_2796,Oshara Archaic Tradition (archaeological culture),,,,North America - Southwest - Western Archaic - Oshara Archaic Tradition (archaeological culture),North America,Southwest,Western Archaic,Oshara Archaic Tradition (archaeological culture),,,
http://n2t.net/ark:/65665/sz8528f1804-8b72-450b-a8ff-d165a7385214,NMAICulture_2807,Pecos Archaic Tradition (archaeological culture),,,,North America - Southwest - Western Archaic - Pecos Archaic Tradition (archaeological culture),North America,Southwest,Western Archaic,Pecos Archaic Tradition (archaeological culture),,,
http://n2t.net/ark:/65665/sz8f7eb0164-af9a-4020-9706-23fa4faaa5df,NMAICulture_3323,Western Archaic,,,,North America - Southwest - Western Archaic,North America,Southwest,Western Archaic,,,,
http://n2t.net/ark:/65665/sz8c2fd48c9-97d4-4010-ae99-fbde2808e005,NMAICulture_20,Southwest,,Southwest Indians,,North America - Southwest,North America,Southwest,,,,,
http://n2t.net/ark:/65665/sz854015e54-cf5c-4040-ad37-aa9773ee2f0a,NMAICulture_3078,Ojibwa Metis,,,Language Family info:  Algic/Algonquian/Central/Ojibwa,North America - Subarctic - Central Subarctic - Anishinaabe (Chippewa/Ojibwa) - Ojibwa Metis,North America,Subarctic,Central Subarctic,Anishinaabe (Chippewa/Ojibwa),Ojibwa Metis,,
http://n2t.net/ark:/65665/sz82c3ca96d-378d-4a31-ab9a-5d6152bdb002,NMAICulture_1136,"Saulteaux  [Berens River, Manitoba]",,,,"North America - Subarctic - Central Subarctic - Anishinaabe (Chippewa/Ojibwa) - Saulteaux - Saulteaux  [Berens River, Manitoba]",North America,Subarctic,Central Subarctic,Anishinaabe (Chippewa/Ojibwa),Saulteaux,"Saulteaux  [Berens River, Manitoba]",
http://n2t.net/ark:/65665/sz8746853f9-8061-4898-98a2-0ed7977fc94b,NMAICulture_827,Saulteaux,"Saulteaux is sometimes used as a synonym for Plains Ojibwa, but the two are differentiated in NMAI collections.  The Saulteaux are recognized as Woodland people living the Subarctic  and specifically parts of Ontario and eastern Manitoba (around Lake Winnipeg).  By contrasts, the Plains Ojibwa are in western Manitoba and Saskatchewan in plains and prairie environments.",Saulteax; Salteur,Language Family info:  Algic/Algonquian/Central/Ojibwa,North America - Subarctic - Central Subarctic - Anishinaabe (Chippewa/Ojibwa) - Saulteaux,North America,Subarctic,Central Subarctic,Anishinaabe (Chippewa/Ojibwa),Saulteaux,,
http://n2t.net/ark:/65665/sz844661d5f-2fda-4de9-8bd4-2d6b3e199318,NMAICulture_123,Anishinaabe (Chippewa/Ojibwa),,,,North America - Subarctic - Central Subarctic - Anishinaabe (Chippewa/Ojibwa),North America,Subarctic,Central Subarctic,Anishinaabe (Chippewa/Ojibwa),,,
http://n2t.net/ark:/65665/sz88aa32f06-3003-4214-8f9f-764458b86124,NMAICulture_954,Atikamekw [Manawan],,Manouane ; Manowan ; Manaouan  Manuan,Language Family info:  Algic/Algonquian/Central/Cree-Montagnais-Naskapi,North America - Subarctic - Central Subarctic - Cree - Atikamekw - Atikamekw [Manawan],North America,Subarctic,Central Subarctic,Cree,Atikamekw,Atikamekw [Manawan],
http://n2t.net/ark:/65665/sz836526158-651a-44eb-b656-49008d00f6cc,NMAICulture_955,Atikamekw [Obedjiwan],,Obidjuan ; Opitciwan,Language Family info:  Algic/Algonquian/Central/Cree-Montagnais-Naskapi,North America - Subarctic - Central Subarctic - Cree - Atikamekw - Atikamekw [Obedjiwan],North America,Subarctic,Central Subarctic,Cree,Atikamekw,Atikamekw [Obedjiwan],
http://n2t.net/ark:/65665/sz8175ed60d-f072-4b6e-9828-68e15065e81b,NMAICulture_956,Atikamekw [Wemotaci],"Specific communities can be delineated as separate terms as warranted, including Cococache/Coucoucache",Weymontachingue ; Weymontichinque ; Weymontichingue ; Weymontachi ; Weymont ; Chekamekalicinibi  Weymontachie,Language Family info:  Algic/Algonquian/Central/Cree-Montagnais-Naskapi,North America - Subarctic - Central Subarctic - Cree - Atikamekw - Atikamekw [Wemotaci],North America,Subarctic,Central Subarctic,Cree,Atikamekw,Atikamekw [Wemotaci],
http://n2t.net/ark:/65665/sz8bba2c005-c8a9-4ce5-8d20-7d8513a0f6ef,NMAICulture_1640,Kesagami (Kesagmi) Cree,,Moose Factory,Language Family info:  Algic/Algonquian/Central/Cree-Montagnais-Naskapi,North America - Subarctic - Central Subarctic - Cree - Atikamekw - Kesagami (Kesagmi) Cree,North America,Subarctic,Central Subarctic,Cree,Atikamekw,Kesagami (Kesagmi) Cree,
http://n2t.net/ark:/65665/sz8d6350e12-d21f-4ad1-bc8b-58df2a78ba9b,NMAICulture_547,Atikamekw,,Tetes De Boule ; Attikamek ; Attikamekw ; Tete De Boule Cree,Language Family info:  Algic/Algonquian/Central/Cree-Montagnais-Naskapi,North America - Subarctic - Central Subarctic - Cree - Atikamekw,North America,Subarctic,Central Subarctic,Cree,Atikamekw,,
http://n2t.net/ark:/65665/sz806d74f82-df74-452a-841b-72087cf911f2,NMAICulture_562,Bush or Western Woods Cree,,Bush Cree ; Woods Cree ; Wood Cree,Language Family info:  Algic/Algonquian/Central/Cree-Montagnais-Naskapi,North America - Subarctic - Central Subarctic - Cree - Bush or Western Woods Cree,North America,Subarctic,Central Subarctic,Cree,Bush or Western Woods Cree,,
http://n2t.net/ark:/65665/sz84a84d60b-cece-4ed9-8445-603d20bc4535,NMAICulture_2550,"Metis [St. Laurent, Manitoba]",,,,"North America - Subarctic - Central Subarctic - Cree - Cree Metis - Metis [St. Laurent, Manitoba]",North America,Subarctic,Central Subarctic,Cree,Cree Metis,"Metis [St. Laurent, Manitoba]",
http://n2t.net/ark:/65665/sz82831865e-b793-447e-ab83-4377f5d4b678,NMAICulture_1131,Red River Metis,,Red River Breeds; Red River Cree,Language Family info:  Algic/Algonquian/Central/Cree-Montagnais-Naskapi,North America - Subarctic - Central Subarctic - Cree - Cree Metis - Red River Metis,North America,Subarctic,Central Subarctic,Cree,Cree Metis,Red River Metis,
http://n2t.net/ark:/65665/sz84dc3f4b6-1941-4424-9c32-f681778e7ff4,NMAICulture_612,Cree Metis,Other Metis should ultimately fall under specific terms under their respective parent cultures analogous to Cree Metis,,Language Family info:  Algic/Algonquian/Central/Cree-Montagnais-Naskapi,North America - Subarctic - Central Subarctic - Cree - Cree Metis,North America,Subarctic,Central Subarctic,Cree,Cree Metis,,
http://n2t.net/ark:/65665/sz8819b4749-6625-42fc-bb56-5595ad89e866,NMAICulture_1036,James Bay Cree,,East Main Cree; East Cree,Language Family info:  Algic/Algonquian/Central/Cree-Montagnais-Naskapi,North America - Subarctic - Central Subarctic - Cree - East or Woods Cree - James Bay Cree,North America,Subarctic,Central Subarctic,Cree,East or Woods Cree,James Bay Cree,
http://n2t.net/ark:/65665/sz802e3027d-be2b-4465-aa12-684c2b8801cc,NMAICulture_1186,Waswanipi Cree,"Waswanipi objects were formerly identified in RITS as Innu, but Waswanipi is a Cree community",,Language Family info:  Algic/Algonquian/Central/Cree-Montagnais-Naskapi,North America - Subarctic - Central Subarctic - Cree - East or Woods Cree - Waswanipi Cree,North America,Subarctic,Central Subarctic,Cree,East or Woods Cree,Waswanipi Cree,
http://n2t.net/ark:/65665/sz8cd5ba38b-85c9-455d-9523-b16c3bad3b64,NMAICulture_621,East or Woods Cree,,Woodland Cree; Eastern Cree; East Main Cree; East Cree,Language Family info:  Algic/Algonquian/Central/Cree-Montagnais-Naskapi,North America - Subarctic - Central Subarctic - Cree - East or Woods Cree,North America,Subarctic,Central Subarctic,Cree,East or Woods Cree,,
http://n2t.net/ark:/65665/sz8091b885c-c2ab-4b14-b614-b0cb9704c89b,NMAICulture_1086,Mistassini Cree [Oujé-Bougoumou],,Dore Lake Cree; Dore Lake; Chibougamau,Language Family info:  Algic/Algonquian/Central/Cree-Montagnais-Naskapi,North America - Subarctic - Central Subarctic - Cree - Mistassini Cree - Mistassini Cree [Oujé-Bougoumou],North America,Subarctic,Central Subarctic,Cree,Mistassini Cree,Mistassini Cree [Oujé-Bougoumou],
http://n2t.net/ark:/65665/sz84cad57bb-8b63-40f0-9f0f-8973d22695a5,NMAICulture_726,Mistassini Cree,,Mistassin,Language Family info:  Algic/Algonquian/Central/Cree-Montagnais-Naskapi,North America - Subarctic - Central Subarctic - Cree - Mistassini Cree,North America,Subarctic,Central Subarctic,Cree,Mistassini Cree,,
http://n2t.net/ark:/65665/sz8a36c6a50-1e7a-4dbc-8afe-06b5112c1217,NMAICulture_1067,Maskegon Cree,,,Language Family info:  Algic/Algonquian/Central/Cree-Montagnais-Naskapi,North America - Subarctic - Central Subarctic - Cree - West Main Cree - Maskegon Cree,North America,Subarctic,Central Subarctic,Cree,West Main Cree,Maskegon Cree,
http://n2t.net/ark:/65665/sz82767ad5b-b7af-4f4d-88eb-6487ec5b6756,NMAICulture_1092,Monsoni Cree,,,Language Family info:  Algic/Algonquian/Central/Cree-Montagnais-Naskapi,North America - Subarctic - Central Subarctic - Cree - West Main Cree - Monsoni Cree,North America,Subarctic,Central Subarctic,Cree,West Main Cree,Monsoni Cree,
http://n2t.net/ark:/65665/sz89d52c96c-0fb0-4ef8-8e4e-75cf7d9e0521,NMAICulture_1153,Swampy Cree,,,Language Family info:  Algic/Algonquian/Central/Cree-Montagnais-Naskapi,North America - Subarctic - Central Subarctic - Cree - West Main Cree - Swampy Cree,North America,Subarctic,Central Subarctic,Cree,West Main Cree,Swampy Cree,
http://n2t.net/ark:/65665/sz85b5e942a-4b02-483f-a139-e433f62868a2,NMAICulture_916,West Main Cree,,,Language Family info:  Algic/Algonquian/Central/Cree-Montagnais-Naskapi,North America - Subarctic - Central Subarctic - Cree - West Main Cree,North America,Subarctic,Central Subarctic,Cree,West Main Cree,,
http://n2t.net/ark:/65665/sz852bed13f-1a0f-48ec-885d-588a2dc24c9f,NMAICulture_203,Cree,,,Language Family info:  Algic/Algonquian/Central/Cree-Montagnais-Naskapi,North America - Subarctic - Central Subarctic - Cree,North America,Subarctic,Central Subarctic,Cree,,,
http://n2t.net/ark:/65665/sz8bef25890-65ef-4057-ac51-94293d5e0c95,NMAICulture_2665,Paleoindian Tradition: Clovis (archaeological culture),,,,North America - Subarctic - Central Subarctic - Paleoindian Tradition (archaeological culture) - Paleoindian Tradition: Clovis (archaeological culture),North America,Subarctic,Central Subarctic,Paleoindian Tradition (archaeological culture),Paleoindian Tradition: Clovis (archaeological culture),,
http://n2t.net/ark:/65665/sz8165d8379-3531-414e-a7ea-bbe5739c0b46,NMAICulture_2666,Paleoindian Tradition: Folsom (archaeological culture),,,,North America - Subarctic - Central Subarctic - Paleoindian Tradition (archaeological culture) - Paleoindian Tradition: Folsom (archaeological culture),North America,Subarctic,Central Subarctic,Paleoindian Tradition (archaeological culture),Paleoindian Tradition: Folsom (archaeological culture),,
http://n2t.net/ark:/65665/sz84c137c23-5e38-49f7-ac03-228d9b10289f,NMAICulture_2667,Paleoindian Tradition: Plano (archaeological culture),,,,North America - Subarctic - Central Subarctic - Paleoindian Tradition (archaeological culture) - Paleoindian Tradition: Plano (archaeological culture),North America,Subarctic,Central Subarctic,Paleoindian Tradition (archaeological culture),Paleoindian Tradition: Plano (archaeological culture),,
http://n2t.net/ark:/65665/sz895ed2b89-3dd0-422b-bd63-65717c4174f4,NMAICulture_2664,Paleoindian Tradition (archaeological culture),,Paleo-Indian,,North America - Subarctic - Central Subarctic - Paleoindian Tradition (archaeological culture),North America,Subarctic,Central Subarctic,Paleoindian Tradition (archaeological culture),,,
http://n2t.net/ark:/65665/sz825545342-5dec-4a7d-9664-7ec706b619b7,NMAICulture_76,Central Subarctic,,,,North America - Subarctic - Central Subarctic,North America,Subarctic,Central Subarctic,,,,
http://n2t.net/ark:/65665/sz854015e54-cf5c-4040-ad37-aa9773ee2f0a,NMAICulture_3078,Ojibwa Metis,,,Language Family info:  Algic/Algonquian/Central/Ojibwa,North America - Subarctic - Eastern Subarctic - Anishinaabe (Chippewa/Ojibwa) - Ojibwa Metis,North America,Subarctic,Eastern Subarctic,Anishinaabe (Chippewa/Ojibwa),Ojibwa Metis,,
http://n2t.net/ark:/65665/sz808cd4426-2592-46a1-911a-c57fe3359ba1,NMAICulture_877,Temagami Ojibwa (Timagami),,,Language Family info:  Algic/Algonquian/Central/Ojibwa,North America - Subarctic - Eastern Subarctic - Anishinaabe (Chippewa/Ojibwa) - Temagami Ojibwa (Timagami),North America,Subarctic,Eastern Subarctic,Anishinaabe (Chippewa/Ojibwa),Temagami Ojibwa (Timagami),,
http://n2t.net/ark:/65665/sz844661d5f-2fda-4de9-8bd4-2d6b3e199318,NMAICulture_123,Anishinaabe (Chippewa/Ojibwa),,,,North America - Subarctic - Eastern Subarctic - Anishinaabe (Chippewa/Ojibwa),North America,Subarctic,Eastern Subarctic,Anishinaabe (Chippewa/Ojibwa),,,
http://n2t.net/ark:/65665/sz88aa32f06-3003-4214-8f9f-764458b86124,NMAICulture_954,Atikamekw [Manawan],,Manouane ; Manowan ; Manaouan  Manuan,Language Family info:  Algic/Algonquian/Central/Cree-Montagnais-Naskapi,North America - Subarctic - Eastern Subarctic - Cree - Atikamekw - Atikamekw [Manawan],North America,Subarctic,Eastern Subarctic,Cree,Atikamekw,Atikamekw [Manawan],
http://n2t.net/ark:/65665/sz836526158-651a-44eb-b656-49008d00f6cc,NMAICulture_955,Atikamekw [Obedjiwan],,Obidjuan ; Opitciwan,Language Family info:  Algic/Algonquian/Central/Cree-Montagnais-Naskapi,North America - Subarctic - Eastern Subarctic - Cree - Atikamekw - Atikamekw [Obedjiwan],North America,Subarctic,Eastern Subarctic,Cree,Atikamekw,Atikamekw [Obedjiwan],
http://n2t.net/ark:/65665/sz8175ed60d-f072-4b6e-9828-68e15065e81b,NMAICulture_956,Atikamekw [Wemotaci],"Specific communities can be delineated as separate terms as warranted, including Cococache/Coucoucache",Weymontachingue ; Weymontichinque ; Weymontichingue ; Weymontachi ; Weymont ; Chekamekalicinibi  Weymontachie,Language Family info:  Algic/Algonquian/Central/Cree-Montagnais-Naskapi,North America - Subarctic - Eastern Subarctic - Cree - Atikamekw - Atikamekw [Wemotaci],North America,Subarctic,Eastern Subarctic,Cree,Atikamekw,Atikamekw [Wemotaci],
http://n2t.net/ark:/65665/sz8bba2c005-c8a9-4ce5-8d20-7d8513a0f6ef,NMAICulture_1640,Kesagami (Kesagmi) Cree,,Moose Factory,Language Family info:  Algic/Algonquian/Central/Cree-Montagnais-Naskapi,North America - Subarctic - Eastern Subarctic - Cree - Atikamekw - Kesagami (Kesagmi) Cree,North America,Subarctic,Eastern Subarctic,Cree,Atikamekw,Kesagami (Kesagmi) Cree,
http://n2t.net/ark:/65665/sz8d6350e12-d21f-4ad1-bc8b-58df2a78ba9b,NMAICulture_547,Atikamekw,,Tetes De Boule ; Attikamek ; Attikamekw ; Tete De Boule Cree,Language Family info:  Algic/Algonquian/Central/Cree-Montagnais-Naskapi,North America - Subarctic - Eastern Subarctic - Cree - Atikamekw,North America,Subarctic,Eastern Subarctic,Cree,Atikamekw,,
http://n2t.net/ark:/65665/sz806d74f82-df74-452a-841b-72087cf911f2,NMAICulture_562,Bush or Western Woods Cree,,Bush Cree ; Woods Cree ; Wood Cree,Language Family info:  Algic/Algonquian/Central/Cree-Montagnais-Naskapi,North America - Subarctic - Eastern Subarctic - Cree - Bush or Western Woods Cree,North America,Subarctic,Eastern Subarctic,Cree,Bush or Western Woods Cree,,
http://n2t.net/ark:/65665/sz84a84d60b-cece-4ed9-8445-603d20bc4535,NMAICulture_2550,"Metis [St. Laurent, Manitoba]",,,,"North America - Subarctic - Eastern Subarctic - Cree - Cree Metis - Metis [St. Laurent, Manitoba]",North America,Subarctic,Eastern Subarctic,Cree,Cree Metis,"Metis [St. Laurent, Manitoba]",
http://n2t.net/ark:/65665/sz82831865e-b793-447e-ab83-4377f5d4b678,NMAICulture_1131,Red River Metis,,Red River Breeds; Red River Cree,Language Family info:  Algic/Algonquian/Central/Cree-Montagnais-Naskapi,North America - Subarctic - Eastern Subarctic - Cree - Cree Metis - Red River Metis,North America,Subarctic,Eastern Subarctic,Cree,Cree Metis,Red River Metis,
http://n2t.net/ark:/65665/sz84dc3f4b6-1941-4424-9c32-f681778e7ff4,NMAICulture_612,Cree Metis,Other Metis should ultimately fall under specific terms under their respective parent cultures analogous to Cree Metis,,Language Family info:  Algic/Algonquian/Central/Cree-Montagnais-Naskapi,North America - Subarctic - Eastern Subarctic - Cree - Cree Metis,North America,Subarctic,Eastern Subarctic,Cree,Cree Metis,,
http://n2t.net/ark:/65665/sz8819b4749-6625-42fc-bb56-5595ad89e866,NMAICulture_1036,James Bay Cree,,East Main Cree; East Cree,Language Family info:  Algic/Algonquian/Central/Cree-Montagnais-Naskapi,North America - Subarctic - Eastern Subarctic - Cree - East or Woods Cree - James Bay Cree,North America,Subarctic,Eastern Subarctic,Cree,East or Woods Cree,James Bay Cree,
http://n2t.net/ark:/65665/sz802e3027d-be2b-4465-aa12-684c2b8801cc,NMAICulture_1186,Waswanipi Cree,"Waswanipi objects were formerly identified in RITS as Innu, but Waswanipi is a Cree community",,Language Family info:  Algic/Algonquian/Central/Cree-Montagnais-Naskapi,North America - Subarctic - Eastern Subarctic - Cree - East or Woods Cree - Waswanipi Cree,North America,Subarctic,Eastern Subarctic,Cree,East or Woods Cree,Waswanipi Cree,
http://n2t.net/ark:/65665/sz8cd5ba38b-85c9-455d-9523-b16c3bad3b64,NMAICulture_621,East or Woods Cree,,Woodland Cree; Eastern Cree; East Main Cree; East Cree,Language Family info:  Algic/Algonquian/Central/Cree-Montagnais-Naskapi,North America - Subarctic - Eastern Subarctic - Cree - East or Woods Cree,North America,Subarctic,Eastern Subarctic,Cree,East or Woods Cree,,
http://n2t.net/ark:/65665/sz8091b885c-c2ab-4b14-b614-b0cb9704c89b,NMAICulture_1086,Mistassini Cree [Oujé-Bougoumou],,Dore Lake Cree; Dore Lake; Chibougamau,Language Family info:  Algic/Algonquian/Central/Cree-Montagnais-Naskapi,North America - Subarctic - Eastern Subarctic - Cree - Mistassini Cree - Mistassini Cree [Oujé-Bougoumou],North America,Subarctic,Eastern Subarctic,Cree,Mistassini Cree,Mistassini Cree [Oujé-Bougoumou],
http://n2t.net/ark:/65665/sz84cad57bb-8b63-40f0-9f0f-8973d22695a5,NMAICulture_726,Mistassini Cree,,Mistassin,Language Family info:  Algic/Algonquian/Central/Cree-Montagnais-Naskapi,North America - Subarctic - Eastern Subarctic - Cree - Mistassini Cree,North America,Subarctic,Eastern Subarctic,Cree,Mistassini Cree,,
http://n2t.net/ark:/65665/sz8a36c6a50-1e7a-4dbc-8afe-06b5112c1217,NMAICulture_1067,Maskegon Cree,,,Language Family info:  Algic/Algonquian/Central/Cree-Montagnais-Naskapi,North America - Subarctic - Eastern Subarctic - Cree - West Main Cree - Maskegon Cree,North America,Subarctic,Eastern Subarctic,Cree,West Main Cree,Maskegon Cree,
http://n2t.net/ark:/65665/sz82767ad5b-b7af-4f4d-88eb-6487ec5b6756,NMAICulture_1092,Monsoni Cree,,,Language Family info:  Algic/Algonquian/Central/Cree-Montagnais-Naskapi,North America - Subarctic - Eastern Subarctic - Cree - West Main Cree - Monsoni Cree,North America,Subarctic,Eastern Subarctic,Cree,West Main Cree,Monsoni Cree,
http://n2t.net/ark:/65665/sz89d52c96c-0fb0-4ef8-8e4e-75cf7d9e0521,NMAICulture_1153,Swampy Cree,,,Language Family info:  Algic/Algonquian/Central/Cree-Montagnais-Naskapi,North America - Subarctic - Eastern Subarctic - Cree - West Main Cree - Swampy Cree,North America,Subarctic,Eastern Subarctic,Cree,West Main Cree,Swampy Cree,
http://n2t.net/ark:/65665/sz85b5e942a-4b02-483f-a139-e433f62868a2,NMAICulture_916,West Main Cree,,,Language Family info:  Algic/Algonquian/Central/Cree-Montagnais-Naskapi,North America - Subarctic - Eastern Subarctic - Cree - West Main Cree,North America,Subarctic,Eastern Subarctic,Cree,West Main Cree,,
http://n2t.net/ark:/65665/sz852bed13f-1a0f-48ec-885d-588a2dc24c9f,NMAICulture_203,Cree,,,Language Family info:  Algic/Algonquian/Central/Cree-Montagnais-Naskapi,North America - Subarctic - Eastern Subarctic - Cree,North America,Subarctic,Eastern Subarctic,Cree,,,
http://n2t.net/ark:/65665/sz839343802-d8f0-46b4-8334-352ff722ec81,NMAICulture_1011,Innu [Chicoutimi],,,Language Family info:  Algic/Algonquian/Central/Cree-Montagnais-Naskapi,North America - Subarctic - Eastern Subarctic - Innu - Montagnais Innu - Innu [Chicoutimi],North America,Subarctic,Eastern Subarctic,Innu,Montagnais Innu,Innu [Chicoutimi],
http://n2t.net/ark:/65665/sz85e001e3d-3019-4f0c-a5d3-80d130cb79f0,NMAICulture_1012,Innu [Ekuanitshit/Mingan],,Ekuanitshiu,Language Family info:  Algic/Algonquian/Central/Cree-Montagnais-Naskapi,North America - Subarctic - Eastern Subarctic - Innu - Montagnais Innu - Innu [Ekuanitshit/Mingan],North America,Subarctic,Eastern Subarctic,Innu,Montagnais Innu,Innu [Ekuanitshit/Mingan],
http://n2t.net/ark:/65665/sz8fc622432-3387-4308-a372-acd39228408c,NMAICulture_1013,Innu [Essipit],,Escoumains ; Escoumins,Language Family info:  Algic/Algonquian/Central/Cree-Montagnais-Naskapi,North America - Subarctic - Eastern Subarctic - Innu - Montagnais Innu - Innu [Essipit],North America,Subarctic,Eastern Subarctic,Innu,Montagnais Innu,Innu [Essipit],
http://n2t.net/ark:/65665/sz80583fb5b-62dc-494e-b38b-a7414d48bfe9,NMAICulture_1014,Innu [Kiskissink],,Kiskinik ; Kiskisnik,Language Family info:  Algic/Algonquian/Central/Cree-Montagnais-Naskapi,North America - Subarctic - Eastern Subarctic - Innu - Montagnais Innu - Innu [Kiskissink],North America,Subarctic,Eastern Subarctic,Innu,Montagnais Innu,Innu [Kiskissink],
http://n2t.net/ark:/65665/sz8338b11e6-79d9-40b1-814c-fb66ec1447de,NMAICulture_1015,Innu [Lac Saint Jean],,Lake Saint Jean; Lake St. Jean; Lac St. John ; Lake Saint John,Language Family info:  Algic/Algonquian/Central/Cree-Montagnais-Naskapi,North America - Subarctic - Eastern Subarctic - Innu - Montagnais Innu - Innu [Lac Saint Jean],North America,Subarctic,Eastern Subarctic,Innu,Montagnais Innu,Innu [Lac Saint Jean],
http://n2t.net/ark:/65665/sz8d8814e34-8607-4c76-8ad4-827ba326bc10,NMAICulture_1016,"Innu [Mashteuiatsh/Pointe-Bleue, Quebec]",,Ouiatchouan ; Pekuakamiulnuatsh,Language Family info:  Algic/Algonquian/Central/Cree-Montagnais-Naskapi,"North America - Subarctic - Eastern Subarctic - Innu - Montagnais Innu - Innu [Mashteuiatsh/Pointe-Bleue, Quebec]",North America,Subarctic,Eastern Subarctic,Innu,Montagnais Innu,"Innu [Mashteuiatsh/Pointe-Bleue, Quebec]",
http://n2t.net/ark:/65665/sz80af0e0d3-973b-416d-a497-53bb5db9d629,NMAICulture_1017,Innu [Michikamau],,Michikaman,Language Family info:  Algic/Algonquian/Central/Cree-Montagnais-Naskapi,North America - Subarctic - Eastern Subarctic - Innu - Montagnais Innu - Innu [Michikamau],North America,Subarctic,Eastern Subarctic,Innu,Montagnais Innu,Innu [Michikamau],
http://n2t.net/ark:/65665/sz83b878ce5-ae08-498d-b7da-eed9f3792975,NMAICulture_1018,Innu [Moisie],,,Language Family info:  Algic/Algonquian/Central/Cree-Montagnais-Naskapi,North America - Subarctic - Eastern Subarctic - Innu - Montagnais Innu - Innu [Moisie],North America,Subarctic,Eastern Subarctic,Innu,Montagnais Innu,Innu [Moisie],
http://n2t.net/ark:/65665/sz89d190b08-7ecf-42ee-99c8-7a659a19667e,NMAICulture_1019,Innu [Nutashkuan],,North Shore Montagnais ; Natasquan ; Nataskwan Natashquan,Language Family info:  Algic/Algonquian/Central/Cree-Montagnais-Naskapi,North America - Subarctic - Eastern Subarctic - Innu - Montagnais Innu - Innu [Nutashkuan],North America,Subarctic,Eastern Subarctic,Innu,Montagnais Innu,Innu [Nutashkuan],
http://n2t.net/ark:/65665/sz843280cea-0736-4f02-a0d9-78dd87b1cca9,NMAICulture_1020,Innu [Pakuashipi/Saint-Augustin],,Pakuat-shipu ; St. Augustin ; St. Augustine ; Saint Agustin,Language Family info:  Algic/Algonquian/Central/Cree-Montagnais-Naskapi,North America - Subarctic - Eastern Subarctic - Innu - Montagnais Innu - Innu [Pakuashipi/Saint-Augustin],North America,Subarctic,Eastern Subarctic,Innu,Montagnais Innu,Innu [Pakuashipi/Saint-Augustin],
http://n2t.net/ark:/65665/sz84fd5bd2c-8639-438d-8624-c556adfaa405,NMAICulture_1021,Innu [Pessamit],,Betsiamits ; Bersiamite ; Betsiamites ;Bersimis,Language Family info:  Algic/Algonquian/Central/Cree-Montagnais-Naskapi,North America - Subarctic - Eastern Subarctic - Innu - Montagnais Innu - Innu [Pessamit],North America,Subarctic,Eastern Subarctic,Innu,Montagnais Innu,Innu [Pessamit],
http://n2t.net/ark:/65665/sz81e179d25-f6a2-485c-889c-90e00975fc47,NMAICulture_1022,Innu [Saint Marguerite],,Uashat Maliotenam ; St. Margarite ; St. Marguerite ; St. Margurite,Language Family info:  Algic/Algonquian/Central/Cree-Montagnais-Naskapi,North America - Subarctic - Eastern Subarctic - Innu - Montagnais Innu - Innu [Saint Marguerite],North America,Subarctic,Eastern Subarctic,Innu,Montagnais Innu,Innu [Saint Marguerite],
http://n2t.net/ark:/65665/sz8833836b8-2009-4cce-b959-2d9399b85cdd,NMAICulture_1024,Innu [Sept-Îles],,Uashat Mani-utenam ; Uashau ; Petesegabau ; Seven Islands  Maliotenam,"Language Family info:  Algic/Algonquian/Central/Cree-Montagnais-Naskapi  It is unclear if NMAI items come from the Uashat or , both of which are part of the city/town of Sept-Îles, so this thesaursus term is kept as plain Sept-Îles, Ann McMullen, 06 Mar 2023",North America - Subarctic - Eastern Subarctic - Innu - Montagnais Innu - Innu [Sept-Îles],North America,Subarctic,Eastern Subarctic,Innu,Montagnais Innu,Innu [Sept-Îles],
http://n2t.net/ark:/65665/sz860c93df9-a8a9-43dd-8d55-708d70c787ca,NMAICulture_1023,Innu [Sheshatshiu],,Northwest River ; NW River ; Sheshatshit,Language Family info:  Algic/Algonquian/Central/Cree-Montagnais-Naskapi,North America - Subarctic - Eastern Subarctic - Innu - Montagnais Innu - Innu [Sheshatshiu],North America,Subarctic,Eastern Subarctic,Innu,Montagnais Innu,Innu [Sheshatshiu],
http://n2t.net/ark:/65665/sz8d115db9b-5cae-4b45-b364-7677da066d67,NMAICulture_1025,Innu [Unamenshipit/La Romaine],,Grand Romaine; Unaman Shipit,Language Family info:  Algic/Algonquian/Central/Cree-Montagnais-Naskapi,North America - Subarctic - Eastern Subarctic - Innu - Montagnais Innu - Innu [Unamenshipit/La Romaine],North America,Subarctic,Eastern Subarctic,Innu,Montagnais Innu,Innu [Unamenshipit/La Romaine],
http://n2t.net/ark:/65665/sz8b37343a4-9716-4d89-a465-f07559a9e001,NMAICulture_1026,Innu [Ungava],,,Language Family info:  Algic/Algonquian/Central/Cree-Montagnais-Naskapi,North America - Subarctic - Eastern Subarctic - Innu - Montagnais Innu - Innu [Ungava],North America,Subarctic,Eastern Subarctic,Innu,Montagnais Innu,Innu [Ungava],
http://n2t.net/ark:/65665/sz87a60a0cb-20d0-4db3-a195-f12b901cc331,NMAICulture_733,Montagnais Innu,,,Language Family info:  Algic/Algonquian/Central/Cree-Montagnais-Naskapi,North America - Subarctic - Eastern Subarctic - Innu - Montagnais Innu,North America,Subarctic,Eastern Subarctic,Innu,Montagnais Innu,,
http://n2t.net/ark:/65665/sz81607a368-3cfc-4e00-8446-266ea4e61063,NMAICulture_1098,Mushuaunnuat [Nitchequon],,Nichicun ; Nichikun,Language Family info:  Algic/Algonquian/Central/Cree-Montagnais-Naskapi,North America - Subarctic - Eastern Subarctic - Innu - Naskapi Innu - Mushuaunnuat [Nitchequon],North America,Subarctic,Eastern Subarctic,Innu,Naskapi Innu,Mushuaunnuat [Nitchequon],
http://n2t.net/ark:/65665/sz86ccd26c6-7409-4a56-be85-55108c2eca29,NMAICulture_1099,Mushuaunnuat [Utshimassit/Davis Inlet],,Natuashish,Language Family info:  Algic/Algonquian/Central/Cree-Montagnais-Naskapi,North America - Subarctic - Eastern Subarctic - Innu - Naskapi Innu - Mushuaunnuat [Utshimassit/Davis Inlet],North America,Subarctic,Eastern Subarctic,Innu,Naskapi Innu,Mushuaunnuat [Utshimassit/Davis Inlet],
http://n2t.net/ark:/65665/sz85d7b3392-f6ae-489c-a56f-9bf37ae293e3,NMAICulture_1097,Mushuaunnuat,,Barren Land Naskapi  Barren Ground Naskapi,Language Family info:  Algic/Algonquian/Central/Cree-Montagnais-Naskapi,North America - Subarctic - Eastern Subarctic - Innu - Naskapi Innu - Mushuaunnuat,North America,Subarctic,Eastern Subarctic,Innu,Naskapi Innu,Mushuaunnuat,
http://n2t.net/ark:/65665/sz805710ef2-b1cd-4e29-986d-146ecfc93d7a,NMAICulture_743,Naskapi Innu,,Nascopie; Nenenot; Nascapee; Nascapi ; Naskapi,Language Family info:  Algic/Algonquian/Central/Cree-Montagnais-Naskapi,North America - Subarctic - Eastern Subarctic - Innu - Naskapi Innu,North America,Subarctic,Eastern Subarctic,Innu,Naskapi Innu,,
http://n2t.net/ark:/65665/sz85586ea12-893e-44b2-af43-bc27f8ff86ae,NMAICulture_251,Innu,,,,North America - Subarctic - Eastern Subarctic - Innu,North America,Subarctic,Eastern Subarctic,Innu,,,
http://n2t.net/ark:/65665/sz831e6efb6-ce54-4ee3-8cfb-b9f84a7c1b95,NMAICulture_77,Eastern Subarctic,,,,North America - Subarctic - Eastern Subarctic,North America,Subarctic,Eastern Subarctic,,,,
http://n2t.net/ark:/65665/sz8abb94b95-a1ba-49e9-b053-8d9d049a4515,NMAICulture_1648,Métis,,,,North America - Subarctic - Métis,North America,Subarctic,Métis,,,,
http://n2t.net/ark:/65665/sz8a6231dab-6dd2-4db4-86cb-51beeb79a846,NMAICulture_537,Ahtna (Ahtena),,Atna; Copper River Indians ; Ahtna-kohtaene,Language Family info:  Na-Dene/Nuclear Na-Dene/Athapaskan-Eyak/Athapaskan/Tanaina-Ahtna,North America - Subarctic - Western Subarctic - Dene (Northern Athabascan) - Ahtna (Ahtena),North America,Subarctic,Western Subarctic,Dene (Northern Athabascan),Ahtna (Ahtena),,
http://n2t.net/ark:/65665/sz83cefaf35-66df-42e3-828f-c56e2796ffc8,NMAICulture_962,Cheslatta,,Cheslatta Carrier,Language Family info:  Na-Dene/Nuclear Na-Dene/Athapaskan-Eyak/Athapaskan/Canadian/Carrier-Chilcotin/Babine-Carrier,North America - Subarctic - Western Subarctic - Dene (Northern Athabascan) - Dakelh (Carrier) - Cheslatta,North America,Subarctic,Western Subarctic,Dene (Northern Athabascan),Dakelh (Carrier),Cheslatta,
http://n2t.net/ark:/65665/sz85d528575-d8ff-48ce-a0c9-63ea6ccf2ef5,NMAICulture_1187,Wet'suwet'en (Babine Carrier),,Nataotin; Natooten; Lake Babine Nation; Hwotsotenne; Nantley Indians; Northern Carrier; Witsuwit'en,Language Family info:  Na-Dene/Nuclear Na-Dene/Athapaskan-Eyak/Athapaskan/Canadian/Carrier-Chilcotin/Babine-Carrier,North America - Subarctic - Western Subarctic - Dene (Northern Athabascan) - Dakelh (Carrier) - Wet'suwet'en (Babine Carrier),North America,Subarctic,Western Subarctic,Dene (Northern Athabascan),Dakelh (Carrier),Wet'suwet'en (Babine Carrier),
http://n2t.net/ark:/65665/sz8b2a712fc-6c53-4d49-a2df-80e6f7a567c1,NMAICulture_614,Dakelh (Carrier),,Takulli,Language Family info:  Na-Dene/Nuclear Na-Dene/Athapaskan-Eyak/Athapaskan/Canadian/Carrier-Chilcotin/Babine-Carrier,North America - Subarctic - Western Subarctic - Dene (Northern Athabascan) - Dakelh (Carrier),North America,Subarctic,Western Subarctic,Dene (Northern Athabascan),Dakelh (Carrier),,
http://n2t.net/ark:/65665/sz8ae7aacb6-a3ab-4710-8069-73a9d6520668,NMAICulture_2868,Dane-zaa (Dunne-za) [Doig River Band],,,Language Family info:  Na-Dene/Nuclear Na-Dene/Athapaskan-Eyak/Athapaskan/Canadian/Beaver-Sekani,North America - Subarctic - Western Subarctic - Dene (Northern Athabascan) - Dane-zaa (Dunne-za) - Dane-zaa (Dunne-za) [Doig River Band],North America,Subarctic,Western Subarctic,Dene (Northern Athabascan),Dane-zaa (Dunne-za),Dane-zaa (Dunne-za) [Doig River Band],
http://n2t.net/ark:/65665/sz8f0d5b203-53e6-49f3-b380-e60d37385d2a,NMAICulture_2867,Dane-zaa (Dunne-za),,Danezaa ; Tsatinne ; Tsa-dane ; Dunneza ; Tsattine ; Beaver,Language Family info:  Na-Dene/Nuclear Na-Dene/Athapaskan-Eyak/Athapaskan/Canadian/Beaver-Sekani,North America - Subarctic - Western Subarctic - Dene (Northern Athabascan) - Dane-zaa (Dunne-za),North America,Subarctic,Western Subarctic,Dene (Northern Athabascan),Dane-zaa (Dunne-za),,
http://n2t.net/ark:/65665/sz877022789-f465-4d14-bef2-ea0611c2fc51,NMAICulture_978,Deg Hit'an (Deg Xit'an) [Anvik],,,Language Family info:  Na-Dene/Nuclear Na-Dene/Athapaskan-Eyak/Athapaskan/Ingalik-Koyukon/Ingalik,North America - Subarctic - Western Subarctic - Dene (Northern Athabascan) - Deg Hit'an (Deg Xit'an) - Deg Hit'an (Deg Xit'an) [Anvik],North America,Subarctic,Western Subarctic,Dene (Northern Athabascan),Deg Hit'an (Deg Xit'an),Deg Hit'an (Deg Xit'an) [Anvik],
http://n2t.net/ark:/65665/sz88db60dea-fe0f-43be-9f7b-9882ca3e6da8,NMAICulture_615,Deg Hit'an (Deg Xit'an),,Kaiyuhkhotana  Deg Hitan  Degexit'an; Khotana; Ingalik,Language Family info:  Na-Dene/Nuclear Na-Dene/Athapaskan-Eyak/Athapaskan/Ingalik-Koyukon/Ingalik,North America - Subarctic - Western Subarctic - Dene (Northern Athabascan) - Deg Hit'an (Deg Xit'an),North America,Subarctic,Western Subarctic,Dene (Northern Athabascan),Deg Hit'an (Deg Xit'an),,
http://n2t.net/ark:/65665/sz818d37e9a-9014-44a6-aa0c-a6ed67358956,NMAICulture_616,Deh Gah Got'ine (Slavey),,Slave; Achaotinne; Slavi; Etchareottine; Caribou Eaters;  Etchaottine,Language Family info:  Na-Dene/Nuclear Na-Dene/Athapaskan-Eyak/Athapaskan/Canadian/Hare-Chipewyan/Hare-Slavey,North America - Subarctic - Western Subarctic - Dene (Northern Athabascan) - Deh Gah Got'ine (Slavey),North America,Subarctic,Western Subarctic,Dene (Northern Athabascan),Deh Gah Got'ine (Slavey),,
http://n2t.net/ark:/65665/sz86c254d4e-b54a-47f4-b391-c987eabd8f02,NMAICulture_979,Dena'ina (Tanaina) [Knik],,,Language Family info:  Na-Dene/Nuclear Na-Dene/Athapaskan-Eyak/Athapaskan/Tanaina-Ahtna,North America - Subarctic - Western Subarctic - Dene (Northern Athabascan) - Dena'ina (Tanaina) - Dena'ina (Tanaina) [Knik],North America,Subarctic,Western Subarctic,Dene (Northern Athabascan),Dena'ina (Tanaina),Dena'ina (Tanaina) [Knik],
http://n2t.net/ark:/65665/sz8b12db4cd-3f99-4d1c-a9d9-d213173ca238,NMAICulture_617,Dena'ina (Tanaina),,Kinayskiy,Language Family info:  Na-Dene/Nuclear Na-Dene/Athapaskan-Eyak/Athapaskan/Tanaina-Ahtna,North America - Subarctic - Western Subarctic - Dene (Northern Athabascan) - Dena'ina (Tanaina),North America,Subarctic,Western Subarctic,Dene (Northern Athabascan),Dena'ina (Tanaina),,
http://n2t.net/ark:/65665/sz8af623d1d-e0c1-4bea-ba3e-56126ced8c69,NMAICulture_972,Cold Lake Dene (Chipewyan),,,Language Family info:  Na-Dene/Nuclear Na-Dene/Athapaskan-Eyak/Athapaskan/Canadian/Hare-Chipewyan/Chipewyan,North America - Subarctic - Western Subarctic - Dene (Northern Athabascan) - Denésoliné (Chipewyan) - Cold Lake Dene (Chipewyan),North America,Subarctic,Western Subarctic,Dene (Northern Athabascan),Denésoliné (Chipewyan),Cold Lake Dene (Chipewyan),
http://n2t.net/ark:/65665/sz83ad05982-b1e5-4d28-889a-44cc4731610c,NMAICulture_1155,T'atsaot'ine (Tatsanottine/Yellowknife),,Copperknife; Yellowknives,Language Family info:  Na-Dene/Nuclear Na-Dene/Athapaskan-Eyak/Athapaskan/Canadian/Hare-Chipewyan/Chipewyan,North America - Subarctic - Western Subarctic - Dene (Northern Athabascan) - Denésoliné (Chipewyan) - T'atsaot'ine (Tatsanottine/Yellowknife),North America,Subarctic,Western Subarctic,Dene (Northern Athabascan),Denésoliné (Chipewyan),T'atsaot'ine (Tatsanottine/Yellowknife),
http://n2t.net/ark:/65665/sz886eaf095-2ffa-4bb9-8d06-715c3c99f1a6,NMAICulture_618,Denésoliné (Chipewyan),,Chippewyan; Chippewayan; Chipwyan; Dënesuliné,Language Family info:  Na-Dene/Nuclear Na-Dene/Athapaskan-Eyak/Athapaskan/Canadian/Hare-Chipewyan/Chipewyan,North America - Subarctic - Western Subarctic - Dene (Northern Athabascan) - Denésoliné (Chipewyan),North America,Subarctic,Western Subarctic,Dene (Northern Athabascan),Denésoliné (Chipewyan),,
http://n2t.net/ark:/65665/sz8e2619f47-8eb9-4cda-8fde-7dc71464b896,NMAICulture_988,"Gwich'in (Kutchin) [Peel and Porcupine Rivers, Yukon Territory, Canada]",,,Language Family info:  Na-Dene/Nuclear Na-Dene/Athapaskan-Eyak/Athapaskan/Canadian/Han-Kutchin,"North America - Subarctic - Western Subarctic - Dene (Northern Athabascan) - Gwich'in (Kutchin) - Gwich'in (Kutchin) [Peel and Porcupine Rivers, Yukon Territory, Canada]",North America,Subarctic,Western Subarctic,Dene (Northern Athabascan),Gwich'in (Kutchin),"Gwich'in (Kutchin) [Peel and Porcupine Rivers, Yukon Territory, Canada]",
http://n2t.net/ark:/65665/sz82df02030-15d1-4d42-ac92-1c73c232844e,NMAICulture_989,"Gwich'in (Kutchin) [Yukon River, Alaska]",,,Language Family info:  Na-Dene/Nuclear Na-Dene/Athapaskan-Eyak/Athapaskan/Canadian/Han-Kutchin,"North America - Subarctic - Western Subarctic - Dene (Northern Athabascan) - Gwich'in (Kutchin) - Gwich'in (Kutchin) [Yukon River, Alaska]",North America,Subarctic,Western Subarctic,Dene (Northern Athabascan),Gwich'in (Kutchin),"Gwich'in (Kutchin) [Yukon River, Alaska]",
http://n2t.net/ark:/65665/sz8a6783e08-95a4-479f-a79d-524b104f02bb,NMAICulture_637,Gwich'in (Kutchin),,Loucheux; Tukudh; Lechoux,Language Family info:  Na-Dene/Nuclear Na-Dene/Athapaskan-Eyak/Athapaskan/Canadian/Han-Kutchin,North America - Subarctic - Western Subarctic - Dene (Northern Athabascan) - Gwich'in (Kutchin),North America,Subarctic,Western Subarctic,Dene (Northern Athabascan),Gwich'in (Kutchin),,
http://n2t.net/ark:/65665/sz8cbb134a2-5f23-4aa6-9fb5-56a6a8fbc7e6,NMAICulture_640,Hän (Han Hwëch?in),,Han-Kutchin; Moosehide; Dawson ; Hankutchin,Language Family info:  Na-Dene/Nuclear Na-Dene/Athapaskan-Eyak/Athapaskan/Canadian/Han-Kutchin,North America - Subarctic - Western Subarctic - Dene (Northern Athabascan) - Hän (Han Hwëch?in),North America,Subarctic,Western Subarctic,Dene (Northern Athabascan),Hän (Han Hwëch?in),,
http://n2t.net/ark:/65665/sz8045e0338-ff83-4d06-bf0b-e0395074b6be,NMAICulture_2996,Holikachuk,,,Language Family info:  Na-Dene/Nuclear Na-Dene/Athapaskan-Eyak/Athapaskan/Ingalik-Koyukon/Koyukon-Holikachuk,North America - Subarctic - Western Subarctic - Dene (Northern Athabascan) - Holikachuk,North America,Subarctic,Western Subarctic,Dene (Northern Athabascan),Holikachuk,,
http://n2t.net/ark:/65665/sz847ab8580-348b-4edd-894c-25dbd44ca980,NMAICulture_658,Inland Tlingit (Taku Tlingit),"Problematic term:  Taku is used by Emmons for almost all Athapaskan speakers, including Tahltan, Inland Tlingit, and others.  Object info needs to be clarified based on what is Taku Northern Tlingit vs. Taku Inland Tlingit and what Taku tribe of Athapascan means.  Located at Atlin, BC and Teslin, Yukon Territory",Taku;Taku River Tlingit; Tarkun; Tarku,Language Family info:  Na-Dene/Nuclear Na-Dene/Athapaskan-Eyak/Athapaskan/Tahltan-Kaska,North America - Subarctic - Western Subarctic - Dene (Northern Athabascan) - Inland Tlingit (Taku Tlingit),North America,Subarctic,Western Subarctic,Dene (Northern Athabascan),Inland Tlingit (Taku Tlingit),,
http://n2t.net/ark:/65665/sz891e22992-3253-4904-a159-bdb1c148bcca,NMAICulture_2602,Upper Taku River Kaska (Takutine),,Tah'ko-tin'neh;Takutine;Takuttine;Takuttine Nahane,Language Family info:  Na-Dene/Nuclear Na-Dene/Athapaskan-Eyak/Athapaskan/Tahltan-Kaska,North America - Subarctic - Western Subarctic - Dene (Northern Athabascan) - Kaska Dena - Upper Taku River Kaska (Takutine),North America,Subarctic,Western Subarctic,Dene (Northern Athabascan),Kaska Dena,Upper Taku River Kaska (Takutine),
http://n2t.net/ark:/65665/sz885166dab-c88a-4535-8677-89c4bd2d355e,NMAICulture_676,Kaska Dena,Nahane may be considered a problematic term and should not automatically be considered identical to Kaska: Nahane was used historically for a number of Athapaskan groups,Caska; Cassiar;Nahane; Nehane; Nahani; Nahanni,Language Family info:  Na-Dene/Nuclear Na-Dene/Athapaskan-Eyak/Athapaskan/Tahltan-Kaska,North America - Subarctic - Western Subarctic - Dene (Northern Athabascan) - Kaska Dena,North America,Subarctic,Western Subarctic,Dene (Northern Athabascan),Kaska Dena,,
http://n2t.net/ark:/65665/sz8d6a54e20-fc12-41ad-9155-c4836b83dcce,NMAICulture_641,Kawchodinne (Hare),,Rabbit Indians,Language Family info:  Na-Dene/Nuclear Na-Dene/Athapaskan-Eyak/Athapaskan/Canadian/Hare-Chipewyan,North America - Subarctic - Western Subarctic - Dene (Northern Athabascan) - Kawchodinne (Hare),North America,Subarctic,Western Subarctic,Dene (Northern Athabascan),Kawchodinne (Hare),,
http://n2t.net/ark:/65665/sz857742eab-d31d-48ad-8e55-d22f1b41dce2,NMAICulture_687,Koyukon,,Kobuk Indians; Tena; Co-Youkon; Co-yukon,Language Family info:  Na-Dene/Nuclear Na-Dene/Athapaskan-Eyak/Athapaskan/Ingalik-Koyukon/Koyukon-Holikachuk,North America - Subarctic - Western Subarctic - Dene (Northern Athabascan) - Koyukon,North America,Subarctic,Western Subarctic,Dene (Northern Athabascan),Koyukon,,
http://n2t.net/ark:/65665/sz87b3f1736-3e77-4f7a-a5b3-c75bcf413b2e,NMAICulture_829,Sekani,,Sikanni,Language Family info:  Na-Dene/Nuclear Na-Dene/Athapaskan-Eyak/Athapaskan/Canadian/Beaver-Sekani,North America - Subarctic - Western Subarctic - Dene (Northern Athabascan) - Sekani,North America,Subarctic,Western Subarctic,Dene (Northern Athabascan),Sekani,,
http://n2t.net/ark:/65665/sz823be1f24-ab53-41fd-97c1-0e7d727780e5,NMAICulture_2994,Tagish,,,Language Family info:  Na-Dene/Nuclear Na-Dene/Athapaskan-Eyak/Athapaskan/Tahltan-Kaska,North America - Subarctic - Western Subarctic - Dene (Northern Athabascan) - Tagish,North America,Subarctic,Western Subarctic,Dene (Northern Athabascan),Tagish,,
http://n2t.net/ark:/65665/sz81720b1d6-e11c-4640-9b19-e0acf9f717bd,NMAICulture_861,Tahltan,"Telegraph Creek, northwest British Columbia.",Tahlton,Language Family info:  Na-Dene/Nuclear Na-Dene/Athapaskan-Eyak/Athapaskan/Tahltan-Kaska,North America - Subarctic - Western Subarctic - Dene (Northern Athabascan) - Tahltan,North America,Subarctic,Western Subarctic,Dene (Northern Athabascan),Tahltan,,
http://n2t.net/ark:/65665/sz854692cab-f3d1-4f09-8304-f0443544fe60,NMAICulture_3351,Lower Tanana,,,"Language Family info:  Na-Dene/Nuclear Na-Dene/Athapaskan-Eyak/Athapaskan  Items in NMAI collection identified as Lower Tanana due to their association with the Nenana area, Ann McMullen, 12 Feb 2023",North America - Subarctic - Western Subarctic - Dene (Northern Athabascan) - Tanana - Lower Tanana,North America,Subarctic,Western Subarctic,Dene (Northern Athabascan),Tanana,Lower Tanana,
http://n2t.net/ark:/65665/sz8bc8f4076-6ec5-40b1-9688-5f7ae319f9ed,NMAICulture_3352,Upper Tanana,,,"Language Family info:  Na-Dene/Nuclear Na-Dene/Athapaskan-Eyak/Athapaskan  Upper Tanana people have traditionally been associated with Tetlin and other nearby communities, Ann McMullen, 12 Feb 2023",North America - Subarctic - Western Subarctic - Dene (Northern Athabascan) - Tanana - Upper Tanana,North America,Subarctic,Western Subarctic,Dene (Northern Athabascan),Tanana,Upper Tanana,
http://n2t.net/ark:/65665/sz820de69fc-2aa4-45ae-94d2-f5c8fefb1e15,NMAICulture_866,Tanana,,,Language Family info:  Na-Dene/Nuclear Na-Dene/Athapaskan-Eyak/Athapaskan,North America - Subarctic - Western Subarctic - Dene (Northern Athabascan) - Tanana,North America,Subarctic,Western Subarctic,Dene (Northern Athabascan),Tanana,,
http://n2t.net/ark:/65665/sz8fdd2be3e-1e6b-4425-947b-cc3911da6be1,NMAICulture_884,Tli Cho (Dogrib/Thlingchadinne),,,Language Family info:  Na-Dene/Nuclear Na-Dene/Athapaskan-Eyak/Athapaskan/Canadian/Hare-Chipewyan/Hare-Slavey,North America - Subarctic - Western Subarctic - Dene (Northern Athabascan) - Tli Cho (Dogrib/Thlingchadinne),North America,Subarctic,Western Subarctic,Dene (Northern Athabascan),Tli Cho (Dogrib/Thlingchadinne),,
http://n2t.net/ark:/65665/sz88fd20377-f71b-435b-bac7-ab18a6073d9e,NMAICulture_889,Tsilhqot'in (Chilcotin),,Chilcotine; Chilicotin; Chilkotin; Tzilkotin; ; Tsilqot'in; Tsinlhqot'in,Language Family info:  Na-Dene/Nuclear Na-Dene/Athapaskan-Eyak/Athapaskan/Canadian/Carrier-Chilcotin/Chilcotin,North America - Subarctic - Western Subarctic - Dene (Northern Athabascan) - Tsilhqot'in (Chilcotin),North America,Subarctic,Western Subarctic,Dene (Northern Athabascan),Tsilhqot'in (Chilcotin),,
http://n2t.net/ark:/65665/sz801765b6a-7f03-451f-82a2-0c7b19490b7c,NMAICulture_2995,Northern Tutchone,,,Language Family info:  Na-Dene/Nuclear Na-Dene/Athapaskan-Eyak/Athapaskan/Tutchone,North America - Subarctic - Western Subarctic - Dene (Northern Athabascan) - Tutchone - Northern Tutchone,North America,Subarctic,Western Subarctic,Dene (Northern Athabascan),Tutchone,Northern Tutchone,
http://n2t.net/ark:/65665/sz88a2c412a-aaa1-4524-957f-26921ba769e0,NMAICulture_2992,Southern Tutchone,,,Language Family info:  Na-Dene/Nuclear Na-Dene/Athapaskan-Eyak/Athapaskan/Tutchone,North America - Subarctic - Western Subarctic - Dene (Northern Athabascan) - Tutchone - Southern Tutchone,North America,Subarctic,Western Subarctic,Dene (Northern Athabascan),Tutchone,Southern Tutchone,
http://n2t.net/ark:/65665/sz85aeb5195-78e3-40b7-848b-c765070865b9,NMAICulture_894,Tutchone,,Ayans; Selkirk,Language Family info:  Na-Dene/Nuclear Na-Dene/Athapaskan-Eyak/Athapaskan/Tutchone,North America - Subarctic - Western Subarctic - Dene (Northern Athabascan) - Tutchone,North America,Subarctic,Western Subarctic,Dene (Northern Athabascan),Tutchone,,
http://n2t.net/ark:/65665/sz807e59229-609c-4ac1-8842-61c52b106524,NMAICulture_352,Dene (Northern Athabascan),,Athabaskan ; Athapascan ; Athapaskan,Language Family info:  Na-Dene/Nuclear Na-Dene/Athapaskan-Eyak/Athapaskan,North America - Subarctic - Western Subarctic - Dene (Northern Athabascan),North America,Subarctic,Western Subarctic,Dene (Northern Athabascan),,,
http://n2t.net/ark:/65665/sz874e78ebe-0011-4589-b43e-4cfe522e9190,NMAICulture_2803,Northern Archaic Tradition (archaeological culture),,,,North America - Subarctic - Western Subarctic - Northern Archaic Tradition (archaeological culture),North America,Subarctic,Western Subarctic,Northern Archaic Tradition (archaeological culture),,,
http://n2t.net/ark:/65665/sz8dd8bd532-54f6-478e-b9f4-63d8fa04be33,NMAICulture_78,Western Subarctic,,,,North America - Subarctic - Western Subarctic,North America,Subarctic,Western Subarctic,,,,
http://n2t.net/ark:/65665/sz81884d4dc-9636-4510-842e-bcc8355a3c54,NMAICulture_21,Subarctic,,,,North America - Subarctic,North America,Subarctic,,,,,
http://n2t.net/ark:/65665/sz855b4a3c3-3210-4a1e-a574-e91098612169,NMAICulture_2768,Early Archaic Tradition (archaeological culture),,,,North America - Woodlands - Central Woodlands - Archaic Tradition (archaeological culture) - Early Archaic Tradition (archaeological culture),North America,Woodlands,Central Woodlands,Archaic Tradition (archaeological culture),Early Archaic Tradition (archaeological culture),,
http://n2t.net/ark:/65665/sz8d21084c1-c630-46d8-a2bd-c5ade1e5649a,NMAICulture_2757,Middle Archaic Tradition (archaeological culture),,,,North America - Woodlands - Central Woodlands - Archaic Tradition (archaeological culture) - Middle Archaic Tradition (archaeological culture),North America,Woodlands,Central Woodlands,Archaic Tradition (archaeological culture),Middle Archaic Tradition (archaeological culture),,
http://n2t.net/ark:/65665/sz888f136d4-e54a-4571-8a23-e9a34a15a683,NMAICulture_2700,Archaic Tradition (archaeological culture),,,,North America - Woodlands - Central Woodlands - Archaic Tradition (archaeological culture),North America,Woodlands,Central Woodlands,Archaic Tradition (archaeological culture),,,
http://n2t.net/ark:/65665/sz8774d7f27-f6d0-4ebb-a391-4b7df69d1145,NMAICulture_3179,Central/Middle Mississippian (archaeological culture),,,,North America - Woodlands - Central Woodlands - Mississippian Tradition (archaeological culture) - Central/Middle Mississippian (archaeological culture),North America,Woodlands,Central Woodlands,Mississippian Tradition (archaeological culture),Central/Middle Mississippian (archaeological culture),,
http://n2t.net/ark:/65665/sz8dcacd8fd-f851-4f16-b602-e6b0b357a9da,NMAICulture_2721,Early Mississippian Tradition (archaeological culture),,,,North America - Woodlands - Central Woodlands - Mississippian Tradition (archaeological culture) - Early Mississippian Tradition (archaeological culture),North America,Woodlands,Central Woodlands,Mississippian Tradition (archaeological culture),Early Mississippian Tradition (archaeological culture),,
http://n2t.net/ark:/65665/sz812034fcb-4f02-44e2-9e6e-08b1c5eca0c2,NMAICulture_2723,Late Mississippian Tradition (archaeological culture),,,,North America - Woodlands - Central Woodlands - Mississippian Tradition (archaeological culture) - Late Mississippian Tradition (archaeological culture),North America,Woodlands,Central Woodlands,Mississippian Tradition (archaeological culture),Late Mississippian Tradition (archaeological culture),,
http://n2t.net/ark:/65665/sz8af070eab-8e7a-4535-a153-edb1705e3bc6,NMAICulture_2722,Middle Mississippian Tradition (archaeological culture),,,,North America - Woodlands - Central Woodlands - Mississippian Tradition (archaeological culture) - Middle Mississippian Tradition (archaeological culture),North America,Woodlands,Central Woodlands,Mississippian Tradition (archaeological culture),Middle Mississippian Tradition (archaeological culture),,
http://n2t.net/ark:/65665/sz8e5e93d80-e2ef-4f4d-ae64-f3bdc5db1364,NMAICulture_3178,South Appalachian Mississippian (archaeological culture),,,,North America - Woodlands - Central Woodlands - Mississippian Tradition (archaeological culture) - South Appalachian Mississippian (archaeological culture),North America,Woodlands,Central Woodlands,Mississippian Tradition (archaeological culture),South Appalachian Mississippian (archaeological culture),,
http://n2t.net/ark:/65665/sz8d8680acd-f7b2-4dcd-b539-aeebc1208d5e,NMAICulture_2697,Mississippian Tradition (archaeological culture),,,,North America - Woodlands - Central Woodlands - Mississippian Tradition (archaeological culture),North America,Woodlands,Central Woodlands,Mississippian Tradition (archaeological culture),,,
http://n2t.net/ark:/65665/sz8bef25890-65ef-4057-ac51-94293d5e0c95,NMAICulture_2665,Paleoindian Tradition: Clovis (archaeological culture),,,,North America - Woodlands - Central Woodlands - Paleoindian Tradition (archaeological culture) - Paleoindian Tradition: Clovis (archaeological culture),North America,Woodlands,Central Woodlands,Paleoindian Tradition (archaeological culture),Paleoindian Tradition: Clovis (archaeological culture),,
http://n2t.net/ark:/65665/sz8165d8379-3531-414e-a7ea-bbe5739c0b46,NMAICulture_2666,Paleoindian Tradition: Folsom (archaeological culture),,,,North America - Woodlands - Central Woodlands - Paleoindian Tradition (archaeological culture) - Paleoindian Tradition: Folsom (archaeological culture),North America,Woodlands,Central Woodlands,Paleoindian Tradition (archaeological culture),Paleoindian Tradition: Folsom (archaeological culture),,
http://n2t.net/ark:/65665/sz84c137c23-5e38-49f7-ac03-228d9b10289f,NMAICulture_2667,Paleoindian Tradition: Plano (archaeological culture),,,,North America - Woodlands - Central Woodlands - Paleoindian Tradition (archaeological culture) - Paleoindian Tradition: Plano (archaeological culture),North America,Woodlands,Central Woodlands,Paleoindian Tradition (archaeological culture),Paleoindian Tradition: Plano (archaeological culture),,
http://n2t.net/ark:/65665/sz895ed2b89-3dd0-422b-bd63-65717c4174f4,NMAICulture_2664,Paleoindian Tradition (archaeological culture),,Paleo-Indian,,North America - Woodlands - Central Woodlands - Paleoindian Tradition (archaeological culture),North America,Woodlands,Central Woodlands,Paleoindian Tradition (archaeological culture),,,
http://n2t.net/ark:/65665/sz8eee85218-d219-4a18-b8bb-d1d732d03481,NMAICulture_941,"Absentee Shawnee [Shawnee, Oklahoma-Pottawatomie County]",,,Language Family info:  Algic/Algonquian/Central,"North America - Woodlands - Central Woodlands - Shawnee - Oklahoma Shawnee - Absentee Shawnee [Shawnee, Oklahoma-Pottawatomie County]",North America,Woodlands,Central Woodlands,Shawnee,Oklahoma Shawnee,"Absentee Shawnee [Shawnee, Oklahoma-Pottawatomie County]",
http://n2t.net/ark:/65665/sz8d29b3a10-3feb-4b03-bd52-0e782f13be98,NMAICulture_3408,Absentee Shawnee,,,,North America - Woodlands - Central Woodlands - Shawnee - Oklahoma Shawnee - Absentee Shawnee,North America,Woodlands,Central Woodlands,Shawnee,Oklahoma Shawnee,Absentee Shawnee,
http://n2t.net/ark:/65665/sz81cfc57a5-fa10-4e4e-b043-4a251da0d40c,NMAICulture_984,"Eastern Shawnee [Quapaw Agency, Oklahoma]",,,Language Family info:  Algic/Algonquian/Central,"North America - Woodlands - Central Woodlands - Shawnee - Oklahoma Shawnee - Eastern Shawnee [Quapaw Agency, Oklahoma]",North America,Woodlands,Central Woodlands,Shawnee,Oklahoma Shawnee,"Eastern Shawnee [Quapaw Agency, Oklahoma]",
http://n2t.net/ark:/65665/sz86a51948a-1a5e-4f26-95d8-269b4a28b422,NMAICulture_769,Oklahoma Shawnee,,,,North America - Woodlands - Central Woodlands - Shawnee - Oklahoma Shawnee,North America,Woodlands,Central Woodlands,Shawnee,Oklahoma Shawnee,,
http://n2t.net/ark:/65665/sz85b50ba4b-b4a5-4770-96ae-de87eef538cb,NMAICulture_426,Shawnee,,Shawano,Language Family info:  Algic/Algonquian/Central,North America - Woodlands - Central Woodlands - Shawnee,North America,Woodlands,Central Woodlands,Shawnee,,,
http://n2t.net/ark:/65665/sz8ddf4216d-83fe-46ed-9042-586b4395e093,NMAICulture_2692,Adena (archaeological culture),,,,North America - Woodlands - Central Woodlands - Woodland Tradition (archaeological culture) - Early Woodland Tradition (archaeological culture) - Adena (archaeological culture),North America,Woodlands,Central Woodlands,Woodland Tradition (archaeological culture),Early Woodland Tradition (archaeological culture),Adena (archaeological culture),
http://n2t.net/ark:/65665/sz88c2c25a9-1fee-4c79-b01d-f87e049af959,NMAICulture_2691,Early Woodland Tradition (archaeological culture),,,,North America - Woodlands - Central Woodlands - Woodland Tradition (archaeological culture) - Early Woodland Tradition (archaeological culture),North America,Woodlands,Central Woodlands,Woodland Tradition (archaeological culture),Early Woodland Tradition (archaeological culture),,
http://n2t.net/ark:/65665/sz8dc4b91e3-43f9-464b-a9e5-0547e526223f,NMAICulture_3267,Caborn-Welborn (archaeological culture),,,,North America - Woodlands - Central Woodlands - Woodland Tradition (archaeological culture) - Late Woodland Tradition (archaeological culture) - Caborn-Welborn (archaeological culture),North America,Woodlands,Central Woodlands,Woodland Tradition (archaeological culture),Late Woodland Tradition (archaeological culture),Caborn-Welborn (archaeological culture),
http://n2t.net/ark:/65665/sz830c24651-47ce-4139-93d6-2bc9e0772cc1,NMAICulture_2696,Fort Ancient (archaeological culture),,,,North America - Woodlands - Central Woodlands - Woodland Tradition (archaeological culture) - Late Woodland Tradition (archaeological culture) - Fort Ancient (archaeological culture),North America,Woodlands,Central Woodlands,Woodland Tradition (archaeological culture),Late Woodland Tradition (archaeological culture),Fort Ancient (archaeological culture),
http://n2t.net/ark:/65665/sz87f8da6c1-e6ec-4960-8768-bffe94bfff45,NMAICulture_2695,Late Woodland Tradition (archaeological culture),,,,North America - Woodlands - Central Woodlands - Woodland Tradition (archaeological culture) - Late Woodland Tradition (archaeological culture),North America,Woodlands,Central Woodlands,Woodland Tradition (archaeological culture),Late Woodland Tradition (archaeological culture),,
http://n2t.net/ark:/65665/sz89548f82d-8ca2-4692-b2c8-a984f8474bb3,NMAICulture_2694,Hopewell (archaeological culture),,,,North America - Woodlands - Central Woodlands - Woodland Tradition (archaeological culture) - Middle Woodland Tradition (archaeological culture) - Hopewell (archaeological culture),North America,Woodlands,Central Woodlands,Woodland Tradition (archaeological culture),Middle Woodland Tradition (archaeological culture),Hopewell (archaeological culture),
http://n2t.net/ark:/65665/sz8318ed235-6516-4d20-ac91-c3e34a21c07e,NMAICulture_2693,Middle Woodland Tradition (archaeological culture),,,,North America - Woodlands - Central Woodlands - Woodland Tradition (archaeological culture) - Middle Woodland Tradition (archaeological culture),North America,Woodlands,Central Woodlands,Woodland Tradition (archaeological culture),Middle Woodland Tradition (archaeological culture),,
http://n2t.net/ark:/65665/sz87411a150-607a-4430-ad31-4798e1c839ef,NMAICulture_3240,Sandusky (archaeological culture),,,,North America - Woodlands - Central Woodlands - Woodland Tradition (archaeological culture) - Sandusky (archaeological culture),North America,Woodlands,Central Woodlands,Woodland Tradition (archaeological culture),Sandusky (archaeological culture),,
http://n2t.net/ark:/65665/sz84b6280d4-1566-42cc-a811-d7784d124de4,NMAICulture_3239,Whittlesey (archaeological culture),,,,North America - Woodlands - Central Woodlands - Woodland Tradition (archaeological culture) - Whittlesey (archaeological culture),North America,Woodlands,Central Woodlands,Woodland Tradition (archaeological culture),Whittlesey (archaeological culture),,
http://n2t.net/ark:/65665/sz84fef9669-c599-4273-bdc1-b53a9855dece,NMAICulture_2690,Woodland Tradition (archaeological culture),,,,North America - Woodlands - Central Woodlands - Woodland Tradition (archaeological culture),North America,Woodlands,Central Woodlands,Woodland Tradition (archaeological culture),,,
http://n2t.net/ark:/65665/sz8e65e459e-e481-4b72-b52a-8a936090f69a,NMAICulture_80,Central Woodlands,,,,North America - Woodlands - Central Woodlands,North America,Woodlands,Central Woodlands,,,,
http://n2t.net/ark:/65665/sz874d82c21-8f08-4572-b8ed-69ce2ee0e3bf,NMAICulture_591,Chippewa/Ojibwa,,Ojibway; Ojibwe; Chippeway; Anishaanabe; Anishnaabe,Language Family info:  Algic/Algonquian/Central/Ojibwa,North America - Woodlands - Great Lakes - Anishinaabe (Chippewa/Ojibwa) - Chippewa/Ojibwa,North America,Woodlands,Great Lakes,Anishinaabe (Chippewa/Ojibwa),Chippewa/Ojibwa,,
http://n2t.net/ark:/65665/sz875df08c6-5f3b-4326-a8f1-8f54728a4d74,NMAICulture_1061,"Lake Superior Chippewa [Lac Courte Oreilles, Wisconsin]",,Lac Court Oreilles,Language Family info:  Algic/Algonquian/Central/Ojibwa,"North America - Woodlands - Great Lakes - Anishinaabe (Chippewa/Ojibwa) - Lake Superior Chippewa - Lake Superior Chippewa [Lac Courte Oreilles, Wisconsin]",North America,Woodlands,Great Lakes,Anishinaabe (Chippewa/Ojibwa),Lake Superior Chippewa,"Lake Superior Chippewa [Lac Courte Oreilles, Wisconsin]",
http://n2t.net/ark:/65665/sz83324c536-7cc7-446d-943d-100d67d001de,NMAICulture_1062,"Lake Superior Chippewa [Lac du Flambeau, Wisconsin]",,,Language Family info:  Algic/Algonquian/Central/Ojibwa,"North America - Woodlands - Great Lakes - Anishinaabe (Chippewa/Ojibwa) - Lake Superior Chippewa - Lake Superior Chippewa [Lac du Flambeau, Wisconsin]",North America,Woodlands,Great Lakes,Anishinaabe (Chippewa/Ojibwa),Lake Superior Chippewa,"Lake Superior Chippewa [Lac du Flambeau, Wisconsin]",
http://n2t.net/ark:/65665/sz8e0ed97fa-29ed-471b-82a1-79dd832d5d35,NMAICulture_2556,"Lake Superior Chippewa [Red Cliff, Wisconsin]",,,Language Family info:  Algic/Algonquian/Central/Ojibwa,"North America - Woodlands - Great Lakes - Anishinaabe (Chippewa/Ojibwa) - Lake Superior Chippewa - Lake Superior Chippewa [Red Cliff, Wisconsin]",North America,Woodlands,Great Lakes,Anishinaabe (Chippewa/Ojibwa),Lake Superior Chippewa,"Lake Superior Chippewa [Red Cliff, Wisconsin]",
http://n2t.net/ark:/65665/sz8aa2bf980-0d21-4f7b-8c1f-2f7688e460bb,NMAICulture_1063,"Lake Superior Chippewa [Rice Lake, Wisconsin]",,,Language Family info:  Algic/Algonquian/Central/Ojibwa,"North America - Woodlands - Great Lakes - Anishinaabe (Chippewa/Ojibwa) - Lake Superior Chippewa - Lake Superior Chippewa [Rice Lake, Wisconsin]",North America,Woodlands,Great Lakes,Anishinaabe (Chippewa/Ojibwa),Lake Superior Chippewa,"Lake Superior Chippewa [Rice Lake, Wisconsin]",
http://n2t.net/ark:/65665/sz846af475b-0f3b-455c-a142-8b3bc24b3560,NMAICulture_697,Lake Superior Chippewa,,,Language Family info:  Algic/Algonquian/Central/Ojibwa,North America - Woodlands - Great Lakes - Anishinaabe (Chippewa/Ojibwa) - Lake Superior Chippewa,North America,Woodlands,Great Lakes,Anishinaabe (Chippewa/Ojibwa),Lake Superior Chippewa,,
http://n2t.net/ark:/65665/sz84d525b32-e799-4fdd-b66d-115d613555d6,NMAICulture_1133,Saginaw Chippewa,,,Language Family info:  Algic/Algonquian/Central/Ojibwa,North America - Woodlands - Great Lakes - Anishinaabe (Chippewa/Ojibwa) - Michigan Chippewa - Saginaw Chippewa,North America,Woodlands,Great Lakes,Anishinaabe (Chippewa/Ojibwa),Michigan Chippewa,Saginaw Chippewa,
http://n2t.net/ark:/65665/sz81d0b474b-e70d-4a2b-b04d-25579cb0dca5,NMAICulture_2903,Sault Ste. Marie Tribe of Chippewa Indians,,,Language Family info:  Algic/Algonquian/Central/Ojibwa,North America - Woodlands - Great Lakes - Anishinaabe (Chippewa/Ojibwa) - Michigan Chippewa - Sault Ste. Marie Tribe of Chippewa Indians,North America,Woodlands,Great Lakes,Anishinaabe (Chippewa/Ojibwa),Michigan Chippewa,Sault Ste. Marie Tribe of Chippewa Indians,
http://n2t.net/ark:/65665/sz8a1fa4f45-e4aa-4748-b4b2-7bb8227d8ce7,NMAICulture_720,Michigan Chippewa,,,Language Family info:  Algic/Algonquian/Central/Ojibwa,North America - Woodlands - Great Lakes - Anishinaabe (Chippewa/Ojibwa) - Michigan Chippewa,North America,Woodlands,Great Lakes,Anishinaabe (Chippewa/Ojibwa),Michigan Chippewa,,
http://n2t.net/ark:/65665/sz8c61d72b8-c015-4494-bf8d-b2fda63ca04c,NMAICulture_1075,"Minnesota Chippewa [Bois Forte/Nett Lake, Minnesota]",,"Bois Fort; Minnesota Chippewa [Nett Lake, Minnesota]",Language Family info:  Algic/Algonquian/Central/Ojibwa,"North America - Woodlands - Great Lakes - Anishinaabe (Chippewa/Ojibwa) - Minnesota Chippewa - Minnesota Chippewa [Bois Forte/Nett Lake, Minnesota]",North America,Woodlands,Great Lakes,Anishinaabe (Chippewa/Ojibwa),Minnesota Chippewa,"Minnesota Chippewa [Bois Forte/Nett Lake, Minnesota]",
http://n2t.net/ark:/65665/sz8af794c5b-d397-4b08-a103-c7181cb06d3d,NMAICulture_1077,"Minnesota Chippewa [Grand Portage, Minnesota]",,,Language Family info:  Algic/Algonquian/Central/Ojibwa,"North America - Woodlands - Great Lakes - Anishinaabe (Chippewa/Ojibwa) - Minnesota Chippewa - Minnesota Chippewa [Grand Portage, Minnesota]",North America,Woodlands,Great Lakes,Anishinaabe (Chippewa/Ojibwa),Minnesota Chippewa,"Minnesota Chippewa [Grand Portage, Minnesota]",
http://n2t.net/ark:/65665/sz8722d0730-03b7-461d-934b-c0c2711df37f,NMAICulture_1078,"Minnesota Chippewa [Leech Lake, Minnesota]",,"Minnesota Chippewa [Cass Lake, Minnesota]",Language Family info:  Algic/Algonquian/Central/Ojibwa,"North America - Woodlands - Great Lakes - Anishinaabe (Chippewa/Ojibwa) - Minnesota Chippewa - Minnesota Chippewa [Leech Lake, Minnesota]",North America,Woodlands,Great Lakes,Anishinaabe (Chippewa/Ojibwa),Minnesota Chippewa,"Minnesota Chippewa [Leech Lake, Minnesota]",
http://n2t.net/ark:/65665/sz893ca6f27-6fab-4192-921e-caf930f95522,NMAICulture_1079,"Minnesota Chippewa [Mille Lacs, Minnesota]",,,Language Family info:  Algic/Algonquian/Central/Ojibwa,"North America - Woodlands - Great Lakes - Anishinaabe (Chippewa/Ojibwa) - Minnesota Chippewa - Minnesota Chippewa [Mille Lacs, Minnesota]",North America,Woodlands,Great Lakes,Anishinaabe (Chippewa/Ojibwa),Minnesota Chippewa,"Minnesota Chippewa [Mille Lacs, Minnesota]",
http://n2t.net/ark:/65665/sz87602e2d4-003e-4c5a-9002-e7bb27f494f3,NMAICulture_1081,"Minnesota Chippewa [Pillager Band, Minnesota]","The Pillager Band is a historic community, often considered the same as Leech Lake and Lake Winnibigoshish",,Language Family info:  Algic/Algonquian/Central/Ojibwa,"North America - Woodlands - Great Lakes - Anishinaabe (Chippewa/Ojibwa) - Minnesota Chippewa - Minnesota Chippewa [Pillager Band, Minnesota]",North America,Woodlands,Great Lakes,Anishinaabe (Chippewa/Ojibwa),Minnesota Chippewa,"Minnesota Chippewa [Pillager Band, Minnesota]",
http://n2t.net/ark:/65665/sz8d5dfd50c-fe63-40c8-9027-c240eb51a748,NMAICulture_1082,"Minnesota Chippewa [Rainy River, Minnesota]",,,Language Family info:  Algic/Algonquian/Central/Ojibwa,"North America - Woodlands - Great Lakes - Anishinaabe (Chippewa/Ojibwa) - Minnesota Chippewa - Minnesota Chippewa [Rainy River, Minnesota]",North America,Woodlands,Great Lakes,Anishinaabe (Chippewa/Ojibwa),Minnesota Chippewa,"Minnesota Chippewa [Rainy River, Minnesota]",
http://n2t.net/ark:/65665/sz8ad83177a-9411-4fa0-afd2-be35cc253363,NMAICulture_1083,"Minnesota Chippewa [Red Lake, Minnesota]",,,Language Family info:  Algic/Algonquian/Central/Ojibwa,"North America - Woodlands - Great Lakes - Anishinaabe (Chippewa/Ojibwa) - Minnesota Chippewa - Minnesota Chippewa [Red Lake, Minnesota]",North America,Woodlands,Great Lakes,Anishinaabe (Chippewa/Ojibwa),Minnesota Chippewa,"Minnesota Chippewa [Red Lake, Minnesota]",
http://n2t.net/ark:/65665/sz8343e8dc3-ebc0-4b5f-81e4-5a779797c0d1,NMAICulture_1084,"Minnesota Chippewa [White Earth, Minnesota]",,,Language Family info:  Algic/Algonquian/Central/Ojibwa,"North America - Woodlands - Great Lakes - Anishinaabe (Chippewa/Ojibwa) - Minnesota Chippewa - Minnesota Chippewa [White Earth, Minnesota]",North America,Woodlands,Great Lakes,Anishinaabe (Chippewa/Ojibwa),Minnesota Chippewa,"Minnesota Chippewa [White Earth, Minnesota]",
http://n2t.net/ark:/65665/sz87ced5238-a6fb-4c10-bdcb-98078171315f,NMAICulture_723,Minnesota Chippewa,,,Language Family info:  Algic/Algonquian/Central/Ojibwa,North America - Woodlands - Great Lakes - Anishinaabe (Chippewa/Ojibwa) - Minnesota Chippewa,North America,Woodlands,Great Lakes,Anishinaabe (Chippewa/Ojibwa),Minnesota Chippewa,,
http://n2t.net/ark:/65665/sz854015e54-cf5c-4040-ad37-aa9773ee2f0a,NMAICulture_3078,Ojibwa Metis,,,Language Family info:  Algic/Algonquian/Central/Ojibwa,North America - Woodlands - Great Lakes - Anishinaabe (Chippewa/Ojibwa) - Ojibwa Metis,North America,Woodlands,Great Lakes,Anishinaabe (Chippewa/Ojibwa),Ojibwa Metis,,
http://n2t.net/ark:/65665/sz89f805b3d-65fe-44c2-a031-778d845b2f22,NMAICulture_947,"Anishinaabe (Chippewa/Ojibwa) [Lac Vieux Desert Band, Michigan]",,,Language Family info:  Algic/Algonquian/Central/Ojibwa,"North America - Woodlands - Great Lakes - Anishinaabe (Chippewa/Ojibwa) - Ontario Ojibwe - Anishinaabe (Chippewa/Ojibwa) [Lac Vieux Desert Band, Michigan]",North America,Woodlands,Great Lakes,Anishinaabe (Chippewa/Ojibwa),Ontario Ojibwe,"Anishinaabe (Chippewa/Ojibwa) [Lac Vieux Desert Band, Michigan]",
http://n2t.net/ark:/65665/sz8595c0311-82ac-4c25-9df3-1343ba89e625,NMAICulture_948,"Anishinaabe [Byng Inlet, Ontario]",,,Language Family info:  Algic/Algonquian/Central/Ojibwa,"North America - Woodlands - Great Lakes - Anishinaabe (Chippewa/Ojibwa) - Ontario Ojibwe - Anishinaabe [Byng Inlet, Ontario]",North America,Woodlands,Great Lakes,Anishinaabe (Chippewa/Ojibwa),Ontario Ojibwe,"Anishinaabe [Byng Inlet, Ontario]",
http://n2t.net/ark:/65665/sz8a4724457-6de2-4eef-b346-0f41819afafc,NMAICulture_949,"Anishinaabe [Manitoulin Island, Ontario]",,,Language Family info:  Algic/Algonquian/Central/Ojibwa,"North America - Woodlands - Great Lakes - Anishinaabe (Chippewa/Ojibwa) - Ontario Ojibwe - Anishinaabe [Manitoulin Island, Ontario]",North America,Woodlands,Great Lakes,Anishinaabe (Chippewa/Ojibwa),Ontario Ojibwe,"Anishinaabe [Manitoulin Island, Ontario]",
http://n2t.net/ark:/65665/sz8f77cd145-0909-4abe-849c-a267448351e7,NMAICulture_950,"Anishinaabe [Parry Island, Ontario]",,,Language Family info:  Algic/Algonquian/Central/Ojibwa,"North America - Woodlands - Great Lakes - Anishinaabe (Chippewa/Ojibwa) - Ontario Ojibwe - Anishinaabe [Parry Island, Ontario]",North America,Woodlands,Great Lakes,Anishinaabe (Chippewa/Ojibwa),Ontario Ojibwe,"Anishinaabe [Parry Island, Ontario]",
http://n2t.net/ark:/65665/sz8facf95a5-a986-463f-8b8f-fbca8890688d,NMAICulture_951,"Anishinaabe [Rama Reserve, Ontario]",,,Language Family info:  Algic/Algonquian/Central/Ojibwa,"North America - Woodlands - Great Lakes - Anishinaabe (Chippewa/Ojibwa) - Ontario Ojibwe - Anishinaabe [Rama Reserve, Ontario]",North America,Woodlands,Great Lakes,Anishinaabe (Chippewa/Ojibwa),Ontario Ojibwe,"Anishinaabe [Rama Reserve, Ontario]",
http://n2t.net/ark:/65665/sz89665bd3a-b461-40eb-8fc0-bfba50320680,NMAICulture_952,"Anishinaabe [Sand Point, Ontario]",,,Language Family info:  Algic/Algonquian/Central/Ojibwa,"North America - Woodlands - Great Lakes - Anishinaabe (Chippewa/Ojibwa) - Ontario Ojibwe - Anishinaabe [Sand Point, Ontario]",North America,Woodlands,Great Lakes,Anishinaabe (Chippewa/Ojibwa),Ontario Ojibwe,"Anishinaabe [Sand Point, Ontario]",
http://n2t.net/ark:/65665/sz8b30b94b1-7644-4f0c-a400-8254213bf636,NMAICulture_953,"Anishinaabe [Walpole Island, Ontario]",,,Language Family info:  Algic/Algonquian/Central/Ojibwa,"North America - Woodlands - Great Lakes - Anishinaabe (Chippewa/Ojibwa) - Ontario Ojibwe - Anishinaabe [Walpole Island, Ontario]",North America,Woodlands,Great Lakes,Anishinaabe (Chippewa/Ojibwa),Ontario Ojibwe,"Anishinaabe [Walpole Island, Ontario]",
http://n2t.net/ark:/65665/sz808a3eced-3c68-4694-bd25-c3a3734188bd,NMAICulture_1085,Mississauga,,Missisauga,Language Family info:  Algic/Algonquian/Central/Ojibwa,North America - Woodlands - Great Lakes - Anishinaabe (Chippewa/Ojibwa) - Ontario Ojibwe - Mississauga,North America,Woodlands,Great Lakes,Anishinaabe (Chippewa/Ojibwa),Ontario Ojibwe,Mississauga,
http://n2t.net/ark:/65665/sz8f996f7b5-7003-47d4-bfb4-232e4d2ab598,NMAICulture_1144,Shawanaga (Shawnaga) Chippewa,,Shewanagan,Language Family info:  Algic/Algonquian/Central/Ojibwa,North America - Woodlands - Great Lakes - Anishinaabe (Chippewa/Ojibwa) - Ontario Ojibwe - Shawanaga (Shawnaga) Chippewa,North America,Woodlands,Great Lakes,Anishinaabe (Chippewa/Ojibwa),Ontario Ojibwe,Shawanaga (Shawnaga) Chippewa,
http://n2t.net/ark:/65665/sz8f598d0db-f5fc-4b76-b3b4-b5f31de8657f,NMAICulture_773,Ontario Ojibwe,,,Language Family info:  Algic/Algonquian/Central/Ojibwa,North America - Woodlands - Great Lakes - Anishinaabe (Chippewa/Ojibwa) - Ontario Ojibwe,North America,Woodlands,Great Lakes,Anishinaabe (Chippewa/Ojibwa),Ontario Ojibwe,,
http://n2t.net/ark:/65665/sz844661d5f-2fda-4de9-8bd4-2d6b3e199318,NMAICulture_123,Anishinaabe (Chippewa/Ojibwa),,,,North America - Woodlands - Great Lakes - Anishinaabe (Chippewa/Ojibwa),North America,Woodlands,Great Lakes,Anishinaabe (Chippewa/Ojibwa),,,
http://n2t.net/ark:/65665/sz855b4a3c3-3210-4a1e-a574-e91098612169,NMAICulture_2768,Early Archaic Tradition (archaeological culture),,,,North America - Woodlands - Great Lakes - Archaic Tradition (archaeological culture) - Early Archaic Tradition (archaeological culture),North America,Woodlands,Great Lakes,Archaic Tradition (archaeological culture),Early Archaic Tradition (archaeological culture),,
http://n2t.net/ark:/65665/sz8d21084c1-c630-46d8-a2bd-c5ade1e5649a,NMAICulture_2757,Middle Archaic Tradition (archaeological culture),,,,North America - Woodlands - Great Lakes - Archaic Tradition (archaeological culture) - Middle Archaic Tradition (archaeological culture),North America,Woodlands,Great Lakes,Archaic Tradition (archaeological culture),Middle Archaic Tradition (archaeological culture),,
http://n2t.net/ark:/65665/sz888f136d4-e54a-4571-8a23-e9a34a15a683,NMAICulture_2700,Archaic Tradition (archaeological culture),,,,North America - Woodlands - Great Lakes - Archaic Tradition (archaeological culture),North America,Woodlands,Great Lakes,Archaic Tradition (archaeological culture),,,
http://n2t.net/ark:/65665/sz8774d7f27-f6d0-4ebb-a391-4b7df69d1145,NMAICulture_3179,Central/Middle Mississippian (archaeological culture),,,,North America - Woodlands - Great Lakes - Central/Middle Mississippian (archaeological culture),North America,Woodlands,Great Lakes,Central/Middle Mississippian (archaeological culture),,,
http://n2t.net/ark:/65665/sz8bb33b881-7ede-4f07-ab3d-4faa6c674b21,NMAICulture_645,Ho-Chunk [Wisconsin],,,Language Family info:  Siouan/Siouan Proper/Central/Mississippi Valley/Winnebago,North America - Woodlands - Great Lakes - Ho-Chunk (Winnebago) - Ho-Chunk [Wisconsin],North America,Woodlands,Great Lakes,Ho-Chunk (Winnebago),Ho-Chunk [Wisconsin],,
http://n2t.net/ark:/65665/sz831b141a3-1858-4290-944f-44edf53e19f6,NMAICulture_923,Winnebago [Nebraska],,,Language Family info:  Siouan/Siouan Proper/Central/Mississippi Valley/Winnebago,North America - Woodlands - Great Lakes - Ho-Chunk (Winnebago) - Winnebago [Nebraska],North America,Woodlands,Great Lakes,Ho-Chunk (Winnebago),Winnebago [Nebraska],,
http://n2t.net/ark:/65665/sz8ef2ef350-8a1f-489a-a9f4-2652f5fded06,NMAICulture_238,Ho-Chunk (Winnebago),,Hochunk; Hocák; Hocank; Hochank,Language Family info:  Siouan/Siouan Proper/Central/Mississippi Valley/Winnebago,North America - Woodlands - Great Lakes - Ho-Chunk (Winnebago),North America,Woodlands,Great Lakes,Ho-Chunk (Winnebago),,,
http://n2t.net/ark:/65665/sz8c2760b34-f79c-4435-bf45-703afabd646c,NMAICulture_786,Peoria,,,Language Family info:  Algic/Algonquian/Central,North America - Woodlands - Great Lakes - Illiniwek (Illinois) - Peoria,North America,Woodlands,Great Lakes,Illiniwek (Illinois),Peoria,,
http://n2t.net/ark:/65665/sz8787c5677-f402-47f9-894f-12c0f232caa0,NMAICulture_249,Illiniwek (Illinois),,,Language Family info:  Algic/Algonquian/Central,North America - Woodlands - Great Lakes - Illiniwek (Illinois),North America,Woodlands,Great Lakes,Illiniwek (Illinois),,,
http://n2t.net/ark:/65665/sz81474c439-5f58-4e53-9381-ba4b1dcf7d66,NMAICulture_2699,Old Copper culture (archaeological culture),,,,North America - Woodlands - Great Lakes - Lake Forest Late Archaic Tradition (archaeological culture) - Old Copper culture (archaeological culture),North America,Woodlands,Great Lakes,Lake Forest Late Archaic Tradition (archaeological culture),Old Copper culture (archaeological culture),,
http://n2t.net/ark:/65665/sz844321c02-c620-40dd-a3a7-7d355c6ebcf9,NMAICulture_2698,Lake Forest Late Archaic Tradition (archaeological culture),,,,North America - Woodlands - Great Lakes - Lake Forest Late Archaic Tradition (archaeological culture),North America,Woodlands,Great Lakes,Lake Forest Late Archaic Tradition (archaeological culture),,,
http://n2t.net/ark:/65665/sz8b1145c5c-e2bd-49ff-abb7-4da30b51d0db,NMAICulture_319,Menominee (Menomini),,Menomiee; Menominie,Language Family info:  Algic/Algonquian/Central,North America - Woodlands - Great Lakes - Menominee (Menomini),North America,Woodlands,Great Lakes,Menominee (Menomini),,,
http://n2t.net/ark:/65665/sz8845acd73-7004-4423-8140-976a17fdb71b,NMAICulture_1491,Miami [Oklahoma],,,Language Family info:  Algic/Algonquian/Central,North America - Woodlands - Great Lakes - Miami - Miami [Oklahoma],North America,Woodlands,Great Lakes,Miami,Miami [Oklahoma],,
http://n2t.net/ark:/65665/sz887e06da3-f0c1-46bd-b91d-1d01336868c2,NMAICulture_323,Miami,,,Language Family info:  Algic/Algonquian/Central,North America - Woodlands - Great Lakes - Miami,North America,Woodlands,Great Lakes,Miami,,,
http://n2t.net/ark:/65665/sz84e34f16e-e09c-4c07-b9d7-209fe16acb41,NMAICulture_1493,"Odawa [Little Traverse Bay Band, Michigan]",,,Language Family info:  Algic/Algonquian/Central/Ojibwa,"North America - Woodlands - Great Lakes - Odawa (Ottawa) - Odawa [Little Traverse Bay Band, Michigan]",North America,Woodlands,Great Lakes,Odawa (Ottawa),"Odawa [Little Traverse Bay Band, Michigan]",,
http://n2t.net/ark:/65665/sz8ae83b8cf-44c1-4773-b5e1-926f490a72c4,NMAICulture_1494,Odawa [Walpole Island],,,Language Family info:  Algic/Algonquian/Central/Ojibwa,North America - Woodlands - Great Lakes - Odawa (Ottawa) - Odawa [Walpole Island],North America,Woodlands,Great Lakes,Odawa (Ottawa),Odawa [Walpole Island],,
http://n2t.net/ark:/65665/sz803042ad3-ea8a-496f-bc61-569c0f842d0e,NMAICulture_1495,Ottawa [Oklahoma],,,Language Family info:  Algic/Algonquian/Central/Ojibwa,North America - Woodlands - Great Lakes - Odawa (Ottawa) - Ottawa [Oklahoma],North America,Woodlands,Great Lakes,Odawa (Ottawa),Ottawa [Oklahoma],,
http://n2t.net/ark:/65665/sz8a8d69ca5-1e11-4e75-91ee-ce6b5958771d,NMAICulture_363,Odawa (Ottawa),,,Language Family info:  Algic/Algonquian/Central/Ojibwa,North America - Woodlands - Great Lakes - Odawa (Ottawa),North America,Woodlands,Great Lakes,Odawa (Ottawa),,,
http://n2t.net/ark:/65665/sz8bef25890-65ef-4057-ac51-94293d5e0c95,NMAICulture_2665,Paleoindian Tradition: Clovis (archaeological culture),,,,North America - Woodlands - Great Lakes - Paleoindian Tradition (archaeological culture) - Paleoindian Tradition: Clovis (archaeological culture),North America,Woodlands,Great Lakes,Paleoindian Tradition (archaeological culture),Paleoindian Tradition: Clovis (archaeological culture),,
http://n2t.net/ark:/65665/sz8165d8379-3531-414e-a7ea-bbe5739c0b46,NMAICulture_2666,Paleoindian Tradition: Folsom (archaeological culture),,,,North America - Woodlands - Great Lakes - Paleoindian Tradition (archaeological culture) - Paleoindian Tradition: Folsom (archaeological culture),North America,Woodlands,Great Lakes,Paleoindian Tradition (archaeological culture),Paleoindian Tradition: Folsom (archaeological culture),,
http://n2t.net/ark:/65665/sz84c137c23-5e38-49f7-ac03-228d9b10289f,NMAICulture_2667,Paleoindian Tradition: Plano (archaeological culture),,,,North America - Woodlands - Great Lakes - Paleoindian Tradition (archaeological culture) - Paleoindian Tradition: Plano (archaeological culture),North America,Woodlands,Great Lakes,Paleoindian Tradition (archaeological culture),Paleoindian Tradition: Plano (archaeological culture),,
http://n2t.net/ark:/65665/sz895ed2b89-3dd0-422b-bd63-65717c4174f4,NMAICulture_2664,Paleoindian Tradition (archaeological culture),,Paleo-Indian,,North America - Woodlands - Great Lakes - Paleoindian Tradition (archaeological culture),North America,Woodlands,Great Lakes,Paleoindian Tradition (archaeological culture),,,
http://n2t.net/ark:/65665/sz80cf1dd93-686b-45c1-9007-e6a09c7cb506,NMAICulture_1497,"Potawatomi [Forest County, Wisconsin]",,,Language Family info:  Algic/Algonquian/Central/Ojibwa,"North America - Woodlands - Great Lakes - Potawatomi - Potawatomi [Forest County, Wisconsin]",North America,Woodlands,Great Lakes,Potawatomi,"Potawatomi [Forest County, Wisconsin]",,
http://n2t.net/ark:/65665/sz8e00d6a39-3929-40a0-864d-d5b36212d86d,NMAICulture_2496,Potawatomi [Michigan],,,,North America - Woodlands - Great Lakes - Potawatomi - Potawatomi [Michigan],North America,Woodlands,Great Lakes,Potawatomi,Potawatomi [Michigan],,
http://n2t.net/ark:/65665/sz85291cd10-c011-4c04-8c23-d89bd7c262d9,NMAICulture_1498,Potawatomi [Oklahoma],,,Language Family info:  Algic/Algonquian/Central/Ojibwa,North America - Woodlands - Great Lakes - Potawatomi - Potawatomi [Oklahoma],North America,Woodlands,Great Lakes,Potawatomi,Potawatomi [Oklahoma],,
http://n2t.net/ark:/65665/sz86ff04cf7-b598-40b9-9911-f127250c551f,NMAICulture_1499,"Potawatomi [Parry Island, Ontario]",,,Language Family info:  Algic/Algonquian/Central/Ojibwa,"North America - Woodlands - Great Lakes - Potawatomi - Potawatomi [Parry Island, Ontario]",North America,Woodlands,Great Lakes,Potawatomi,"Potawatomi [Parry Island, Ontario]",,
http://n2t.net/ark:/65665/sz89cddad48-c837-4bf2-8d21-da1691656a46,NMAICulture_1500,"Potawatomi [Pokagan Band, Michigan]",,,Language Family info:  Algic/Algonquian/Central/Ojibwa,"North America - Woodlands - Great Lakes - Potawatomi - Potawatomi [Pokagan Band, Michigan]",North America,Woodlands,Great Lakes,Potawatomi,"Potawatomi [Pokagan Band, Michigan]",,
http://n2t.net/ark:/65665/sz8ce5dfc93-c15f-421f-8e78-2c8345d95473,NMAICulture_1501,"Potawatomi [Prairie Band, Kansas]",,,Language Family info:  Algic/Algonquian/Central/Ojibwa,"North America - Woodlands - Great Lakes - Potawatomi - Potawatomi [Prairie Band, Kansas]",North America,Woodlands,Great Lakes,Potawatomi,"Potawatomi [Prairie Band, Kansas]",,
http://n2t.net/ark:/65665/sz886731c24-1248-4dc9-b55e-737f9bae50ac,NMAICulture_1502,"Potawatomi [Walpole Island, Ontario]",,,Language Family info:  Algic/Algonquian/Central/Ojibwa,"North America - Woodlands - Great Lakes - Potawatomi - Potawatomi [Walpole Island, Ontario]",North America,Woodlands,Great Lakes,Potawatomi,"Potawatomi [Walpole Island, Ontario]",,
http://n2t.net/ark:/65665/sz81b03359e-b007-4b37-97ed-d8692484b78a,NMAICulture_393,Potawatomi,,Patawatomi ;Pattawatomie ;Potawatomie ;Pottawatomi ;Pottawatomie ;Pottawattomi ;Pottawotomi ;Pottiwatomie ;Pottowatomee  ;Pottowatomi  ;Pottowatomie,Language Family info:  Algic/Algonquian/Central/Ojibwa,North America - Woodlands - Great Lakes - Potawatomi,North America,Woodlands,Great Lakes,Potawatomi,,,
http://n2t.net/ark:/65665/sz86970a374-25a4-4ca9-9580-26b0767d144e,NMAICulture_1486,Lorette Huron,,Lorette Indians,Language Family info:  Iroquoian/Northern Iroquoian/Huron,North America - Woodlands - Great Lakes - Wendat (Huron) - Lorette Huron,North America,Woodlands,Great Lakes,Wendat (Huron),Lorette Huron,,
http://n2t.net/ark:/65665/sz893beeaee-b31a-4a86-b21d-aa9b043ec841,NMAICulture_1189,Wyandotte [Oklahoma],,Oklahoma Wyandot,Language Family info:  Iroquoian/Northern Iroquoian/Huron,North America - Woodlands - Great Lakes - Wendat (Huron) - Wyandot - Wyandotte [Oklahoma],North America,Woodlands,Great Lakes,Wendat (Huron),Wyandot,Wyandotte [Oklahoma],
http://n2t.net/ark:/65665/sz8f110a1ec-565f-4ca5-b365-b3618a485893,NMAICulture_926,Wyandot,,Wyandotte; Wyendat,Language Family info:  Iroquoian/Northern Iroquoian/Huron,North America - Woodlands - Great Lakes - Wendat (Huron) - Wyandot,North America,Woodlands,Great Lakes,Wendat (Huron),Wyandot,,
http://n2t.net/ark:/65665/sz84ba924f8-5575-439b-a145-b9cabc4b90c5,NMAICulture_245,Wendat (Huron),,Wendat,Language Family info:  Iroquoian/Northern Iroquoian/Huron,North America - Woodlands - Great Lakes - Wendat (Huron),North America,Woodlands,Great Lakes,Wendat (Huron),,,
http://n2t.net/ark:/65665/sz88c2c25a9-1fee-4c79-b01d-f87e049af959,NMAICulture_2691,Early Woodland Tradition (archaeological culture),,,,North America - Woodlands - Great Lakes - Woodland Tradition (archaeological culture) - Early Woodland Tradition (archaeological culture),North America,Woodlands,Great Lakes,Woodland Tradition (archaeological culture),Early Woodland Tradition (archaeological culture),,
http://n2t.net/ark:/65665/sz8d279040a-9df6-4afb-bf2a-e2f078221bb3,NMAICulture_2703,Oneota (archaeological culture),,,,North America - Woodlands - Great Lakes - Woodland Tradition (archaeological culture) - Late Woodland Tradition (archaeological culture) - Oneota (archaeological culture),North America,Woodlands,Great Lakes,Woodland Tradition (archaeological culture),Late Woodland Tradition (archaeological culture),Oneota (archaeological culture),
http://n2t.net/ark:/65665/sz87f8da6c1-e6ec-4960-8768-bffe94bfff45,NMAICulture_2695,Late Woodland Tradition (archaeological culture),,,,North America - Woodlands - Great Lakes - Woodland Tradition (archaeological culture) - Late Woodland Tradition (archaeological culture),North America,Woodlands,Great Lakes,Woodland Tradition (archaeological culture),Late Woodland Tradition (archaeological culture),,
http://n2t.net/ark:/65665/sz80c5ab6cf-9966-4d38-ac3a-4c5551994872,NMAICulture_2702,Effigy Mound  (archaeological culture),,,,North America - Woodlands - Great Lakes - Woodland Tradition (archaeological culture) - Middle Woodland Tradition (archaeological culture) - Effigy Mound  (archaeological culture),North America,Woodlands,Great Lakes,Woodland Tradition (archaeological culture),Middle Woodland Tradition (archaeological culture),Effigy Mound  (archaeological culture),
http://n2t.net/ark:/65665/sz8318ed235-6516-4d20-ac91-c3e34a21c07e,NMAICulture_2693,Middle Woodland Tradition (archaeological culture),,,,North America - Woodlands - Great Lakes - Woodland Tradition (archaeological culture) - Middle Woodland Tradition (archaeological culture),North America,Woodlands,Great Lakes,Woodland Tradition (archaeological culture),Middle Woodland Tradition (archaeological culture),,
http://n2t.net/ark:/65665/sz84fef9669-c599-4273-bdc1-b53a9855dece,NMAICulture_2690,Woodland Tradition (archaeological culture),,,,North America - Woodlands - Great Lakes - Woodland Tradition (archaeological culture),North America,Woodlands,Great Lakes,Woodland Tradition (archaeological culture),,,
http://n2t.net/ark:/65665/sz8a2d71363-5d06-4d9a-8389-cb2b3a969711,NMAICulture_81,Great Lakes,,Great Lakes Indians,,North America - Woodlands - Great Lakes,North America,Woodlands,Great Lakes,,,,
http://n2t.net/ark:/65665/sz824fa1b30-b13c-4423-b6eb-6308f01bca2c,NMAICulture_3162,Cheswold Moors,,,,"North America - Woodlands - Mid-Atlantic - Mixed"" Woodlands communities - Cheswold Moors""",North America,Woodlands,Mid-Atlantic,"Mixed"" Woodlands communities""",Cheswold Moors,,
http://n2t.net/ark:/65665/sz8749fde2e-916a-421d-b968-271b8d6c5702,NMAICulture_791,Pineys,Frank Speck calls the Pineys Delaware mixed bloods: unclear whether this is true,Piney,Language Family info:  Algic/Algonquian,"North America - Woodlands - Mid-Atlantic - Mixed"" Woodlands communities - Pineys""",North America,Woodlands,Mid-Atlantic,"Mixed"" Woodlands communities""",Pineys,,
http://n2t.net/ark:/65665/sz8b09c7309-f627-4fb5-8a04-590a4e5c4b0d,NMAICulture_914,Wesorts,Some sources call the Wesorts a faction of the Piscataway/Conoy,Wesort,Language Family info:  Algic/Algonquian,"North America - Woodlands - Mid-Atlantic - Mixed"" Woodlands communities - Wesorts""",North America,Woodlands,Mid-Atlantic,"Mixed"" Woodlands communities""",Wesorts,,
http://n2t.net/ark:/65665/sz84ef97105-884c-4453-836b-a9ebc3cc5091,NMAICulture_102,"Mixed"" Woodlands communities""",,,,"North America - Woodlands - Mid-Atlantic - Mixed"" Woodlands communities""",North America,Woodlands,Mid-Atlantic,"Mixed"" Woodlands communities""",,,
http://n2t.net/ark:/65665/sz855b4a3c3-3210-4a1e-a574-e91098612169,NMAICulture_2768,Early Archaic Tradition (archaeological culture),,,,North America - Woodlands - Mid-Atlantic - Archaic Tradition (archaeological culture) - Early Archaic Tradition (archaeological culture),North America,Woodlands,Mid-Atlantic,Archaic Tradition (archaeological culture),Early Archaic Tradition (archaeological culture),,
http://n2t.net/ark:/65665/sz8d21084c1-c630-46d8-a2bd-c5ade1e5649a,NMAICulture_2757,Middle Archaic Tradition (archaeological culture),,,,North America - Woodlands - Mid-Atlantic - Archaic Tradition (archaeological culture) - Middle Archaic Tradition (archaeological culture),North America,Woodlands,Mid-Atlantic,Archaic Tradition (archaeological culture),Middle Archaic Tradition (archaeological culture),,
http://n2t.net/ark:/65665/sz888f136d4-e54a-4571-8a23-e9a34a15a683,NMAICulture_2700,Archaic Tradition (archaeological culture),,,,North America - Woodlands - Mid-Atlantic - Archaic Tradition (archaeological culture),North America,Woodlands,Mid-Atlantic,Archaic Tradition (archaeological culture),,,
http://n2t.net/ark:/65665/sz8dfac223a-7978-4a8c-8db7-70288d95f3fc,NMAICulture_2573,Haliwa-Saponi,,,,North America - Woodlands - Mid-Atlantic - Haliwa-Saponi,North America,Woodlands,Mid-Atlantic,Haliwa-Saponi,,,
http://n2t.net/ark:/65665/sz8b5773e46-b5c3-4408-914b-128e8644ac45,NMAICulture_3233,Poverty Point (archaeological culture),,,,North America - Woodlands - Mid-Atlantic - Late Archaic Tradition (archaeological culture) - Poverty Point (archaeological culture),North America,Woodlands,Mid-Atlantic,Late Archaic Tradition (archaeological culture),Poverty Point (archaeological culture),,
http://n2t.net/ark:/65665/sz8741f16e6-6e0c-4ea6-b1dc-e6aa0bafb325,NMAICulture_2701,Late Archaic Tradition (archaeological culture),,,,North America - Woodlands - Mid-Atlantic - Late Archaic Tradition (archaeological culture),North America,Woodlands,Mid-Atlantic,Late Archaic Tradition (archaeological culture),,,
http://n2t.net/ark:/65665/sz8eac48349-a343-4247-8272-1ed498da5ef6,NMAICulture_564,Canarsee,,,Language Family info:  Algic/Algonquian/Eastern,North America - Woodlands - Mid-Atlantic - Lenape (Delaware) - Canarsee,North America,Woodlands,Mid-Atlantic,Lenape (Delaware),Canarsee,,
http://n2t.net/ark:/65665/sz85d5ad1f9-1a2e-4b0d-b604-d2b844b261f0,NMAICulture_724,Minsi Delaware,,,Language Family info:  Algic/Algonquian/Eastern,North America - Woodlands - Mid-Atlantic - Lenape (Delaware) - Minsi Delaware,North America,Woodlands,Mid-Atlantic,Lenape (Delaware),Minsi Delaware,,
http://n2t.net/ark:/65665/sz8d964ea40-c9d8-41ae-a17b-6f8644231fb5,NMAICulture_1094,"Munsee Delaware [Moravian Town, Ontario]",,Moraviantown,Language Family info:  Algic/Algonquian/Eastern,"North America - Woodlands - Mid-Atlantic - Lenape (Delaware) - Munsee Delaware - Munsee Delaware [Moravian Town, Ontario]",North America,Woodlands,Mid-Atlantic,Lenape (Delaware),Munsee Delaware,"Munsee Delaware [Moravian Town, Ontario]",
http://n2t.net/ark:/65665/sz839d5e1ee-9137-496d-94d7-3656522d85c8,NMAICulture_1095,"Munsee Delaware [Munceytown, Ontario]",,,Language Family info:  Algic/Algonquian/Eastern,"North America - Woodlands - Mid-Atlantic - Lenape (Delaware) - Munsee Delaware - Munsee Delaware [Munceytown, Ontario]",North America,Woodlands,Mid-Atlantic,Lenape (Delaware),Munsee Delaware,"Munsee Delaware [Munceytown, Ontario]",
http://n2t.net/ark:/65665/sz8f0db30fc-77eb-4080-8fd2-bd994ebc5433,NMAICulture_1096,"Munsee Delaware [Six Nations of the Grand River, Brantford, Ontario]",,Ohsweken,Language Family info:  Algic/Algonquian/Eastern,"North America - Woodlands - Mid-Atlantic - Lenape (Delaware) - Munsee Delaware - Munsee Delaware [Six Nations of the Grand River, Brantford, Ontario]",North America,Woodlands,Mid-Atlantic,Lenape (Delaware),Munsee Delaware,"Munsee Delaware [Six Nations of the Grand River, Brantford, Ontario]",
http://n2t.net/ark:/65665/sz8790f7f12-3067-4bd2-a35e-c616012d4f6e,NMAICulture_3429,Ramapo (Ramapough),,,,North America - Woodlands - Mid-Atlantic - Lenape (Delaware) - Munsee Delaware - Ramapo (Ramapough),North America,Woodlands,Mid-Atlantic,Lenape (Delaware),Munsee Delaware,Ramapo (Ramapough),
http://n2t.net/ark:/65665/sz809579534-136c-4149-9f7c-180668df1c13,NMAICulture_1151,Stockbridge-Munsee,Legal community name: Stockbridge-Munsee Band of the Mohican Nation,,Language Family info:  Algic/Algonquian/Eastern,North America - Woodlands - Mid-Atlantic - Lenape (Delaware) - Munsee Delaware - Stockbridge-Munsee,North America,Woodlands,Mid-Atlantic,Lenape (Delaware),Munsee Delaware,Stockbridge-Munsee,
http://n2t.net/ark:/65665/sz8bb1dc544-e7b0-48f0-8064-43e917912e54,NMAICulture_736,Munsee Delaware,,Munsey; Muncey ; Minsi ; Minisink,Language Family info:  Algic/Algonquian/Eastern,North America - Woodlands - Mid-Atlantic - Lenape (Delaware) - Munsee Delaware,North America,Woodlands,Mid-Atlantic,Lenape (Delaware),Munsee Delaware,,
http://n2t.net/ark:/65665/sz8e6469ccb-9a03-43e7-b3bd-ae02d6bd7fff,NMAICulture_765,Oklahoma Delaware,,,Language Family info:  Algic/Algonquian/Eastern,North America - Woodlands - Mid-Atlantic - Lenape (Delaware) - Oklahoma Delaware,North America,Woodlands,Mid-Atlantic,Lenape (Delaware),Oklahoma Delaware,,
http://n2t.net/ark:/65665/sz8cdcb0aea-a08d-4f6e-879a-dde69fb6d967,NMAICulture_291,Lenape (Delaware),,Lenni Lenape,Language Family info:  Algic/Algonquian/Eastern,North America - Woodlands - Mid-Atlantic - Lenape (Delaware),North America,Woodlands,Mid-Atlantic,Lenape (Delaware),,,
http://n2t.net/ark:/65665/sz846c20940-43b7-4346-8c23-22a206d4e5e4,NMAICulture_2979,Machapunga (Pungo River),,,Language Family info:  Algic/Algonquian/Eastern,North America - Woodlands - Mid-Atlantic - Machapunga (Pungo River),North America,Woodlands,Mid-Atlantic,Machapunga (Pungo River),,,
http://n2t.net/ark:/65665/sz81badb229-92aa-4914-9aa0-724707749378,NMAICulture_1505,"Nanticoke [Six Nations of the Grand River, Brantford, Ontario]",,Ohsweken,Language Family info:  Algic/Algonquian/Eastern,"North America - Woodlands - Mid-Atlantic - Nanticoke - Nanticoke [Six Nations of the Grand River, Brantford, Ontario]",North America,Woodlands,Mid-Atlantic,Nanticoke,"Nanticoke [Six Nations of the Grand River, Brantford, Ontario]",,
http://n2t.net/ark:/65665/sz80eb2e0c5-a049-4053-8a3a-1d7787d9b30b,NMAICulture_344,Nanticoke,,,Language Family info:  Algic/Algonquian/Eastern,North America - Woodlands - Mid-Atlantic - Nanticoke,North America,Woodlands,Mid-Atlantic,Nanticoke,,,
http://n2t.net/ark:/65665/sz8bef25890-65ef-4057-ac51-94293d5e0c95,NMAICulture_2665,Paleoindian Tradition: Clovis (archaeological culture),,,,North America - Woodlands - Mid-Atlantic - Paleoindian Tradition (archaeological culture) - Paleoindian Tradition: Clovis (archaeological culture),North America,Woodlands,Mid-Atlantic,Paleoindian Tradition (archaeological culture),Paleoindian Tradition: Clovis (archaeological culture),,
http://n2t.net/ark:/65665/sz8165d8379-3531-414e-a7ea-bbe5739c0b46,NMAICulture_2666,Paleoindian Tradition: Folsom (archaeological culture),,,,North America - Woodlands - Mid-Atlantic - Paleoindian Tradition (archaeological culture) - Paleoindian Tradition: Folsom (archaeological culture),North America,Woodlands,Mid-Atlantic,Paleoindian Tradition (archaeological culture),Paleoindian Tradition: Folsom (archaeological culture),,
http://n2t.net/ark:/65665/sz84c137c23-5e38-49f7-ac03-228d9b10289f,NMAICulture_2667,Paleoindian Tradition: Plano (archaeological culture),,,,North America - Woodlands - Mid-Atlantic - Paleoindian Tradition (archaeological culture) - Paleoindian Tradition: Plano (archaeological culture),North America,Woodlands,Mid-Atlantic,Paleoindian Tradition (archaeological culture),Paleoindian Tradition: Plano (archaeological culture),,
http://n2t.net/ark:/65665/sz895ed2b89-3dd0-422b-bd63-65717c4174f4,NMAICulture_2664,Paleoindian Tradition (archaeological culture),,Paleo-Indian,,North America - Woodlands - Mid-Atlantic - Paleoindian Tradition (archaeological culture),North America,Woodlands,Mid-Atlantic,Paleoindian Tradition (archaeological culture),,,
http://n2t.net/ark:/65665/sz8d8f72592-1cfb-4f41-8bb4-1fac63173ecf,NMAICulture_389,Piscataway (Conoy),,,Language Family info:  Algic/Algonquian,North America - Woodlands - Mid-Atlantic - Piscataway (Conoy),North America,Woodlands,Mid-Atlantic,Piscataway (Conoy),,,
http://n2t.net/ark:/65665/sz83f112597-4a9a-4613-b065-14e087ef721e,NMAICulture_532,Accomac,,Accomack,Language Family info:  Algic/Algonquian,North America - Woodlands - Mid-Atlantic - Powhatan - Accomac,North America,Woodlands,Mid-Atlantic,Powhatan,Accomac,,
http://n2t.net/ark:/65665/sz8d59113e5-c077-497d-bf15-534de9c45480,NMAICulture_589,Chickahominy,,,Language Family info:  Algic/Algonquian,North America - Woodlands - Mid-Atlantic - Powhatan - Chickahominy,North America,Woodlands,Mid-Atlantic,Powhatan,Chickahominy,,
http://n2t.net/ark:/65665/sz8d16b2448-a320-409b-98f5-d693a1110de2,NMAICulture_715,Mattaponi,,Mattapony; Mataponi,Language Family info:  Algic/Algonquian,North America - Woodlands - Mid-Atlantic - Powhatan - Mattaponi,North America,Woodlands,Mid-Atlantic,Powhatan,Mattaponi,,
http://n2t.net/ark:/65665/sz87f1f89bb-918f-43f8-b4ba-8aea9ad26d57,NMAICulture_741,Nansemond,,,Language Family info:  Algic/Algonquian,North America - Woodlands - Mid-Atlantic - Powhatan - Nansemond,North America,Woodlands,Mid-Atlantic,Powhatan,Nansemond,,
http://n2t.net/ark:/65665/sz811ba994b-7479-4a5e-bc34-96d1ed1f1b3a,NMAICulture_778,Pamunkey,,Pamunky,Language Family info:  Algic/Algonquian,North America - Woodlands - Mid-Atlantic - Powhatan - Pamunkey,North America,Woodlands,Mid-Atlantic,Powhatan,Pamunkey,,
http://n2t.net/ark:/65665/sz8a7b6aea8-ce49-45dd-aa79-e6445ced7e98,NMAICulture_798,Patawomeck (Potomac),,,Language Family info:  Algic/Algonquian,North America - Woodlands - Mid-Atlantic - Powhatan - Patawomeck (Potomac),North America,Woodlands,Mid-Atlantic,Powhatan,Patawomeck (Potomac),,
http://n2t.net/ark:/65665/sz8eb8d0f99-4944-4cae-9fcc-7ad44f383b96,NMAICulture_805,Rappahannock,,,Language Family info:  Algic/Algonquian,North America - Woodlands - Mid-Atlantic - Powhatan - Rappahannock,North America,Woodlands,Mid-Atlantic,Powhatan,Rappahannock,,
http://n2t.net/ark:/65665/sz81906709b-d4ec-4a94-9936-5625656dd18b,NMAICulture_394,Powhatan,,,Language Family info:  Algic/Algonquian/Eastern,North America - Woodlands - Mid-Atlantic - Powhatan,North America,Woodlands,Mid-Atlantic,Powhatan,,,
http://n2t.net/ark:/65665/sz809b6d9c8-fc40-401e-b03b-f82aea028b02,NMAICulture_3241,Clemson Island (archaeological culture),,,,North America - Woodlands - Mid-Atlantic - Woodland Tradition (archaeological culture) - Clemson Island (archaeological culture),North America,Woodlands,Mid-Atlantic,Woodland Tradition (archaeological culture),Clemson Island (archaeological culture),,
http://n2t.net/ark:/65665/sz88c2c25a9-1fee-4c79-b01d-f87e049af959,NMAICulture_2691,Early Woodland Tradition (archaeological culture),,,,North America - Woodlands - Mid-Atlantic - Woodland Tradition (archaeological culture) - Early Woodland Tradition (archaeological culture),North America,Woodlands,Mid-Atlantic,Woodland Tradition (archaeological culture),Early Woodland Tradition (archaeological culture),,
http://n2t.net/ark:/65665/sz87f8da6c1-e6ec-4960-8768-bffe94bfff45,NMAICulture_2695,Late Woodland Tradition (archaeological culture),,,,North America - Woodlands - Mid-Atlantic - Woodland Tradition (archaeological culture) - Late Woodland Tradition (archaeological culture),North America,Woodlands,Mid-Atlantic,Woodland Tradition (archaeological culture),Late Woodland Tradition (archaeological culture),,
http://n2t.net/ark:/65665/sz8318ed235-6516-4d20-ac91-c3e34a21c07e,NMAICulture_2693,Middle Woodland Tradition (archaeological culture),,,,North America - Woodlands - Mid-Atlantic - Woodland Tradition (archaeological culture) - Middle Woodland Tradition (archaeological culture),North America,Woodlands,Mid-Atlantic,Woodland Tradition (archaeological culture),Middle Woodland Tradition (archaeological culture),,
http://n2t.net/ark:/65665/sz877b23c8c-3fac-4893-98be-bb19aff5315b,NMAICulture_3244,Minguannan (archaeological culture),,,,North America - Woodlands - Mid-Atlantic - Woodland Tradition (archaeological culture) - Minguannan (archaeological culture),North America,Woodlands,Mid-Atlantic,Woodland Tradition (archaeological culture),Minguannan (archaeological culture),,
http://n2t.net/ark:/65665/sz8c1cedd0f-3530-49b9-b41f-099da112a707,NMAICulture_3242,Monongahela (archaeological culture),,,,North America - Woodlands - Mid-Atlantic - Woodland Tradition (archaeological culture) - Monongahela (archaeological culture),North America,Woodlands,Mid-Atlantic,Woodland Tradition (archaeological culture),Monongahela (archaeological culture),,
http://n2t.net/ark:/65665/sz874180781-5bd5-4159-8675-c1e701af72f1,NMAICulture_3243,Shenks Ferry (archaeological culture),,,,North America - Woodlands - Mid-Atlantic - Woodland Tradition (archaeological culture) - Shenks Ferry (archaeological culture),North America,Woodlands,Mid-Atlantic,Woodland Tradition (archaeological culture),Shenks Ferry (archaeological culture),,
http://n2t.net/ark:/65665/sz84fef9669-c599-4273-bdc1-b53a9855dece,NMAICulture_2690,Woodland Tradition (archaeological culture),,,,North America - Woodlands - Mid-Atlantic - Woodland Tradition (archaeological culture),North America,Woodlands,Mid-Atlantic,Woodland Tradition (archaeological culture),,,
http://n2t.net/ark:/65665/sz8257e317a-bfc4-4bff-9a17-9bcfcdeafdd4,NMAICulture_82,Mid-Atlantic,,,,North America - Woodlands - Mid-Atlantic,North America,Woodlands,Mid-Atlantic,,,,
http://n2t.net/ark:/65665/sz8bb0bec58-d915-48be-8682-01c7b0dcb579,NMAICulture_538,Algonquin [Abitibiwinn/Abitibi Lake],,,Language Family info:  Algic/Algonquian/Central/Ojibwa,North America - Woodlands - Northeast - Algonquin (Algonkin) - Algonquin [Abitibiwinn/Abitibi Lake],North America,Woodlands,Northeast,Algonquin (Algonkin),Algonquin [Abitibiwinn/Abitibi Lake],,
http://n2t.net/ark:/65665/sz895926a0b-cc3a-476b-8bd3-d45b618a6476,NMAICulture_946,Algonquin [Golden Lake/Pikwàkanagàn First Nation],,Golden Lake Algonquin; Pikwakanagan,Language Family info:  Algic/Algonquian/Central/Ojibwa,North America - Woodlands - Northeast - Algonquin (Algonkin) - Algonquin [Golden Lake/Pikwàkanagàn First Nation],North America,Woodlands,Northeast,Algonquin (Algonkin),Algonquin [Golden Lake/Pikwàkanagàn First Nation],,
http://n2t.net/ark:/65665/sz88e34e65c-1fe9-4344-ba45-802a2dd5fdcb,NMAICulture_539,Algonquin [Kipawa],,Eagle Village First Nation,Language Family info:  Algic/Algonquian/Central/Ojibwa,North America - Woodlands - Northeast - Algonquin (Algonkin) - Algonquin [Kipawa],North America,Woodlands,Northeast,Algonquin (Algonkin),Algonquin [Kipawa],,
http://n2t.net/ark:/65665/sz88e6ea2bb-39b1-474f-9fc5-3d6f7558ddf6,NMAICulture_540,Algonquin [Kitcisakik/Grand-Lac Victoria],,Kitcisagi ; Grand Lake Victoria,Language Family info:  Algic/Algonquian/Central/Ojibwa,North America - Woodlands - Northeast - Algonquin (Algonkin) - Algonquin [Kitcisakik/Grand-Lac Victoria],North America,Woodlands,Northeast,Algonquin (Algonkin),Algonquin [Kitcisakik/Grand-Lac Victoria],,
http://n2t.net/ark:/65665/sz8752a276b-8067-4699-ad2f-cc20c4bd7791,NMAICulture_541,Algonquin [Lac Barriere/Barriere Lake],,Rapid Lake,Language Family info:  Algic/Algonquian/Central/Ojibwa,North America - Woodlands - Northeast - Algonquin (Algonkin) - Algonquin [Lac Barriere/Barriere Lake],North America,Woodlands,Northeast,Algonquin (Algonkin),Algonquin [Lac Barriere/Barriere Lake],,
http://n2t.net/ark:/65665/sz8534bfff1-d013-43be-b58e-f27ce6b17754,NMAICulture_1515,"Algonquin [Oka, Quebec]",,,Language Family info:  Algic/Algonquian/Central/Ojibwa,"North America - Woodlands - Northeast - Algonquin (Algonkin) - Algonquin [Oka, Quebec]",North America,Woodlands,Northeast,Algonquin (Algonkin),"Algonquin [Oka, Quebec]",,
http://n2t.net/ark:/65665/sz8a043b7db-e271-4656-a902-7da33eafb155,NMAICulture_712,Kitigan Zibi Anishinabeg (Maniwaki Algonquin) [River Desert],,Mainwawaki; Mainwaki; Desert River,Language Family info:  Algic/Algonquian/Central/Ojibwa,North America - Woodlands - Northeast - Algonquin (Algonkin) - Kitigan Zibi Anishinabeg (Maniwaki Algonquin) [River Desert],North America,Woodlands,Northeast,Algonquin (Algonkin),Kitigan Zibi Anishinabeg (Maniwaki Algonquin) [River Desert],,
http://n2t.net/ark:/65665/sz800c63a42-0c06-4390-870d-003665523235,NMAICulture_749,Nipissing Algonquin,,,Language Family info:  Algic/Algonquian/Central/Ojibwa,North America - Woodlands - Northeast - Algonquin (Algonkin) - Nipissing Algonquin,North America,Woodlands,Northeast,Algonquin (Algonkin),Nipissing Algonquin,,
http://n2t.net/ark:/65665/sz855851b50-61ac-4b49-875e-bd6fbb14414a,NMAICulture_913,Weskarini Algonquin [River Lievre/Rivière du Lièvre],,,Language Family info:  Algic/Algonquian/Central/Ojibwa,North America - Woodlands - Northeast - Algonquin (Algonkin) - Weskarini Algonquin [River Lievre/Rivière du Lièvre],North America,Woodlands,Northeast,Algonquin (Algonkin),Weskarini Algonquin [River Lievre/Rivière du Lièvre],,
http://n2t.net/ark:/65665/sz862d538fc-99b5-4ad1-8b73-18879e685ac9,NMAICulture_112,Algonquin (Algonkin),,Algonquin,Language Family info:  Algic/Algonquian/Central/Ojibwa,North America - Woodlands - Northeast - Algonquin (Algonkin),North America,Woodlands,Northeast,Algonquin (Algonkin),,,
http://n2t.net/ark:/65665/sz855b4a3c3-3210-4a1e-a574-e91098612169,NMAICulture_2768,Early Archaic Tradition (archaeological culture),,,,North America - Woodlands - Northeast - Archaic Tradition (archaeological culture) - Early Archaic Tradition (archaeological culture),North America,Woodlands,Northeast,Archaic Tradition (archaeological culture),Early Archaic Tradition (archaeological culture),,
http://n2t.net/ark:/65665/sz884f3abd9-b8d1-4b3a-a014-74531f645048,NMAICulture_2705,Maritime Archaic Tradition (archaeological culture),,,,North America - Woodlands - Northeast - Archaic Tradition (archaeological culture) - Maritime Archaic Tradition (archaeological culture),North America,Woodlands,Northeast,Archaic Tradition (archaeological culture),Maritime Archaic Tradition (archaeological culture),,
http://n2t.net/ark:/65665/sz8d21084c1-c630-46d8-a2bd-c5ade1e5649a,NMAICulture_2757,Middle Archaic Tradition (archaeological culture),,,,North America - Woodlands - Northeast - Archaic Tradition (archaeological culture) - Middle Archaic Tradition (archaeological culture),North America,Woodlands,Northeast,Archaic Tradition (archaeological culture),Middle Archaic Tradition (archaeological culture),,
http://n2t.net/ark:/65665/sz888f136d4-e54a-4571-8a23-e9a34a15a683,NMAICulture_2700,Archaic Tradition (archaeological culture),,,,North America - Woodlands - Northeast - Archaic Tradition (archaeological culture),North America,Woodlands,Northeast,Archaic Tradition (archaeological culture),,,
http://n2t.net/ark:/65665/sz8f9398c51-3507-40cf-9701-22172c32a881,NMAICulture_2544,Chonnonton (Neutral/Attawandaron),,,Language Family info:  Iroquoian/Northern Iroquoian/Neutral,North America - Woodlands - Northeast - Iroquoian - Chonnonton (Neutral/Attawandaron),North America,Woodlands,Northeast,Iroquoian,Chonnonton (Neutral/Attawandaron),,
http://n2t.net/ark:/65665/sz8c3d9570b-3707-4604-909e-7511953a5f2b,NMAICulture_961,"Cayuga [Six Nations of the Grand River, Brantford, Ontario]",,Ohsweken,Language Family info:  Iroquoian/Northern Iroquoian/Five Nations/Seneca-Onondaga/Seneca-Cayuga,"North America - Woodlands - Northeast - Iroquoian - Iroquois - Cayuga - Cayuga [Six Nations of the Grand River, Brantford, Ontario]",North America,Woodlands,Northeast,Iroquoian,Iroquois,Cayuga,"Cayuga [Six Nations of the Grand River, Brantford, Ontario]"
http://n2t.net/ark:/65665/sz8071b2ba4-557d-4cbe-aa4c-7d097123567e,NMAICulture_577,Cayuga,,,Language Family info:  Iroquoian/Northern Iroquoian/Five Nations/Seneca-Onondaga/Seneca-Cayuga,North America - Woodlands - Northeast - Iroquoian - Iroquois - Cayuga,North America,Woodlands,Northeast,Iroquoian,Iroquois,Cayuga,
http://n2t.net/ark:/65665/sz8a58e3e9b-dc7a-443a-9bbb-18f2118106f9,NMAICulture_1521,"Iroquois [Six Nations of the Grand River, Brantford, Ontario]",,Ohsweken,Language Family info:  Iroquoian/Northern Iroquoian/Five Nations,"North America - Woodlands - Northeast - Iroquoian - Iroquois - Iroquois [Six Nations of the Grand River, Brantford, Ontario]",North America,Woodlands,Northeast,Iroquoian,Iroquois,"Iroquois [Six Nations of the Grand River, Brantford, Ontario]",
http://n2t.net/ark:/65665/sz880bb3876-df04-469d-a758-6771fbca2130,NMAICulture_1087,Mohawk [Akwesasne],,Rooseveltown; Saint Regis,Language Family info:  Iroquoian/Northern Iroquoian/Five Nations/Mohawk-Oneida,North America - Woodlands - Northeast - Iroquoian - Iroquois - Mohawk - Mohawk [Akwesasne],North America,Woodlands,Northeast,Iroquoian,Iroquois,Mohawk,Mohawk [Akwesasne]
http://n2t.net/ark:/65665/sz895b48af2-5978-490a-a0fd-205fa17cfb56,NMAICulture_1088,Mohawk [Kahnawake],,Caughnawaga,Language Family info:  Iroquoian/Northern Iroquoian/Five Nations/Mohawk-Oneida,North America - Woodlands - Northeast - Iroquoian - Iroquois - Mohawk - Mohawk [Kahnawake],North America,Woodlands,Northeast,Iroquoian,Iroquois,Mohawk,Mohawk [Kahnawake]
http://n2t.net/ark:/65665/sz82ec22a74-3986-429d-ac01-0384909fe7fa,NMAICulture_1089,Mohawk [Kanesatake],,,Language Family info:  Iroquoian/Northern Iroquoian/Five Nations/Mohawk-Oneida,North America - Woodlands - Northeast - Iroquoian - Iroquois - Mohawk - Mohawk [Kanesatake],North America,Woodlands,Northeast,Iroquoian,Iroquois,Mohawk,Mohawk [Kanesatake]
http://n2t.net/ark:/65665/sz89160167e-0301-4b46-8a82-d3f843339960,NMAICulture_1090,"Mohawk [Six Nations of the Grand River, Brantford, Ontario]",,Ohsweken,,"North America - Woodlands - Northeast - Iroquoian - Iroquois - Mohawk - Mohawk [Six Nations of the Grand River, Brantford, Ontario]",North America,Woodlands,Northeast,Iroquoian,Iroquois,Mohawk,"Mohawk [Six Nations of the Grand River, Brantford, Ontario]"
http://n2t.net/ark:/65665/sz8fc79bfff-ff0c-466d-b251-893411b9a313,NMAICulture_730,Mohawk,,,Language Family info:  Iroquoian/Northern Iroquoian/Five Nations/Mohawk-Oneida,North America - Woodlands - Northeast - Iroquoian - Iroquois - Mohawk,North America,Woodlands,Northeast,Iroquoian,Iroquois,Mohawk,
http://n2t.net/ark:/65665/sz84c21588e-8e89-427f-b26b-0fb45e2b53e9,NMAICulture_1117,Oneida [New York],,,Language Family info:  Iroquoian/Northern Iroquoian/Five Nations/Mohawk-Oneida,North America - Woodlands - Northeast - Iroquoian - Iroquois - Oneida - Oneida [New York],North America,Woodlands,Northeast,Iroquoian,Iroquois,Oneida,Oneida [New York]
http://n2t.net/ark:/65665/sz88ab408f3-fc3c-4103-a1c3-d75dff71f174,NMAICulture_1118,Oneida [Wisconsin],,,,North America - Woodlands - Northeast - Iroquoian - Iroquois - Oneida - Oneida [Wisconsin],North America,Woodlands,Northeast,Iroquoian,Iroquois,Oneida,Oneida [Wisconsin]
http://n2t.net/ark:/65665/sz879b50ae7-f8b1-41d4-aef6-5a7c66aea3c2,NMAICulture_2972,"Oneida Nation of the Thames [Southwold, Ontario]",,,Language Family info:  Iroquoian/Northern Iroquoian/Five Nations/Mohawk-Oneida,"North America - Woodlands - Northeast - Iroquoian - Iroquois - Oneida Nation of the Thames [Southwold, Ontario]",North America,Woodlands,Northeast,Iroquoian,Iroquois,"Oneida Nation of the Thames [Southwold, Ontario]",
http://n2t.net/ark:/65665/sz82559dc40-dcc8-4690-af7d-7865f5d03bea,NMAICulture_771,Oneida,,,Language Family info:  Iroquoian/Northern Iroquoian/Five Nations/Mohawk-Oneida,North America - Woodlands - Northeast - Iroquoian - Iroquois - Oneida,North America,Woodlands,Northeast,Iroquoian,Iroquois,Oneida,
http://n2t.net/ark:/65665/sz8cd36d3b8-aa40-4221-a0d1-ff1c8292cc63,NMAICulture_1119,"Onondaga [Six Nations of the Grand River, Brantford, Ontario]",,Ohsweken,Language Family info:  Iroquoian/Northern Iroquoian/Five Nations/Seneca-Onondaga/Onondaga,"North America - Woodlands - Northeast - Iroquoian - Iroquois - Onondaga - Onondaga [Six Nations of the Grand River, Brantford, Ontario]",North America,Woodlands,Northeast,Iroquoian,Iroquois,Onondaga,"Onondaga [Six Nations of the Grand River, Brantford, Ontario]"
http://n2t.net/ark:/65665/sz81f6f6d9b-1367-4795-8806-f94aa5d8c20e,NMAICulture_3406,Onondaga descent,,,,North America - Woodlands - Northeast - Iroquoian - Iroquois - Onondaga - Onondaga descent,North America,Woodlands,Northeast,Iroquoian,Iroquois,Onondaga,Onondaga descent
http://n2t.net/ark:/65665/sz85b33d5d2-094f-4b20-87a2-76b50340af38,NMAICulture_772,Onondaga,,Onandaga,Language Family info:  Iroquoian/Northern Iroquoian/Five Nations/Seneca-Onondaga/Onondaga,North America - Woodlands - Northeast - Iroquoian - Iroquois - Onondaga,North America,Woodlands,Northeast,Iroquoian,Iroquois,Onondaga,
http://n2t.net/ark:/65665/sz8de2b4417-399a-4ed5-883c-df1ea28196eb,NMAICulture_1138,Seneca [Allegany],,Allegheny,Language Family info:  Iroquoian/Northern Iroquoian/Five Nations/Seneca-Onondaga/Seneca-Cayuga,North America - Woodlands - Northeast - Iroquoian - Iroquois - Seneca - Seneca [Allegany],North America,Woodlands,Northeast,Iroquoian,Iroquois,Seneca,Seneca [Allegany]
http://n2t.net/ark:/65665/sz86eba02cd-859f-4715-986e-ef8c4c79a411,NMAICulture_1139,Seneca [Buffalo Creek],"The Buffalo Creek community disbanded in the 1830s, and it is unclear whether the objects identified via this term are from the community or were made later at Cattaraugus by people who came from Buffalo Creek",,Language Family info:  Iroquoian/Northern Iroquoian/Five Nations/Seneca-Onondaga/Seneca-Cayuga,North America - Woodlands - Northeast - Iroquoian - Iroquois - Seneca - Seneca [Buffalo Creek],North America,Woodlands,Northeast,Iroquoian,Iroquois,Seneca,Seneca [Buffalo Creek]
http://n2t.net/ark:/65665/sz81f6cf1ec-1f00-4b18-9c8e-6a7a434f7668,NMAICulture_1140,Seneca [Cattaraugus],,,Language Family info:  Iroquoian/Northern Iroquoian/Five Nations/Seneca-Onondaga/Seneca-Cayuga,North America - Woodlands - Northeast - Iroquoian - Iroquois - Seneca - Seneca [Cattaraugus],North America,Woodlands,Northeast,Iroquoian,Iroquois,Seneca,Seneca [Cattaraugus]
http://n2t.net/ark:/65665/sz8fca34aa0-e333-4268-a95d-e35e4cbea465,NMAICulture_1141,Seneca [Oklahoma],,,Language Family info:  Iroquoian/Northern Iroquoian/Five Nations/Seneca-Onondaga/Seneca-Cayuga,North America - Woodlands - Northeast - Iroquoian - Iroquois - Seneca - Seneca [Oklahoma],North America,Woodlands,Northeast,Iroquoian,Iroquois,Seneca,Seneca [Oklahoma]
http://n2t.net/ark:/65665/sz80cc36b46-b4d4-49c7-81d5-439216569188,NMAICulture_1142,Seneca [Tonawanda],,,Language Family info:  Iroquoian/Northern Iroquoian/Five Nations/Seneca-Onondaga/Seneca-Cayuga,North America - Woodlands - Northeast - Iroquoian - Iroquois - Seneca - Seneca [Tonawanda],North America,Woodlands,Northeast,Iroquoian,Iroquois,Seneca,Seneca [Tonawanda]
http://n2t.net/ark:/65665/sz8a467cd1a-ae67-4f39-bb66-b43ac5394e0e,NMAICulture_2971,"Seneca [Six Nations of the Grand River, Brantford, Ontario]",,,Language Family info:  Iroquoian/Northern Iroquoian/Five Nations/Seneca-Onondaga/Seneca-Cayuga,"North America - Woodlands - Northeast - Iroquoian - Iroquois - Seneca [Six Nations of the Grand River, Brantford, Ontario]",North America,Woodlands,Northeast,Iroquoian,Iroquois,"Seneca [Six Nations of the Grand River, Brantford, Ontario]",
http://n2t.net/ark:/65665/sz8447ca870-e5eb-41e5-a28d-b5f07fdf15eb,NMAICulture_831,Seneca,,,Language Family info:  Iroquoian/Northern Iroquoian/Five Nations/Seneca-Onondaga/Seneca-Cayuga,North America - Woodlands - Northeast - Iroquoian - Iroquois - Seneca,North America,Woodlands,Northeast,Iroquoian,Iroquois,Seneca,
http://n2t.net/ark:/65665/sz8601dc57b-55e6-4060-8358-c47734452e71,NMAICulture_1179,"Tuscarora [Six Nations of the Grand River, Brantford, Ontario]",,Ohsweken,Language Family info:  Iroquoian/Northern Iroquoian/Tuscarora-Nottoway,"North America - Woodlands - Northeast - Iroquoian - Iroquois - Tuscarora - Tuscarora [Six Nations of the Grand River, Brantford, Ontario]",North America,Woodlands,Northeast,Iroquoian,Iroquois,Tuscarora,"Tuscarora [Six Nations of the Grand River, Brantford, Ontario]"
http://n2t.net/ark:/65665/sz8825cb7fa-3b89-43bc-a2c0-bdfc8d3fb4ca,NMAICulture_893,Tuscarora,,Skarohreh,Language Family info:  Iroquoian/Northern Iroquoian/Tuscarora-Nottoway,North America - Woodlands - Northeast - Iroquoian - Iroquois - Tuscarora,North America,Woodlands,Northeast,Iroquoian,Iroquois,Tuscarora,
http://n2t.net/ark:/65665/sz85b030c19-de39-4e12-b9b9-dd49f0f21f85,NMAICulture_258,Iroquois,,,Language Family info:  Iroquoian/Northern Iroquoian/Five Nations,North America - Woodlands - Northeast - Iroquoian - Iroquois,North America,Woodlands,Northeast,Iroquoian,Iroquois,,
http://n2t.net/ark:/65665/sz8bd20875e-610c-4a9e-b006-4667ec82ef4a,NMAICulture_2709,St. Lawrence Iroquoian (archaeological culture),,,,North America - Woodlands - Northeast - Iroquoian - St. Lawrence Iroquoian (archaeological culture),North America,Woodlands,Northeast,Iroquoian,St. Lawrence Iroquoian (archaeological culture),,
http://n2t.net/ark:/65665/sz851a215a0-7ec6-46d3-89c3-8e0ed9285a1e,NMAICulture_3249,Iroquoian,,,,North America - Woodlands - Northeast - Iroquoian,North America,Woodlands,Northeast,Iroquoian,,,
http://n2t.net/ark:/65665/sz885de83a8-ea0b-4b44-80d9-6e489f4a7d43,NMAICulture_283,Kitchawank,,Kitchewank; Kitchawong,Language Family info:  Algic/Algonquian/Eastern,North America - Woodlands - Northeast - Kitchawank,North America,Woodlands,Northeast,Kitchawank,,,
http://n2t.net/ark:/65665/sz86166321c-bc58-4c65-9caa-3af7cba8747a,NMAICulture_310,Matinecock,,Mattinicock,Language Family info:  Algic/Algonquian/Eastern,North America - Woodlands - Northeast - Long Island - Matinecock,North America,Woodlands,Northeast,Long Island,Matinecock,,
http://n2t.net/ark:/65665/sz831ee38cd-681f-41a6-9ae3-38d37a7dd0d0,NMAICulture_1093,"Montauk [Brothertown, Wisconsin]",,Brotherton,Language Family info:  Algic/Algonquian/Eastern,"North America - Woodlands - Northeast - Long Island - Montauk - Montauk [Brothertown, Wisconsin]",North America,Woodlands,Northeast,Long Island,Montauk,"Montauk [Brothertown, Wisconsin]",
http://n2t.net/ark:/65665/sz8d2b64211-bc89-4201-b84f-a4ced4a5f221,NMAICulture_734,Montauk,,,Language Family info:  Algic/Algonquian/Eastern,North America - Woodlands - Northeast - Long Island - Montauk,North America,Woodlands,Northeast,Long Island,Montauk,,
http://n2t.net/ark:/65665/sz8eae62c8c-92df-4af9-82ce-e25516f7c299,NMAICulture_797,Poospatuck,,Poosepatuck,Language Family info:  Algonkian,North America - Woodlands - Northeast - Long Island - Poospatuck,North America,Woodlands,Northeast,Long Island,Poospatuck,,
http://n2t.net/ark:/65665/sz81e32647a-9d02-4acf-a50f-ca384507fe14,NMAICulture_3138,Rockaway,,,,North America - Woodlands - Northeast - Long Island - Rockaway,North America,Woodlands,Northeast,Long Island,Rockaway,,
http://n2t.net/ark:/65665/sz8cc7258c0-8384-44ba-b4af-814cfa9874c7,NMAICulture_833,Shinnecock,,,Language Family info:  Algonkian,North America - Woodlands - Northeast - Long Island - Shinnecock,North America,Woodlands,Northeast,Long Island,Shinnecock,,
http://n2t.net/ark:/65665/sz856b8ff82-2b42-4199-ba08-5c86bb008b7f,NMAICulture_3158,Unkechaug,,,,North America - Woodlands - Northeast - Long Island - Unkechaug,North America,Woodlands,Northeast,Long Island,Unkechaug,,
http://n2t.net/ark:/65665/sz889b5863d-cbca-4398-bea6-e809c4f39a91,NMAICulture_293,Long Island,,,,North America - Woodlands - Northeast - Long Island,North America,Woodlands,Northeast,Long Island,,,
http://n2t.net/ark:/65665/sz83094cd6e-3134-4d72-88cc-c9087b323239,NMAICulture_856,Stockbridge Mahican,,Stockbridges,Language Family info:  Algic/Algonquian/Eastern,North America - Woodlands - Northeast - Mahican - Stockbridge Mahican,North America,Woodlands,Northeast,Mahican,Stockbridge Mahican,,
http://n2t.net/ark:/65665/sz8f8c997b9-fa6f-4ff0-b15c-7ef04d114b88,NMAICulture_299,Mahican,,Mahikan,Language Family info:  Algic/Algonquian/Eastern,North America - Woodlands - Northeast - Mahican,North America,Woodlands,Northeast,Mahican,,,
http://n2t.net/ark:/65665/sz812bc6a25-8b7c-4442-9f9d-124c19dc551d,NMAICulture_714,Massachusett (Punkapog Band),,,Language Family info:  Algic/Algonquian/Eastern,North America - Woodlands - Northeast - Massachusett - Massachusett (Punkapog Band),North America,Woodlands,Northeast,Massachusett,Massachusett (Punkapog Band),,
http://n2t.net/ark:/65665/sz88ff0a60d-9e34-486f-b0b0-3d7a05fb334b,NMAICulture_309,Massachusett,,Massachuset,Language Family info:  Algic/Algonquian/Eastern,North America - Woodlands - Northeast - Massachusett,North America,Woodlands,Northeast,Massachusett,,,
http://n2t.net/ark:/65665/sz838e3dd6d-d005-4679-b2bf-83e0009dbd08,NMAICulture_313,Mattabesett,,Mattabessett; Mattabesec,Language Family info:  Algic/Algonquian/Eastern,North America - Woodlands - Northeast - Mattabesett,North America,Woodlands,Northeast,Mattabesett,,,
http://n2t.net/ark:/65665/sz83ed0cc4e-55c6-4a23-a0a5-9ca9a36098dd,NMAICulture_332,Mohegan,,Mohigan,Language Family info:  Algic/Algonquian/Eastern,North America - Woodlands - Northeast - Mohegan,North America,Woodlands,Northeast,Mohegan,,,
http://n2t.net/ark:/65665/sz877aa84b4-cf60-4d23-ae57-045af0bd50ab,NMAICulture_1537,"Narragansett (Brothertown, Wisconsin)",,,Language Family info:  Algic/Algonquian/Eastern,"North America - Woodlands - Northeast - Narragansett - Narragansett (Brothertown, Wisconsin)",North America,Woodlands,Northeast,Narragansett,"Narragansett (Brothertown, Wisconsin)",,
http://n2t.net/ark:/65665/sz84ae27454-bf18-4eef-a2e3-413acd8a41bd,NMAICulture_345,Narragansett,,Naragansett; Narraganset,Language Family info:  Algic/Algonquian/Eastern,North America - Woodlands - Northeast - Narragansett,North America,Woodlands,Northeast,Narragansett,,,
http://n2t.net/ark:/65665/sz8acbbc720-e207-41ee-8250-b2f91141e817,NMAICulture_3112,"Niantic [Brothertown, Wisconsin]",,,,"North America - Woodlands - Northeast - Niantic - Niantic [Brothertown, Wisconsin]",North America,Woodlands,Northeast,Niantic,"Niantic [Brothertown, Wisconsin]",,
http://n2t.net/ark:/65665/sz873a19967-2962-45a8-a19f-5475f2941383,NMAICulture_346,Niantic,,Nehantic; Nyantic,Language Family info:  Algic/Algonquian/Eastern,North America - Woodlands - Northeast - Niantic,North America,Woodlands,Northeast,Niantic,,,
http://n2t.net/ark:/65665/sz89e56c66f-a95b-4042-ae8a-a83fe1af66ca,NMAICulture_349,Nipmuc,,Nimpuc,Language Family info:  Algic/Algonquian/Eastern,North America - Woodlands - Northeast - Nipmuc,North America,Woodlands,Northeast,Nipmuc,,,
http://n2t.net/ark:/65665/sz8bef25890-65ef-4057-ac51-94293d5e0c95,NMAICulture_2665,Paleoindian Tradition: Clovis (archaeological culture),,,,North America - Woodlands - Northeast - Paleoindian Tradition (archaeological culture) - Paleoindian Tradition: Clovis (archaeological culture),North America,Woodlands,Northeast,Paleoindian Tradition (archaeological culture),Paleoindian Tradition: Clovis (archaeological culture),,
http://n2t.net/ark:/65665/sz8165d8379-3531-414e-a7ea-bbe5739c0b46,NMAICulture_2666,Paleoindian Tradition: Folsom (archaeological culture),,,,North America - Woodlands - Northeast - Paleoindian Tradition (archaeological culture) - Paleoindian Tradition: Folsom (archaeological culture),North America,Woodlands,Northeast,Paleoindian Tradition (archaeological culture),Paleoindian Tradition: Folsom (archaeological culture),,
http://n2t.net/ark:/65665/sz84c137c23-5e38-49f7-ac03-228d9b10289f,NMAICulture_2667,Paleoindian Tradition: Plano (archaeological culture),,,,North America - Woodlands - Northeast - Paleoindian Tradition (archaeological culture) - Paleoindian Tradition: Plano (archaeological culture),North America,Woodlands,Northeast,Paleoindian Tradition (archaeological culture),Paleoindian Tradition: Plano (archaeological culture),,
http://n2t.net/ark:/65665/sz895ed2b89-3dd0-422b-bd63-65717c4174f4,NMAICulture_2664,Paleoindian Tradition (archaeological culture),,Paleo-Indian,,North America - Woodlands - Northeast - Paleoindian Tradition (archaeological culture),North America,Woodlands,Northeast,Paleoindian Tradition (archaeological culture),,,
http://n2t.net/ark:/65665/sz8b6b5e859-9e2a-41a0-8ce6-1cf5940d5737,NMAICulture_380,Paugussett (Paugusset),,,Language Family info:  Algic/Algonquian/Eastern,North America - Woodlands - Northeast - Paugussett (Paugusset),North America,Woodlands,Northeast,Paugussett (Paugusset),,,
http://n2t.net/ark:/65665/sz85c50f72a-5dd5-4900-aa5c-f80cd7a31a2c,NMAICulture_2546,"Pequot [Brothertown, Wisconsin]",,,,"North America - Woodlands - Northeast - Pequot - Pequot [Brothertown, Wisconsin]",North America,Woodlands,Northeast,Pequot,"Pequot [Brothertown, Wisconsin]",,
http://n2t.net/ark:/65665/sz8f5a7d3f3-6021-4102-bfff-5db91bf76a08,NMAICulture_383,Pequot,,Pequod,Language Family info:  Algic/Algonquian/Eastern,North America - Woodlands - Northeast - Pequot,North America,Woodlands,Northeast,Pequot,,,
http://n2t.net/ark:/65665/sz888d9a7ca-d430-41bc-a13d-afa29833cedc,NMAICulture_3319,Pocomtuc (Pocumtuck),,,,North America - Woodlands - Northeast - Pocomtuc (Pocumtuck),North America,Woodlands,Northeast,Pocomtuc (Pocumtuck),,,
http://n2t.net/ark:/65665/sz8996b7979-1005-429a-8c66-c76f7b4216f4,NMAICulture_411,Quinnipiac,,,Language Family info:  Algic/Algonquian/Eastern,North America - Woodlands - Northeast - Quinnipiac,North America,Woodlands,Northeast,Quinnipiac,,,
http://n2t.net/ark:/65665/sz829b0718f-9b00-400c-b99d-2c3b4745e34e,NMAICulture_421,Schaghticoke,,Scatticook; Schaghiticoke; Scaghiticoke; Scaticook; Scattacook,Language Family info:  Algic/Algonquian/Eastern,North America - Woodlands - Northeast - Schaghticoke,North America,Woodlands,Northeast,Schaghticoke,,,
http://n2t.net/ark:/65665/sz81aced255-18d7-4ad4-88a8-4fb3238d9e74,NMAICulture_469,Tunxis,,,Language Family info:  Algic/Algonquian/Eastern,North America - Woodlands - Northeast - Tunxis,North America,Woodlands,Northeast,Tunxis,,,
http://n2t.net/ark:/65665/sz84252c88c-1321-4336-bf4d-1f32c296a173,NMAICulture_939,Abenaki [Odanak/St Francis],,Abenaki [St Francis]; St Francis Abnaki ; Saint Francis Abnaki ; Saint Francis Abenaki,Language Family info:  Algic/Algonquian/Eastern,North America - Woodlands - Northeast - Wabanaki - Abenaki (Abnaki) - Abenaki [Odanak/St Francis],North America,Woodlands,Northeast,Wabanaki,Abenaki (Abnaki),Abenaki [Odanak/St Francis],
http://n2t.net/ark:/65665/sz86948e9e1-f351-4884-8db5-39a05827e4f8,NMAICulture_531,Abenaki (Abnaki),,,Language Family info:  Algic/Algonquian/Eastern,North America - Woodlands - Northeast - Wabanaki - Abenaki (Abnaki),North America,Woodlands,Northeast,Wabanaki,Abenaki (Abnaki),,
http://n2t.net/ark:/65665/sz81d83623e-58ed-44a9-931e-f12fc12e732d,NMAICulture_711,Maliseet (Malecite),,Malisit;  Malacite,,North America - Woodlands - Northeast - Wabanaki - Maliseet (Malecite),North America,Woodlands,Northeast,Wabanaki,Maliseet (Malecite),,
http://n2t.net/ark:/65665/sz81cf7f10b-8662-4b26-b1dc-0542ad920302,NMAICulture_3407,Mi'kmaq (Micmac) descent,,,,North America - Woodlands - Northeast - Wabanaki - Mi'kmaq (Micmac) - Mi'kmaq (Micmac) descent,North America,Woodlands,Northeast,Wabanaki,Mi'kmaq (Micmac),Mi'kmaq (Micmac) descent,
http://n2t.net/ark:/65665/sz838340c32-a9f4-405d-aa2b-b1f2b7c4a1bc,NMAICulture_2848,"Mi'kmaq [Eel Ground First Nation, New Brunswick]",,,,"North America - Woodlands - Northeast - Wabanaki - Mi'kmaq (Micmac) - Mi'kmaq [Eel Ground First Nation, New Brunswick]",North America,Woodlands,Northeast,Wabanaki,Mi'kmaq (Micmac),"Mi'kmaq [Eel Ground First Nation, New Brunswick]",
http://n2t.net/ark:/65665/sz8bc12a3b0-d539-44c4-b743-1b7b48d91539,NMAICulture_1072,"Mi'kmaq [Eel River Bar First Nation, New Brunswick]",,,Language Family info:  Algic/Algonquian/Eastern,"North America - Woodlands - Northeast - Wabanaki - Mi'kmaq (Micmac) - Mi'kmaq [Eel River Bar First Nation, New Brunswick]",North America,Woodlands,Northeast,Wabanaki,Mi'kmaq (Micmac),"Mi'kmaq [Eel River Bar First Nation, New Brunswick]",
http://n2t.net/ark:/65665/sz8430568ea-b5bb-4e63-90db-5bbb8d1bac04,NMAICulture_1073,Mi'kmaq [Eskasoni],,,Language Family info:  Algic/Algonquian/Eastern,North America - Woodlands - Northeast - Wabanaki - Mi'kmaq (Micmac) - Mi'kmaq [Eskasoni],North America,Woodlands,Northeast,Wabanaki,Mi'kmaq (Micmac),Mi'kmaq [Eskasoni],
http://n2t.net/ark:/65665/sz89ef4701e-0be2-4d7d-a769-77515023ece2,NMAICulture_721,Mi'kmaq (Micmac),,Mic Mac; Mic-Mac; Micmaq; Nic Nac,Language Family info:  Algic/Algonquian/Eastern,North America - Woodlands - Northeast - Wabanaki - Mi'kmaq (Micmac),North America,Woodlands,Northeast,Wabanaki,Mi'kmaq (Micmac),,
http://n2t.net/ark:/65665/sz8c9b6b703-adcf-45f3-a40e-e220f3921b4c,NMAICulture_775,Ossipee,,,Language Family info:  Algic/Algonquian/Eastern,North America - Woodlands - Northeast - Wabanaki - Ossipee,North America,Woodlands,Northeast,Wabanaki,Ossipee,,
http://n2t.net/ark:/65665/sz8b3a48d18-6b43-43fa-bc9c-fccebdb3c27f,NMAICulture_780,Passamaquoddy,,Passamaquaddy; Passamaquody; Passamoquoddy,Language Family info:  Algic/Algonquian/Eastern,North America - Woodlands - Northeast - Wabanaki - Passamaquoddy,North America,Woodlands,Northeast,Wabanaki,Passamaquoddy,,
http://n2t.net/ark:/65665/sz80efa7508-17d2-4116-b2e2-c4293b428640,NMAICulture_784,Pennacook,,,Language Family info:  Algic/Algonquian/Eastern,North America - Woodlands - Northeast - Wabanaki - Pennacook,North America,Woodlands,Northeast,Wabanaki,Pennacook,,
http://n2t.net/ark:/65665/sz8f896aec3-6dad-4491-8191-30cd8a1d54ec,NMAICulture_785,Penobscot,,,Language Family info:  Algic/Algonquian/Eastern,North America - Woodlands - Northeast - Wabanaki - Penobscot,North America,Woodlands,Northeast,Wabanaki,Penobscot,,
http://n2t.net/ark:/65665/sz810659c0c-a733-4230-a97e-ff9672f47c37,NMAICulture_911,Wawenock,,Wewenoc,Language Family info:  Algic/Algonquian/Eastern,North America - Woodlands - Northeast - Wabanaki - Wawenock,North America,Woodlands,Northeast,Wabanaki,Wawenock,,
http://n2t.net/ark:/65665/sz8ced5a230-43ed-4bc7-9c08-dcd7ae5122a5,NMAICulture_481,Wabanaki,,Wapanaki ; Wabnaki,Language Family info:  Algic/Algonquian/Eastern,North America - Woodlands - Northeast - Wabanaki,North America,Woodlands,Northeast,Wabanaki,,,
http://n2t.net/ark:/65665/sz855a7cddf-1819-4594-b64c-88fc6124271a,NMAICulture_1545,Gay Head Wampanoag,,Gayhead,Language Family info:  Algic/Algonquian/Eastern,North America - Woodlands - Northeast - Wampanoag - Gay Head Wampanoag,North America,Woodlands,Northeast,Wampanoag,Gay Head Wampanoag,,
http://n2t.net/ark:/65665/sz8c744250c-d6da-4b71-8b46-26b90c7fe441,NMAICulture_1547,Herring Pond Wampanoag,,,Language Family info:  Algic/Algonquian/Eastern,North America - Woodlands - Northeast - Wampanoag - Herring Pond Wampanoag,North America,Woodlands,Northeast,Wampanoag,Herring Pond Wampanoag,,
http://n2t.net/ark:/65665/sz8c52f2019-d4a4-459d-9c5b-9ee7f0550d78,NMAICulture_1548,Mashpee Wampanoag,,,Language Family info:  Algic/Algonquian/Eastern,North America - Woodlands - Northeast - Wampanoag - Mashpee Wampanoag,North America,Woodlands,Northeast,Wampanoag,Mashpee Wampanoag,,
http://n2t.net/ark:/65665/sz8f28e98ad-16c9-4c26-bd74-608c9fb45f6b,NMAICulture_1109,Nauset [Yarmouth Band],,,Language Family info:  Algic/Algonquian/Eastern,North America - Woodlands - Northeast - Wampanoag - Nauset - Nauset [Yarmouth Band],North America,Woodlands,Northeast,Wampanoag,Nauset,Nauset [Yarmouth Band],
http://n2t.net/ark:/65665/sz86175f49e-305e-4722-8871-4d7dbf8b4bb4,NMAICulture_744,Nauset,,,Language Family info:  Algic/Algonquian/Eastern,North America - Woodlands - Northeast - Wampanoag - Nauset,North America,Woodlands,Northeast,Wampanoag,Nauset,,
http://n2t.net/ark:/65665/sz8364c3205-ea91-4bc4-b392-7a2a5ed181ab,NMAICulture_796,Pokanoket,,,Language Family info:  Algic/Algonquian/Eastern,North America - Woodlands - Northeast - Wampanoag - Pokanoket,North America,Woodlands,Northeast,Wampanoag,Pokanoket,,
http://n2t.net/ark:/65665/sz84a9d16ab-a78a-4a4e-ad6f-272ee748b6b3,NMAICulture_1546,"Wampanoag [Fall River, Massachusetts]",,,Language Family info:  Algic/Algonquian/Eastern,"North America - Woodlands - Northeast - Wampanoag - Wampanoag [Fall River, Massachusetts]",North America,Woodlands,Northeast,Wampanoag,"Wampanoag [Fall River, Massachusetts]",,
http://n2t.net/ark:/65665/sz8604193c6-b65e-49d4-93a5-16b7a918174b,NMAICulture_486,Wampanoag,,,Language Family info:  Algic/Algonquian/Eastern,North America - Woodlands - Northeast - Wampanoag,North America,Woodlands,Northeast,Wampanoag,,,
http://n2t.net/ark:/65665/sz8e0bb6c3a-7b4d-4730-91ec-c152bd27bfed,NMAICulture_489,Wappinger,,,Language Family info:  Algic/Algonquian/Eastern,North America - Woodlands - Northeast - Wappinger,North America,Woodlands,Northeast,Wappinger,,,
http://n2t.net/ark:/65665/sz88c2c25a9-1fee-4c79-b01d-f87e049af959,NMAICulture_2691,Early Woodland Tradition (archaeological culture),,,,North America - Woodlands - Northeast - Woodland Tradition (archaeological culture) - Early Woodland Tradition (archaeological culture),North America,Woodlands,Northeast,Woodland Tradition (archaeological culture),Early Woodland Tradition (archaeological culture),,
http://n2t.net/ark:/65665/sz87c428724-22f4-41e8-aa43-ab9fc840256c,NMAICulture_2708,Owasco (archaeological culture),,,,North America - Woodlands - Northeast - Woodland Tradition (archaeological culture) - Late Woodland Tradition (archaeological culture) - Owasco (archaeological culture),North America,Woodlands,Northeast,Woodland Tradition (archaeological culture),Late Woodland Tradition (archaeological culture),Owasco (archaeological culture),
http://n2t.net/ark:/65665/sz87f8da6c1-e6ec-4960-8768-bffe94bfff45,NMAICulture_2695,Late Woodland Tradition (archaeological culture),,,,North America - Woodlands - Northeast - Woodland Tradition (archaeological culture) - Late Woodland Tradition (archaeological culture),North America,Woodlands,Northeast,Woodland Tradition (archaeological culture),Late Woodland Tradition (archaeological culture),,
http://n2t.net/ark:/65665/sz8318ed235-6516-4d20-ac91-c3e34a21c07e,NMAICulture_2693,Middle Woodland Tradition (archaeological culture),,,,North America - Woodlands - Northeast - Woodland Tradition (archaeological culture) - Middle Woodland Tradition (archaeological culture),North America,Woodlands,Northeast,Woodland Tradition (archaeological culture),Middle Woodland Tradition (archaeological culture),,
http://n2t.net/ark:/65665/sz84fef9669-c599-4273-bdc1-b53a9855dece,NMAICulture_2690,Woodland Tradition (archaeological culture),,,,North America - Woodlands - Northeast - Woodland Tradition (archaeological culture),North America,Woodlands,Northeast,Woodland Tradition (archaeological culture),,,
http://n2t.net/ark:/65665/sz84a1792c3-ddf5-4b88-9dc2-c51df065b130,NMAICulture_83,Northeast,,,,North America - Woodlands - Northeast,North America,Woodlands,Northeast,,,,
http://n2t.net/ark:/65665/sz852f72ec7-4a90-4d2f-825b-9b878801f885,NMAICulture_22,Woodlands,,,,North America - Woodlands,North America,Woodlands,,,,,
http://n2t.net/ark:/65665/sz80760d500-265c-420b-89d3-1a855cb302c9,NMAICulture_6,North America,,,,North America,North America,,,,,,
http://n2t.net/ark:/65665/sz873d99862-cbe0-4374-935a-b1fb2a356c42,NMAICulture_1220,Native Hawaiian,,,,Oceania - Hawaii - Native Hawaiian,Oceania,Hawaii,Native Hawaiian,,,,
http://n2t.net/ark:/65665/sz80350f5bc-c8fa-4ed5-af84-8a44932ad2a2,NMAICulture_23,Hawaii,,,,Oceania - Hawaii,Oceania,Hawaii,,,,,
http://n2t.net/ark:/65665/sz8e27a1861-8816-4aa9-901b-e44ad2d31078,NMAICulture_1221,Maori,,,,Oceania - New Zealand - Maori,Oceania,New Zealand,Maori,,,,
http://n2t.net/ark:/65665/sz84e075681-7f74-42aa-bceb-30bf3aacdad4,NMAICulture_24,New Zealand,,,,Oceania - New Zealand,Oceania,New Zealand,,,,,
http://n2t.net/ark:/65665/sz82c5fffc2-ae6e-4966-8791-3d8b5cdde209,NMAICulture_1222,Polynesian,,,,Oceania - Polynesia - Polynesian,Oceania,Polynesia,Polynesian,,,,
http://n2t.net/ark:/65665/sz8184611fa-3d36-411e-8919-282cb4217e64,NMAICulture_25,Polynesia,,,,Oceania - Polynesia,Oceania,Polynesia,,,,,
http://n2t.net/ark:/65665/sz8eefedde5-a3e2-4c90-9767-0dcec59351ac,NMAICulture_7,Oceania,,,,Oceania,Oceania,,,,,,
http://n2t.net/ark:/65665/sz8a59b4717-6ff9-4618-80c7-56f5c773809e,NMAICulture_2728,Panzaleo (archaeological culture),,,,Panzaleo (archaeological culture),Panzaleo (archaeological culture),,,,,,
http://n2t.net/ark:/65665/sz87a09fb64-0628-4ce5-8138-512d14b9a86d,NMAICulture_1861,Brazilian Indians,,,,South America - Amazonia - Brazilian Indians,South America,Amazonia,Brazilian Indians,,,,
http://n2t.net/ark:/65665/sz8b769578a-1fe7-4b3c-b358-20db3760372a,NMAICulture_117,Amanayé (Ararandeura),,Arara ; Ararandeuara,Language Family info:  Tupi/Tupi-Guarani/Subgroup VIII,South America - Amazonia - Eastern Amazonia - Amanayé (Ararandeura),South America,Amazonia,Eastern Amazonia,Amanayé (Ararandeura),,,
http://n2t.net/ark:/65665/sz85d9ffe21-1e31-418a-a1c3-70862fe903fe,NMAICulture_149,Caboclos (Brazilian mestizos),,,,South America - Amazonia - Eastern Amazonia - Caboclos (Brazilian mestizos),South America,Amazonia,Eastern Amazonia,Caboclos (Brazilian mestizos),,,
http://n2t.net/ark:/65665/sz8eb5f1352-ea31-46a9-aecf-a789b6b80bb1,NMAICulture_225,Guajajára (Guajajara),"Questionable term: some need verification.  Catalogue card says Guayayani; Guajajára are in Maranhao state, Brazil, which matches object provenience",Guajajara; Guazazzara; Tenetehar; Tenetehára,Language Family info:  Tupi/Tupi-Guarani/Subgroup IV,South America - Amazonia - Eastern Amazonia - Guajajára (Guajajara),South America,Amazonia,Eastern Amazonia,Guajajára (Guajajara),,,
http://n2t.net/ark:/65665/sz89bcbf234-08ac-4458-b0b9-0b7734e16fb9,NMAICulture_264,Ka'apor,,Urubu; Urubú; Kaapor; Kaaporté; Caapor,Language Family info:  Tupi/Tupi-Guarani/Subgroup VIII,South America - Amazonia - Eastern Amazonia - Ka'apor,South America,Amazonia,Eastern Amazonia,Ka'apor,,,
http://n2t.net/ark:/65665/sz826c4ae6c-ad0c-46e2-a2f5-c367d4c96093,NMAICulture_2910,Marajoara/Marajó (archaeological culture),,,,South America - Amazonia - Eastern Amazonia - Marajoara/Marajó (archaeological culture),South America,Amazonia,Eastern Amazonia,Marajoara/Marajó (archaeological culture),,,
http://n2t.net/ark:/65665/sz87a43f26d-928d-43c4-8c64-5340c54647e0,NMAICulture_376,Parakanã (Paracana),,Parakana ; Awaeté,Language Family info:  Tupi/Tupi-Guarani/Subgroup IV,South America - Amazonia - Eastern Amazonia - Parakanã (Paracana),South America,Amazonia,Eastern Amazonia,Parakanã (Paracana),,,
http://n2t.net/ark:/65665/sz830d65e36-4e85-4349-b50d-72e1624260c4,NMAICulture_446,Tembé (Tembe),,Tenetehara,Language Family info:  Tupi/Tupi-Guarani/Subgroup IV,South America - Amazonia - Eastern Amazonia - Tembé (Tembe),South America,Amazonia,Eastern Amazonia,Tembé (Tembe),,,
http://n2t.net/ark:/65665/sz8f7b7b0f5-cf49-46d6-9801-61b97cf35e0a,NMAICulture_471,Turiwára (Turiwara),,Turiuar,Language Family info:  Tupi/Tupi-Guarani/Subgroup VIII,South America - Amazonia - Eastern Amazonia - Turiwára (Turiwara),South America,Amazonia,Eastern Amazonia,Turiwára (Turiwara),,,
http://n2t.net/ark:/65665/sz8e27dd400-c0ea-4743-99bd-150ccc67f956,NMAICulture_494,Wayampi (Waiapi),,"Waipai ; Guayapi; Guaiapi; Oyampí; Oiampí; Wajapae; Wayãpi; Waiãpi; Waiampi; Wayapae; Oyampík; Oyanpík;, Wajapuku; Oiampipucu; Oyampipuku",Language Family info:  Tupi/Tupi-Guarani/Subgroup VIII,South America - Amazonia - Eastern Amazonia - Wayampi (Waiapi),South America,Amazonia,Eastern Amazonia,Wayampi (Waiapi),,,
http://n2t.net/ark:/65665/sz89171f054-a95d-4578-af62-fb078a90ba1c,NMAICulture_85,Eastern Amazonia,,,,South America - Amazonia - Eastern Amazonia,South America,Amazonia,Eastern Amazonia,,,,
http://n2t.net/ark:/65665/sz84bb04fe4-e66b-4373-a10d-9e1b77398083,NMAICulture_108,Akawaio (Acawai),Kapon may be preferred self name,Waica; Acawoi; Acewaio; Akawai; Acahuayo; Kapon; Accawai; Accawoi; Akawoi; Akawoia; Akowoia; Kpon,Language Family info:  Carib/Northern/East-West Guiana/Macushi-Kapon/Kapon,South America - Amazonia - Northern Amazonia - Akawaio (Acawai),South America,Amazonia,Northern Amazonia,Akawaio (Acawai),,,
http://n2t.net/ark:/65665/sz8dda07f19-5995-4e9f-8879-56253eda0e94,NMAICulture_111,Akurio (Acuria),,Akoerio; Akuri; Akuria; Akurijo; Akuriyo; Akuliyo; Wama; Wayaricuri; Oyaricoulet; Triometesem; Triometesen,Language Family info:  Carib/Northern/East-West Guiana/Wama,South America - Amazonia - Northern Amazonia - Akurio (Acuria),South America,Amazonia,Northern Amazonia,Akurio (Acuria),,,
http://n2t.net/ark:/65665/sz87754672a-d297-4ef6-912b-9814b3cf5fbe,NMAICulture_129,Apalaí (Apalai),,Aparai ; Apalay ; Apalaii,Language Family info:  Carib/Northern/East-West Guiana/Wayana-Trio,South America - Amazonia - Northern Amazonia - Apalaí (Apalai),South America,Amazonia,Northern Amazonia,Apalaí (Apalai),,,
http://n2t.net/ark:/65665/sz81823f450-29a2-4218-b434-013e01c89d83,NMAICulture_2555,Lokono Arawak,,,Language Family info:  Arawakan/Maipuran/Northern Maipuran/Caribbean,South America - Amazonia - Northern Amazonia - Arawak - Lokono Arawak,South America,Amazonia,Northern Amazonia,Arawak,Lokono Arawak,,
http://n2t.net/ark:/65665/sz82aca7e17-fdfa-468d-9db4-91aba575476e,NMAICulture_133,Arawak,,Arowak,Language Family info:  Arawakan/Maipuran/Northern Maipuran/Caribbean,South America - Amazonia - Northern Amazonia - Arawak,South America,Amazonia,Northern Amazonia,Arawak,,,
http://n2t.net/ark:/65665/sz89f695adf-4b6e-4251-90e6-475c5f41a1f0,NMAICulture_134,Arecuna,,Aricuna ; Arekuna ; Jaricuna ; Pemon ; Daigok ; Potsawugok ; Pishauco ; Purucoto ; Kamaragakok ; Aracuna ; Arakuna,Language Family info:  Carib/Northern/East-West Guiana/Macushi-Kapon/Kapon,South America - Amazonia - Northern Amazonia - Arecuna,South America,Amazonia,Northern Amazonia,Arecuna,,,
http://n2t.net/ark:/65665/sz8a6f4011d-4482-4450-8480-bc90f389fb62,NMAICulture_336,Barí (Motilone),,Bari ; Motilón ; Motilones,Language Family info:  Chibchan/Motilon,South America - Amazonia - Northern Amazonia - Barí (Motilone),South America,Amazonia,Northern Amazonia,Barí (Motilone),,,
http://n2t.net/ark:/65665/sz84fe6a4f2-b2c1-4481-bbda-ddeddd65548f,NMAICulture_148,British Guiana Indians,,,Language Family info:  unknown,South America - Amazonia - Northern Amazonia - British Guiana Indians,South America,Amazonia,Northern Amazonia,British Guiana Indians,,,
http://n2t.net/ark:/65665/sz847930564-2731-4a1b-81f8-2df614595549,NMAICulture_212,Dutch Guiana or Surinam Indians,,,Language Family info:  unknown,South America - Amazonia - Northern Amazonia - Dutch Guiana or Surinam Indians,South America,Amazonia,Northern Amazonia,Dutch Guiana or Surinam Indians,,,
http://n2t.net/ark:/65665/sz8dce9ece8-7cec-47f1-ae1b-17dc56acb0ce,NMAICulture_217,Emerillon,,Emerilon; Melejo; Mereo; Mereyo; Emereñon,Language Family info:  Tupi/Tupi-Guarani/Subgroup VIII,South America - Amazonia - Northern Amazonia - Emerillon,South America,Amazonia,Northern Amazonia,Emerillon,,,
http://n2t.net/ark:/65665/sz8b21e152c-13d0-456e-927d-563a6912ab20,NMAICulture_221,French Guiana Indians,,,Language Family info:  unknown,South America - Amazonia - Northern Amazonia - French Guiana Indians,South America,Amazonia,Northern Amazonia,French Guiana Indians,,,
http://n2t.net/ark:/65665/sz8388d4111-b5e9-4d8e-a185-148470a9b7d7,NMAICulture_231,Guinao (Guinau/Ginao),,,"Language Family info:  Arawak, N. Maipuran",South America - Amazonia - Northern Amazonia - Guinao (Guinau/Ginao),South America,Amazonia,Northern Amazonia,Guinao (Guinau/Ginao),,,
http://n2t.net/ark:/65665/sz866a608e2-541b-4ec7-b0f2-74d760119cc4,NMAICulture_237,Hixkaryána (Hixkaryana),,Hixkariana;  Hishkaryana; Parukoto-Charuma; Parucutu; Sherewyana;  Xerewyana;  Xereu;  Hichkaryana; Hyskariana,Language Family info:  Carib/Southern/Southern Guiana,South America - Amazonia - Northern Amazonia - Hixkaryána (Hixkaryana),South America,Amazonia,Northern Amazonia,Hixkaryána (Hixkaryana),,,
http://n2t.net/ark:/65665/sz84c51d7ac-1542-4fdb-8bf1-51dca56f6e3e,NMAICulture_298,Macushi (Macusi),Note: many Macoa pieces seem to be mislabelled as Macushi,Makusi; Makuxi; Macusi; Makushi; Teweya; Teueia;Macouchi; Macoushi; Macuchi; Macuse;,Language Family info:  Carib/Northern/East-West Guiana/Macushi-Kapon/Macushi,South America - Amazonia - Northern Amazonia - Macushi (Macusi),South America,Amazonia,Northern Amazonia,Macushi (Macusi),,,
http://n2t.net/ark:/65665/sz8564ca93b-cd01-4d04-a361-f6a33690028d,NMAICulture_569,Carib [French Guiana],,,Language Family info:   Arawakan/Maipuran/Northern Maipuran/Caribbean,South America - Amazonia - Northern Amazonia - Mainland Carib - Carib [French Guiana],South America,Amazonia,Northern Amazonia,Mainland Carib,Carib [French Guiana],,
http://n2t.net/ark:/65665/sz8247e2818-6628-412c-aeba-6e319ace5d80,NMAICulture_570,Carib [Guyana],,,Language Family info:   Arawakan/Maipuran/Northern Maipuran/Caribbean,South America - Amazonia - Northern Amazonia - Mainland Carib - Carib [Guyana],South America,Amazonia,Northern Amazonia,Mainland Carib,Carib [Guyana],,
http://n2t.net/ark:/65665/sz8cf0e5845-a598-4d93-94c4-b364925f48ce,NMAICulture_573,Carib [Suriname],,,Language Family info:   Arawakan/Maipuran/Northern Maipuran/Caribbean,South America - Amazonia - Northern Amazonia - Mainland Carib - Carib [Suriname],South America,Amazonia,Northern Amazonia,Mainland Carib,Carib [Suriname],,
http://n2t.net/ark:/65665/sz86233bd1c-df01-40cc-8378-019ce8015113,NMAICulture_574,Carib [Venezuela & Trinidad],"Based on provenience, objects from Trinidad may be identified with the Carinepagoto or other Carib people.  Arawak people may not have lasted as long as the Caribs did, and 20th-century objects seem mostly likely Carib.",Caribe ; Cariña ; Kalihna ; Kalinya ; Galibi,Language Family info:    Arawakan/Maipuran/Northern Maipuran/Caribbean,South America - Amazonia - Northern Amazonia - Mainland Carib - Carib [Venezuela & Trinidad],South America,Amazonia,Northern Amazonia,Mainland Carib,Carib [Venezuela & Trinidad],,
http://n2t.net/ark:/65665/sz8c10a3e77-c4dd-43c6-a0a7-3944bab526f1,NMAICulture_301,Mainland Carib,,,Language Family info:  Arawakan/Maipuran/Northern Maipuran/Caribbean,South America - Amazonia - Northern Amazonia - Mainland Carib,South America,Amazonia,Northern Amazonia,Mainland Carib,,,
http://n2t.net/ark:/65665/sz863af42d2-f294-4a75-819f-147eea249674,NMAICulture_548,Aukan (Djuka),,Aukaans ; Ndyuka ; Ndjuká ; Njuká ; Djoeka ; Okanisi ; Aucaner,"Language Family info:  Creole, English based",South America - Amazonia - Northern Amazonia - Maroon (Afro-Surinamese) - Aukan (Djuka),South America,Amazonia,Northern Amazonia,Maroon (Afro-Surinamese),Aukan (Djuka),,
http://n2t.net/ark:/65665/sz8b454e704-d9f5-47be-925d-16bdde3aee38,NMAICulture_3123,Saramaka,,Saramacca,,South America - Amazonia - Northern Amazonia - Maroon (Afro-Surinamese) - Saramaka,South America,Amazonia,Northern Amazonia,Maroon (Afro-Surinamese),Saramaka,,
http://n2t.net/ark:/65665/sz8e9c88050-251b-400a-92fb-897b04c489e3,NMAICulture_308,Maroon (Afro-Surinamese),"Specific subdivisions can be delineated as separate terms as warranted, i.e. Saramaka",Bush Negroes; Bush Negro,"Language Family info:  Creole, English based",South America - Amazonia - Northern Amazonia - Maroon (Afro-Surinamese),South America,Amazonia,Northern Amazonia,Maroon (Afro-Surinamese),,,
http://n2t.net/ark:/65665/sz885e0bffc-5b30-4023-a0dc-b0c906d86248,NMAICulture_335,Motalone,"Problematic term:  Motalone, Motilone, and Motilones all seem similar but are from diverse regions.  Motalone/Motilone from Perija Peninsula may be Bari (Chibchan) or Yupka (Carib)",Atapshi,Language Family info:  Chibchan,South America - Amazonia - Northern Amazonia - Motalone,South America,Amazonia,Northern Amazonia,Motalone,,,
http://n2t.net/ark:/65665/sz8694c23ef-91dd-4d2f-86ce-6f8d04af0010,NMAICulture_379,Patamona,Kapon may be self name,Patamonas; Ingariko; Eremagok; Kapon; Potamona,Language Family info:  Carib/Northern/East-West Guiana/Macushi-Kapon/Kapon,South America - Amazonia - Northern Amazonia - Patamona,South America,Amazonia,Northern Amazonia,Patamona,,,
http://n2t.net/ark:/65665/sz832c00424-d7d2-4b1c-b724-5c4eeb868995,NMAICulture_2975,Piapoco (Piapoko),,Dzaze  ; Piapoko Dejá ; Kuipaco; Wenéwika ; Enegua ; Yapoco ; Amarizado,Language Family info:  Arawakan\Maipuran\Northern Maipuran\ Inland,South America - Amazonia - Northern Amazonia - Piapoco (Piapoko),South America,Amazonia,Northern Amazonia,Piapoco (Piapoko),,,
http://n2t.net/ark:/65665/sz8ba4307d2-845d-4a01-b631-dde9fb0a162d,NMAICulture_384,Piaroa,,Piawa; Piaroas ; Piarroas; Kuakua; Guagua; Quaqua,Language Family info:  Salivan,South America - Amazonia - Northern Amazonia - Piaroa,South America,Amazonia,Northern Amazonia,Piaroa,,,
http://n2t.net/ark:/65665/sz86c82c0bb-0fd3-420e-88f6-db5e8ae6e79b,NMAICulture_3099,Sranan Tongo (Suriname Creole English),,,Language family info: Creole/ English based/ Atlantic/ Suriname,South America - Amazonia - Northern Amazonia - Sranan Tongo (Suriname Creole English),South America,Amazonia,Northern Amazonia,Sranan Tongo (Suriname Creole English),,,
http://n2t.net/ark:/65665/sz8d9ea40f9-502f-476f-9f1a-0ef12316e1f2,NMAICulture_477,Uapi,"Problematic term:  provenience is Venezuela, Guayana, Rio Negro and probably Uapi may refer to people of the Uaupes/Vaupes river",,,South America - Amazonia - Northern Amazonia - Uapi,South America,Amazonia,Northern Amazonia,Uapi,,,
http://n2t.net/ark:/65665/sz85a28010f-28a4-4c4c-9001-58da51177dd0,NMAICulture_480,Veripamoni,"Problematic term:  provenience is Venezuela, Guayana, Rio Negro and probably Uapi may refer to people of the Uaupes/Vaupes river",,,South America - Amazonia - Northern Amazonia - Veripamoni,South America,Amazonia,Northern Amazonia,Veripamoni,,,
http://n2t.net/ark:/65665/sz80ac8efa2-fb64-478a-a1a9-c657fce1ed06,NMAICulture_685,Koorooari,"Koorooari is a problematic term and may be Kuruaya (Tupi, Para state in Brazil) and not part of Waiwai.  Koorooari could also be a variant spelling of Tabajari (Venezuela border with Guyana)",,,South America - Amazonia - Northern Amazonia - Waiwai - Koorooari,South America,Amazonia,Northern Amazonia,Waiwai,Koorooari,,
http://n2t.net/ark:/65665/sz872fd234e-3d89-45ad-993a-d991f24a2ab0,NMAICulture_779,Parukota Waiwai (Parakuto),,Parucutu ;Parukota,Language Family info:  Carib/Northern/East-West Guiana/Waiwai,South America - Amazonia - Northern Amazonia - Waiwai - Parukota Waiwai (Parakuto),South America,Amazonia,Northern Amazonia,Waiwai,Parukota Waiwai (Parakuto),,
http://n2t.net/ark:/65665/sz8c3c648fc-f2d9-4951-8565-6062fd67b3d4,NMAICulture_485,Waiwai,,Waikoi; Waiwoi; Woiwoi; Uaiuai; Uaieue; Ouayeone;Wai Wai,Language Family info:  Carib/Northern/East-West Guiana/Waiwai,South America - Amazonia - Northern Amazonia - Waiwai,South America,Amazonia,Northern Amazonia,Waiwai,,,
http://n2t.net/ark:/65665/sz839660a79-72e1-4ce0-8019-767c211a8788,NMAICulture_546,Atorai,,Atorada ; Ator'ti ; Dauri ; Atoradi ; Aroradi,Language Family info:  Arawakan/Maipuran/Northern Maipuran/Wapishanan,South America - Amazonia - Northern Amazonia - Wapichana (Wapishana) - Atorai,South America,Amazonia,Northern Amazonia,Wapichana (Wapishana),Atorai,,
http://n2t.net/ark:/65665/sz8ee5975cb-737c-4c66-8ee5-175ab3fde132,NMAICulture_872,Taruma,,Aruma,Language Family info:  Arawakan/Maipuran/Northern Maipuran/Wapishanan,South America - Amazonia - Northern Amazonia - Wapichana (Wapishana) - Taruma,South America,Amazonia,Northern Amazonia,Wapichana (Wapishana),Taruma,,
http://n2t.net/ark:/65665/sz86defff93-733c-4389-b17e-c7506f30364c,NMAICulture_488,Wapichana (Wapishana),,Wapichan ; Wapitxana ; Wapishshiana ; Wapisiana ; Wapisianas ; Vapidiana ; Wapixana ; Wapisana ; Uapixana ; Waupisana,Language Family info:  Arawakan/Maipuran/Northern Maipuran/Wapishanan,South America - Amazonia - Northern Amazonia - Wapichana (Wapishana),South America,Amazonia,Northern Amazonia,Wapichana (Wapishana),,,
http://n2t.net/ark:/65665/sz8d114d7c6-5e5c-4ccd-8125-b622b198e9b3,NMAICulture_1983,Maráon (Marawan),Morowhanna is the name of a town in Guyana on the Barima: this is Warao country; Marawan is said by some to be related to Palikúr on the border between French Guiana and Brazil but more suggest that it is a Carib language more closely related to Galibi,Marworno,,South America - Amazonia - Northern Amazonia - Warao - Maráon (Marawan),South America,Amazonia,Northern Amazonia,Warao,Maráon (Marawan),,
http://n2t.net/ark:/65665/sz8fdf36a83-0160-46af-980a-e903a935e70b,NMAICulture_1984,Warao [Pedernales],Pedernales is a placename in Warao territory,Pendermales ; Pendernales,Language Family info:  Language Isolate,South America - Amazonia - Northern Amazonia - Warao - Warao [Pedernales],South America,Amazonia,Northern Amazonia,Warao,Warao [Pedernales],,
http://n2t.net/ark:/65665/sz84a2e8fc3-9fc0-4d25-b8a3-05336efc6788,NMAICulture_491,Warao,,Warau; Warrau; Guarao; Guarauno,Language Family info:  Language Isolate,South America - Amazonia - Northern Amazonia - Warao,South America,Amazonia,Northern Amazonia,Warao,,,
http://n2t.net/ark:/65665/sz8d2da9d46-aaa4-4640-a044-2777eebfc938,NMAICulture_495,Wayana (Oyana),,Oayana; Wajana; Uaiana; Oyana; Oiana; Alukuyana; Upurui; Roucouyenne; Wayâna; Roucanyenne; Guayana,Language Family info:  Carib/Northern/East-West Guiana/Wayana-Trio,South America - Amazonia - Northern Amazonia - Wayana (Oyana),South America,Amazonia,Northern Amazonia,Wayana (Oyana),,,
http://n2t.net/ark:/65665/sz84f43c0f0-f82d-42d3-9f79-c9249ecf76ae,NMAICulture_505,Yabarana,"No objects yet (correctly) identified as Yabarana, 2006.",,"Language Family info:  Arawak, N. Maipuran",South America - Amazonia - Northern Amazonia - Yabarana,South America,Amazonia,Northern Amazonia,Yabarana,,,
http://n2t.net/ark:/65665/sz841b19d2d-a715-496a-9321-b21b4b24ff70,NMAICulture_512,Yanomami (Yanoama),,Sanima  ; Sanema  ; Waika  ; Ianomãmi  ; Ianoama  ;  Xirianá,Language Family info:  Yanomam,South America - Amazonia - Northern Amazonia - Yanomami (Yanoama),South America,Amazonia,Northern Amazonia,Yanomami (Yanoama),,,
http://n2t.net/ark:/65665/sz89bf4b865-816a-44af-840a-3b965e7d0dc0,NMAICulture_513,Yanomamö (Yanomamo),,Yanomame; Yanomami; Guaica; Guaharibo; Guaharibos; Guajaribo;  Shamatari;Cobari Kobali; Cobariwa,Language Family info:  Yanomam,South America - Amazonia - Northern Amazonia - Yanomamö (Yanomamo),South America,Amazonia,Northern Amazonia,Yanomamö (Yanomamo),,,
http://n2t.net/ark:/65665/sz8f1821863-3868-4e9f-a333-ac5007cd38dc,NMAICulture_515,Ye'kuana (Makiritare/Mayagone),,Maquiritari; Maquiritare; Maquiritai; Cunuana; Cunucunuma; Maiongong; Yekuana; De'cuana; Ye'cuana; Maquiritai; Soto; Pawana; Maquiritaris; Myangkong;  Maiongong; Mayongong,Language Family info:  Carib/Southern/Southern Guiana,South America - Amazonia - Northern Amazonia - Ye'kuana (Makiritare/Mayagone),South America,Amazonia,Northern Amazonia,Ye'kuana (Makiritare/Mayagone),,,
http://n2t.net/ark:/65665/sz8758c65c0-7a49-4347-a670-acbc38d2d2df,NMAICulture_520,Yukpa (Macoa/Macoita/Yupa),,Mocoa; Macoita; Yuko; Yuco; Yupa; Yucpa; Northern Motilón; Carib Motilón,Language Family info:  Carib/Northern/Coastal,South America - Amazonia - Northern Amazonia - Yukpa (Macoa/Macoita/Yupa),South America,Amazonia,Northern Amazonia,Yukpa (Macoa/Macoita/Yupa),,,
http://n2t.net/ark:/65665/sz84c619271-358f-4340-93d8-e6529e852cf0,NMAICulture_86,Northern Amazonia,,,,South America - Amazonia - Northern Amazonia,South America,Amazonia,Northern Amazonia,,,,
http://n2t.net/ark:/65665/sz81c3a1cf0-8dea-4fa8-8ead-b12d2fea2422,NMAICulture_107,Aguaruna (Aguarana),,Aguajun; Ahuajun,Language Family info:  Jivaroan,South America - Amazonia - Northwestern Amazonia - Aguaruna (Aguarana),South America,Amazonia,Northwestern Amazonia,Aguaruna (Aguarana),,,
http://n2t.net/ark:/65665/sz8b52bd1a2-03de-4ba6-ac48-bd758a515c8a,NMAICulture_869,Taparros,"Questionable term: Taparro as an ethnic term is considered synonymous with Tapano, who live in Venezuela, not Peru.  Since Iquitos (the provenience) is urban, this may be a term for Mestizos or a slang name for a local indigenous group.  May actually refer to the Taushiro who live in Amazonian Peru.",,,South America - Amazonia - Northwestern Amazonia - Amazonian Mestizos - Taparros,South America,Amazonia,Northwestern Amazonia,Amazonian Mestizos,Taparros,,
http://n2t.net/ark:/65665/sz8ec9f35b8-12a2-46ee-878a-706feb210b07,NMAICulture_120,Amazonian Mestizos,,,,South America - Amazonia - Northwestern Amazonia - Amazonian Mestizos,South America,Amazonia,Northwestern Amazonia,Amazonian Mestizos,,,
http://n2t.net/ark:/65665/sz88eb5f947-426b-4445-8753-dc145d4bc941,NMAICulture_2877,Andoa (Shimigae),,Semigae ; Gae ; Gaye,Language family info: Zaparoan,South America - Amazonia - Northwestern Amazonia - Andoa (Shimigae),South America,Amazonia,Northwestern Amazonia,Andoa (Shimigae),,,
http://n2t.net/ark:/65665/sz8b039b359-ccff-464d-9638-22ce760989a9,NMAICulture_130,Arabela,,Chiripuno ; Chiripunu,Language Family info:  Zaparoan,South America - Amazonia - Northwestern Amazonia - Arabela,South America,Amazonia,Northwestern Amazonia,Arabela,,,
http://n2t.net/ark:/65665/sz8e1494254-9b5a-419c-9830-8a0fafdcf60b,NMAICulture_131,Arapaso (Arapaco),,Arapaço ; Araspaso ; Koneá,Language Family info:  Tucanoan/Eastern Tucanoan/Northern,South America - Amazonia - Northwestern Amazonia - Arapaso (Arapaco),South America,Amazonia,Northwestern Amazonia,Arapaso (Arapaco),,,
http://n2t.net/ark:/65665/sz8866dc626-86ed-4fb7-86d9-c3736e1f200e,NMAICulture_2956,Awishira (Auishiri/Auxira),,Ahuachiri,Language family info: Zaparoan,South America - Amazonia - Northwestern Amazonia - Awishira (Auishiri/Auxira),South America,Amazonia,Northwestern Amazonia,Awishira (Auishiri/Auxira),,,
http://n2t.net/ark:/65665/sz829a3fd2f-4ea2-4a5e-b35a-78fe2e7621eb,NMAICulture_841,Siusi,,Siusy-Tapuya ; Seuci ; Siuci,Language Family info:  Arawakan/Maipuran/Northern Maipuran/Inland,South America - Amazonia - Northwestern Amazonia - Baniwa - Siusi,South America,Amazonia,Northwestern Amazonia,Baniwa,Siusi,,
http://n2t.net/ark:/65665/sz8893108f4-422f-42a0-89bf-a6436a3645d1,NMAICulture_143,Baniwa,,Baniva ; Baniua do Içana ; Maniba ; Baniba ; Issana ; Dakenei,Language Family info:  Arawakan/Maipuran/Northern Maipuran/Inland,South America - Amazonia - Northwestern Amazonia - Baniwa,South America,Amazonia,Northwestern Amazonia,Baniwa,,,
http://n2t.net/ark:/65665/sz8e9e4c86e-abe4-4e3e-9510-9338f98f78c6,NMAICulture_146,Bora,,Boro,Language Family info:  Witotoan/Boran,South America - Amazonia - Northwestern Amazonia - Bora,South America,Amazonia,Northwestern Amazonia,Bora,,,
http://n2t.net/ark:/65665/sz8fef60bbf-35da-4491-b43b-01909f9a1281,NMAICulture_3090,Cacua,,Báda ; Cakua ; Kakua ; Kákwa ; Macu de Cubeo ; Macu de Desano ; Macu de Guanano ; Macú-Paraná ; Wacara,Language Family info:   Puinavean/Cacua,South America - Amazonia - Northwestern Amazonia - Cacua,South America,Amazonia,Northwestern Amazonia,Cacua,,,
http://n2t.net/ark:/65665/sz8486e5261-c7e3-49ff-a90a-f0ffccb99bb8,NMAICulture_154,Candoshi-Shapra (Chapras),,Candoxi ; Chapara ; Kandoashi ; Kandoshi  Murato ; Shapra; Murato,Language Family info:  Language Isolate,South America - Amazonia - Northwestern Amazonia - Candoshi-Shapra (Chapras),South America,Amazonia,Northwestern Amazonia,Candoshi-Shapra (Chapras),,,
http://n2t.net/ark:/65665/sz841a45f1f-56c7-4e18-908d-e074f51952c1,NMAICulture_157,Carútana (Arara),,Ararra ; Karutana ; Arara do Amazonas; Carutana; Karutana ; Arara do Amazonas,Language Family info:  Arawakan/Maipuran/Northern Maipuran/Inland,South America - Amazonia - Northwestern Amazonia - Carútana (Arara),South America,Amazonia,Northwestern Amazonia,Carútana (Arara),,,
http://n2t.net/ark:/65665/sz83e1d93e9-5ddb-4745-a1da-23f1b1d87021,NMAICulture_167,Chayahuita (Chaywita),,Chayawita ; Chawi ; Tshaahui ; Chayhuita ; Chayabita ; Shayabit ; Balsapuertino ; Paranapura ; Cahuapa,Language Family info:  Cahuapanan,South America - Amazonia - Northwestern Amazonia - Chayahuita (Chaywita),South America,Amazonia,Northwestern Amazonia,Chayahuita (Chaywita),,,
http://n2t.net/ark:/65665/sz8c0f947f4-962e-4841-bf39-92fe6939a640,NMAICulture_191,Cocama,,Kokama,Language Family info:  Tupi/Tupi-Guarani/Subgroup III,South America - Amazonia - Northwestern Amazonia - Cocama,South America,Amazonia,Northwestern Amazonia,Cocama,,,
http://n2t.net/ark:/65665/sz8ab9baa7f-a194-4fdd-8721-1ed4dd1964bf,NMAICulture_194,Cofán (Cofan),,Kofán; A'i; Kofane; A'ingae,Language Family info:  Chibchan/Cofan,South America - Amazonia - Northwestern Amazonia - Cofán (Cofan),South America,Amazonia,Northwestern Amazonia,Cofán (Cofan),,,
http://n2t.net/ark:/65665/sz81d138088-f71f-4efe-b849-6ef48017f3c0,NMAICulture_207,Cubeo (Kobeua),,Cuveo; Kubwa; Kobewa; Pamiwa; Hehenawa,Language Family info:  Tucanoan/Central Tucanoan,South America - Amazonia - Northwestern Amazonia - Cubeo (Kobeua),South America,Amazonia,Northwestern Amazonia,Cubeo (Kobeua),,,
http://n2t.net/ark:/65665/sz8fb78d9ac-4e1b-43d1-9c80-2cb33d262812,NMAICulture_2951,Desâna,,Desano ; Boleka ; Dessano ; Kusibi ; Oregu ; Uina ; Wina ; Wirã,Language Family info:  Tucanoan/Eastern Tucanoan,South America - Amazonia - Northwestern Amazonia - Desâna,South America,Amazonia,Northwestern Amazonia,Desâna,,,
http://n2t.net/ark:/65665/sz8bfa0bfef-6f47-4292-bd87-2d16d3f08669,NMAICulture_2917,Eastern Tukanoan (Tucanoan),,,Language Family info:  Tucanoan/Eastern Tucanoan/Northern,South America - Amazonia - Northwestern Amazonia - Eastern Tukanoan (Tucanoan),South America,Amazonia,Northwestern Amazonia,Eastern Tukanoan (Tucanoan),,,
http://n2t.net/ark:/65665/sz8691f123a-cffd-4817-8d86-235db78fbbe5,NMAICulture_265,Kachá  (Shimaco),,Urarina; Shimacu; Simacu; Itucali; Shimacos,Language Family info:  language isolate,South America - Amazonia - Northwestern Amazonia - Kachá  (Shimaco),South America,Amazonia,Northwestern Amazonia,Kachá  (Shimaco),,,
http://n2t.net/ark:/65665/sz8b0b479fb-d143-4caf-8044-d884f67759d1,NMAICulture_271,Kamsá (Sebondoy),,Sebondois; Camsá; Kamsa; Coche; Kamemtxa; Kamse; Camëntsëá; Sibundoy,Language Family info:  language isolate,South America - Amazonia - Northwestern Amazonia - Kamsá (Sebondoy),South America,Amazonia,Northwestern Amazonia,Kamsá (Sebondoy),,,
http://n2t.net/ark:/65665/sz80b944833-c84e-4818-b202-079bb01b0fb7,NMAICulture_566,Canelos Kichua,,Canelos; Canelos Quichua,Language Family info:  Quechuan/Quechua II/B,South America - Amazonia - Northwestern Amazonia - Kichua (Quichua) - Canelos Kichua,South America,Amazonia,Northwestern Amazonia,Kichua (Quichua),Canelos Kichua,,
http://n2t.net/ark:/65665/sz8098a5b05-d6a5-471c-896f-152dccd55443,NMAICulture_2870,Napo Runa (Napo Kichua),,Ingano ; Lowland Napo Quichua ; Napo Quichua ; Runa Shimi; Yumbo; Napo or Indians Near Rio Napo,,South America - Amazonia - Northwestern Amazonia - Kichua (Quichua) - Napo Runa (Napo Kichua),South America,Amazonia,Northwestern Amazonia,Kichua (Quichua),Napo Runa (Napo Kichua),,
http://n2t.net/ark:/65665/sz876890067-e41a-410e-9692-daafdd8e6d13,NMAICulture_826,Sarayacu Kichua,,Sarai Yacu; Northern Pastaza Quichua; Sarai-yacu,Language Family info:  Quechuan/Quechua II/B,South America - Amazonia - Northwestern Amazonia - Kichua (Quichua) - Sarayacu Kichua,South America,Amazonia,Northwestern Amazonia,Kichua (Quichua),Sarayacu Kichua,,
http://n2t.net/ark:/65665/sz85f92dc70-f692-4663-93f2-072d2e393d58,NMAICulture_278,Kichua (Quichua),Kichua is preferred term for Quechua people of Ecuador,Quichas; Quicha,Language Family info:  Quechuan/Quechua II/B,South America - Amazonia - Northwestern Amazonia - Kichua (Quichua),South America,Amazonia,Northwestern Amazonia,Kichua (Quichua),,,
http://n2t.net/ark:/65665/sz8b0785c86-8827-495b-aea2-f064fe5e1778,NMAICulture_296,Macaguaje (Majaguaje),,,Language Family info:  Tucanoan/Western Tucanoan/Northern/Siona-Secoya,South America - Amazonia - Northwestern Amazonia - Macaguaje (Majaguaje),South America,Amazonia,Northwestern Amazonia,Macaguaje (Majaguaje),,,
http://n2t.net/ark:/65665/sz87155d216-39c9-45cf-877e-1160a9a79b02,NMAICulture_304,Maku (Macu),"Maku is a language family, not a tribe, and object should be more specifically identifed where possible",Maku Yuhupde; Maku Hupdá; Maku Nadeb; Maku Dow; Maku Cacua,Language Family info:  Maku,South America - Amazonia - Northwestern Amazonia - Maku (Macu),South America,Amazonia,Northwestern Amazonia,Maku (Macu),,,
http://n2t.net/ark:/65665/sz83b13afb6-faa4-4bd9-90bc-b202d3fafa48,NMAICulture_305,Makuna (Buhagana),,Macuna ; Baigana ; Wuhána ; Jepa-Matsi ; Yepá-Mahsá ; Yehpá Majsá ; Yepá Maxsã ; Yebamasã ; Paneroa,Language Family info:  Tucanoan/Eastern Tucanoan/Central/Southern,South America - Amazonia - Northwestern Amazonia - Makuna (Buhagana),South America,Amazonia,Northwestern Amazonia,Makuna (Buhagana),,,
http://n2t.net/ark:/65665/sz83ff8260a-7b9d-4b57-aace-51d18d52e98d,NMAICulture_554,Barbudo (Barbudos),,Matsés,Language Family info:  Panoan/Northern,South America - Amazonia - Northwestern Amazonia - Mayoruna (Maxuruna) - Barbudo (Barbudos),South America,Amazonia,Northwestern Amazonia,Mayoruna (Maxuruna),Barbudo (Barbudos),,
http://n2t.net/ark:/65665/sz8b289136f-890f-4bc0-b740-0b980872d443,NMAICulture_315,Mayoruna (Maxuruna),,Majuruna ; Mayiruna ; Maxirona ; Magirona ; Mayuzuna ; Matsés ; Matsé ; Muyuruna,Language Family info:  Panoan/Northern,South America - Amazonia - Northwestern Amazonia - Mayoruna (Maxuruna),South America,Amazonia,Northwestern Amazonia,Mayoruna (Maxuruna),,,
http://n2t.net/ark:/65665/sz8b4709cab-2dbe-4b5c-9a8c-ebea88c7b86e,NMAICulture_325,Miriti,,Miriti-Tapuia ; Miriti Tapuyo ; Neenoá,Language Family info:  Tucanoan/Miriti,South America - Amazonia - Northwestern Amazonia - Miriti,South America,Amazonia,Northwestern Amazonia,Miriti,,,
http://n2t.net/ark:/65665/sz8f72d6d87-0e8f-4522-8047-62224ca9dc6f,NMAICulture_3121,Nukak (Nukak Makú/Nucak),,,Language Family info: Puinavean/Cacua/Nukak,South America - Amazonia - Northwestern Amazonia - Nukak (Nukak Makú/Nucak),South America,Amazonia,Northwestern Amazonia,Nukak (Nukak Makú/Nucak),,,
http://n2t.net/ark:/65665/sz8a6ee33d9-121f-43d1-b446-fe3ce2d4ba7c,NMAICulture_362,Ocaina,,Okaina,Language Family info:  Witotoan/Witoto/Ocaina,South America - Amazonia - Northwestern Amazonia - Ocaina,South America,Amazonia,Northwestern Amazonia,Ocaina,,,
http://n2t.net/ark:/65665/sz8fbceedf3-e31d-437a-b2a0-290eb74d00fc,NMAICulture_366,Omagua (Umanas),"Omagua seems to be correct term for earlier term Umana, however, nearby Carijona have Umaua as an alternate name",Umana ; Canga-Peba ; Agua ; Janbeba ; Compev ; Omagua-Yete ; Ariana ; Pariana ; Anapia ; Macanipa ; Yhuata ; Umaua ; Cambeba ; Campeba ; Cambela,Language Family info:  Tupi/Tupi-Guarani/Subgroup III,South America - Amazonia - Northwestern Amazonia - Omagua (Umanas),South America,Amazonia,Northwestern Amazonia,Omagua (Umanas),,,
http://n2t.net/ark:/65665/sz8a86c8719-9e2e-4bab-9699-dc98ea5a0b7b,NMAICulture_370,Orejón (Orejon),,Orejones ; Coto ; Koto ; Payagua ; Mai Ja ; Orechon ; Tutapi,Language Family info:  Tucanoan/Western Tucanoan/Southern,South America - Amazonia - Northwestern Amazonia - Orejón (Orejon),South America,Amazonia,Northwestern Amazonia,Orejón (Orejon),,,
http://n2t.net/ark:/65665/sz856e79a9c-ca53-45d7-91a0-e19b89c49b97,NMAICulture_399,Putamayo,"Questionable term: Putumayo/Içá River, Brazil (probably Amazonas State); unclear what group this is.",,,South America - Amazonia - Northwestern Amazonia - Putamayo,South America,Amazonia,Northwestern Amazonia,Putamayo,,,
http://n2t.net/ark:/65665/sz80a7cc23f-601c-4642-b74e-0e11c9b56500,NMAICulture_2879,Secoya,,Angotero ; Encabellao,Language Family info:  Tucanoan/Western Tucanoan/Northern/Siona-Secoya,South America - Amazonia - Northwestern Amazonia - Secoya,South America,Amazonia,Northwestern Amazonia,Secoya,,,
http://n2t.net/ark:/65665/sz838b2e205-9bfe-4e52-9b33-3aaeaf888e83,NMAICulture_533,Achuar,,Achuar; Achual;  Achuara; Achuale;; Maina ; Mainas,Language Family info:  Jivaroan,South America - Amazonia - Northwestern Amazonia - Shuar/Achuar - Achuar,South America,Amazonia,Northwestern Amazonia,Shuar/Achuar,Achuar,,
http://n2t.net/ark:/65665/sz864502508-003a-4bfb-9039-899c01bc9b54,NMAICulture_1916,Shuar [Palora],Palora is a placename within Achuar/Shuar area: presumed to be a community.,,Language Family info:  Jivaroan,South America - Amazonia - Northwestern Amazonia - Shuar/Achuar - Shuar - Shuar [Palora],South America,Amazonia,Northwestern Amazonia,Shuar/Achuar,Shuar,Shuar [Palora],
http://n2t.net/ark:/65665/sz8eaffcc2b-905f-4176-8f74-2998faa2ad9a,NMAICulture_1198,Shuar [Yuquianza],,,Language Family info:  Jivaroan,South America - Amazonia - Northwestern Amazonia - Shuar/Achuar - Shuar - Shuar [Yuquianza],South America,Amazonia,Northwestern Amazonia,Shuar/Achuar,Shuar,Shuar [Yuquianza],
http://n2t.net/ark:/65665/sz822e40edf-7050-4cff-b973-9811ac64d6c5,NMAICulture_835,Shuar,,Shiwiar ; Xivaro ; Chiwaro ; Shuara,Language Family info:  Jivaroan,South America - Amazonia - Northwestern Amazonia - Shuar/Achuar - Shuar,South America,Amazonia,Northwestern Amazonia,Shuar/Achuar,Shuar,,
http://n2t.net/ark:/65665/sz843dc6349-66e3-41b9-b2e5-d439f33c936c,NMAICulture_428,Shuar/Achuar,,Jivaro;  Jibaro; Jibaro;,Language Family info:  Jivaroan,South America - Amazonia - Northwestern Amazonia - Shuar/Achuar,South America,Amazonia,Northwestern Amazonia,Shuar/Achuar,,,
http://n2t.net/ark:/65665/sz87fc5be3e-12ef-4f90-90e4-023ee75c0ee6,NMAICulture_431,Siona (Sioni),,Pioje ; Pioche-Sioni,Language Family info:  Tucanoan/Western Tucanoan/Northern/Siona-Secoya,South America - Amazonia - Northwestern Amazonia - Siona (Sioni),South America,Amazonia,Northwestern Amazonia,Siona (Sioni),,,
http://n2t.net/ark:/65665/sz859afe5be-bca0-4aa4-9f79-adf22ab4dc75,NMAICulture_855,Ssabella Indians,,,Language Family info:  Quechuan/Quechua II/B,Ssabela | Sabela | Huaorani | Wao,South America,Amazonia,Northwestern Amazonia,Ssabella Indians | Ssabela | Sabela | Huaorani | Wao,,,
http://n2t.net/ark:/65665/sz8ffeeb7d8-0f25-4a52-a16c-9701dce80a0d,NMAICulture_445,Tariano (Tariana),,Tariano ; Taliaseri ; Tarîna ; Taliáseri,Language Family info:  Arawakan/Maipuran/Northern Maipuran/Inland,South America - Amazonia - Northwestern Amazonia - Tariano (Tariana),South America,Amazonia,Northwestern Amazonia,Tariano (Tariana),,,
http://n2t.net/ark:/65665/sz88b8f3d35-b579-4997-a6dd-e21f92e0e6cc,NMAICulture_466,Tukano (Tucano),"Some Tukano objects could be mixed with similar names: Ticuna, Tukana, etc., but Tukano is Rio Vaupes/Uapes, Rio Negro, and adjacent parts of Colombia",Tukána ; Takuna ; Daxsea ; Tukana ; Tukano do Rio Negro,Language Family info:  Tucanoan/Eastern Tucanoan/Northern,South America - Amazonia - Northwestern Amazonia - Tukano (Tucano),South America,Amazonia,Northwestern Amazonia,Tukano (Tucano),,,
http://n2t.net/ark:/65665/sz8a0d1651e-f04a-4efb-b822-2d34e913eadc,NMAICulture_467,Tunatin,Problematic term: cannot connect with any known group,,,South America - Amazonia - Northwestern Amazonia - Tunatin,South America,Amazonia,Northwestern Amazonia,Tunatin,,,
http://n2t.net/ark:/65665/sz88ad26b97-5f06-4ac1-a321-df387fa943fd,NMAICulture_483,Waikino (Vaikino),,Pira-Tapuya ; Piratapuyo ; Uaikena ; Uaicana ; Waikhara ; Waina ; Uaiana ; Uainana,Language Family info:  Tucanoan/Eastern Tucanoan/Northern,South America - Amazonia - Northwestern Amazonia - Waikino (Vaikino),South America,Amazonia,Northwestern Amazonia,Waikino (Vaikino),,,
http://n2t.net/ark:/65665/sz88a752412-ab78-47c4-b588-d5214771c863,NMAICulture_3091,Waimajã,,Bará; Barasano ; Bará-Tuyuka ; Northern Barasano ; Waimaja ; Waimaha,Language family info: Tucanoan/ Eastern Tucanoan/ Bará-Tuyuka/ Waimajã,South America - Amazonia - Northwestern Amazonia - Waimajã,South America,Amazonia,Northwestern Amazonia,Waimajã,,,
http://n2t.net/ark:/65665/sz87e8e5cc0-40a9-4128-a939-b42cb9ca0f09,NMAICulture_487,Wanano (Unana/Vanana),,Wanâna ; Uanana ; Anana ; Kótedia ; Kótirya,Language Family info:  Tucanoan/Eastern Tucanoan/Northern,South America - Amazonia - Northwestern Amazonia - Wanano (Unana/Vanana),South America,Amazonia,Northwestern Amazonia,Wanano (Unana/Vanana),,,
http://n2t.net/ark:/65665/sz8841fbc2f-833b-4e1d-8d6d-bb00f9149987,NMAICulture_3025,Waorani,,Ssabella Indians ; Ssabela ; Sabela ; Huaorani ; Wao,,South America - Amazonia - Northwestern Amazonia - Waorani,South America,Amazonia,Northwestern Amazonia,Waorani,,,
http://n2t.net/ark:/65665/sz8f6370134-57b1-428f-8907-546127d5f981,NMAICulture_738,Murui Witoto,,Bue ; Ereyau,Language Family info:  Witotoan/Witoto/Witoto Proper/Minica-Murui,South America - Amazonia - Northwestern Amazonia - Witoto - Murui Witoto,South America,Amazonia,Northwestern Amazonia,Witoto,Murui Witoto,,
http://n2t.net/ark:/65665/sz8e74b23e4-a7ab-48fc-9ec6-dd746bf0f817,NMAICulture_502,Witoto,,Uitoto I Huitoto ; Huitotos,Language Family info:  Witotoan/Witoto/Witoto Proper,South America - Amazonia - Northwestern Amazonia - Witoto,South America,Amazonia,Northwestern Amazonia,Witoto,,,
http://n2t.net/ark:/65665/sz8e718fc00-9d8e-4d56-9cc0-8508f41bb4b1,NMAICulture_508,Yagua (Yahua),,Nijyamïï Nikyejaada ; Llagua ; Yava ; Yegua; Yahna; Yaguas,Language Family info:  Peba-Yaguan,South America - Amazonia - Northwestern Amazonia - Yagua (Yahua),South America,Amazonia,Northwestern Amazonia,Yagua (Yahua),,,
http://n2t.net/ark:/65665/sz8397c6f45-6267-471c-9ae2-3770703ab5c0,NMAICulture_526,Záparo (Zaparo),,Zaparos ; Zápara ; Kayapwe,Language Family info:  Zaparoan,South America - Amazonia - Northwestern Amazonia - Záparo (Zaparo),South America,Amazonia,Northwestern Amazonia,Záparo (Zaparo),,,
http://n2t.net/ark:/65665/sz8483a7935-bc4d-44f7-a765-7ca67e8b26dc,NMAICulture_87,Northwestern Amazonia,,,,South America - Amazonia - Northwestern Amazonia,South America,Amazonia,Northwestern Amazonia,,,,
http://n2t.net/ark:/65665/sz894a1f80e-7fa4-4cef-8cb4-f86b1433933a,NMAICulture_3076,Apurinã,,Ipurinãn; Kangite ; Popengare ;Apurima,Language Family info:  Arawakan/Maipuran/Southern Maipuran/Piro,South America - Amazonia - Southern Amazonia - Apurinã,South America,Amazonia,Southern Amazonia,Apurinã,,,
http://n2t.net/ark:/65665/sz82eacaa9a-c6ba-4ebe-b691-9ce4ba3affaa,NMAICulture_136,Assuriní do Tocantins (Tocantin),"This is assumed to be Assuriní do Tocantins: catalogue information includes Tocantin and some sources name Tucantin (Toucan Nose) as a group on the Tocantins River, apparently at its mouth.",Tucantin ; Tocantintin,Language Family info:  Tupi/Tupi-Guarani/Subgroup IV,South America - Amazonia - Southern Amazonia - Assuriní do Tocantins (Tocantin),South America,Amazonia,Southern Amazonia,Assuriní do Tocantins (Tocantin),,,
http://n2t.net/ark:/65665/sz87f69a997-8891-4e3d-8a1b-c3e5b540a4d9,NMAICulture_139,Awetí (Aueto),,Awetö ; Aueti ; Auiti ; Arauite ; Arauine,Language Family info:  Tupi/Aweti,South America - Amazonia - Southern Amazonia - Awetí (Aueto),South America,Amazonia,Southern Amazonia,Awetí (Aueto),,,
http://n2t.net/ark:/65665/sz8bf3fbf3c-7849-411c-9eb1-6cd1865c5b86,NMAICulture_142,Bakairí (Bakairi),,Bacairí ; Kurâ ; Bakairis,Language Family info:  Carib/Southern/Xingu Basin,South America - Amazonia - Southern Amazonia - Bakairí (Bakairi),South America,Amazonia,Southern Amazonia,Bakairí (Bakairi),,,
http://n2t.net/ark:/65665/sz8e7499f9b-14fc-4b1b-9ea7-430aaf2afc87,NMAICulture_3098,Cavineña (Kavinenya),,,Language family info: Tacanan,South America - Amazonia - Southern Amazonia - Cavineña (Kavinenya),South America,Amazonia,Southern Amazonia,Cavineña (Kavinenya),,,
http://n2t.net/ark:/65665/sz8cbe2323d-cd34-481a-be28-aec5d92b56dc,NMAICulture_164,Chácobo (Chacobo),,Chacobos,Language Family info:  Panoan/Southern,South America - Amazonia - Southern Amazonia - Chácobo (Chacobo),South America,Amazonia,Southern Amazonia,Chácobo (Chacobo),,,
http://n2t.net/ark:/65665/sz85fb2540a-15af-4eee-bc06-5dec811144b9,NMAICulture_178,Chiquitano (Chiquito),,Chiquitos ; Tarapecosi,Language Family info:  Macro-Ge/Chiquito,South America - Amazonia - Southern Amazonia - Chiquitano (Chiquito),South America,Amazonia,Southern Amazonia,Chiquitano (Chiquito),,,
http://n2t.net/ark:/65665/sz89f69282a-3b59-4688-b3b9-ceb76c8a4eab,NMAICulture_530,Zoró (Zoro),,Zorú ; Panginey ; Cabeça Seca,Language Family info:  Tupi/Monde,South America - Amazonia - Southern Amazonia - Gavião of Rondônia - Zoró (Zoro),South America,Amazonia,Southern Amazonia,Gavião of Rondônia,Zoró (Zoro),,
http://n2t.net/ark:/65665/sz85f373274-eced-4eef-b4d6-eee6ecce35c4,NMAICulture_222,Gavião of Rondônia,,Gavião do Jiparaná ; Digüt ; Ikõro,Language Family info:  Tupi/Monde,South America - Amazonia - Southern Amazonia - Gavião of Rondônia,South America,Amazonia,Southern Amazonia,Gavião of Rondônia,,,
http://n2t.net/ark:/65665/sz8061767c4-d868-47a1-b822-fb4e76f59177,NMAICulture_228,Guarayu,,Guarayo ; Guarayos,Language Family info:  Tupi/Tupi-Guarani/Subgroup II,South America - Amazonia - Southern Amazonia - Guarayu,South America,Amazonia,Southern Amazonia,Guarayu,,,
http://n2t.net/ark:/65665/sz8427de24b-339b-4181-9c27-2ab69fe5068e,NMAICulture_248,Ikpeng (Xicao),,Txikão; Txikân; Chicao; Tunuli; Tonore; Txicão,Language Family info:  Carib/Northern/Northern Brazil,South America - Amazonia - Southern Amazonia - Ikpeng (Xicao),South America,Amazonia,Southern Amazonia,Ikpeng (Xicao),,,
http://n2t.net/ark:/65665/sz8708faaf0-b82a-4acb-ac68-d466d4617466,NMAICulture_250,Ind. Nr. Serra Do Norte,This probably correlates with Campo Novo da Serra do Norte and the proper cultural term may be Parecís,,,South America - Amazonia - Southern Amazonia - Ind. Nr. Serra Do Norte,South America,Amazonia,Southern Amazonia,Ind. Nr. Serra Do Norte,,,
http://n2t.net/ark:/65665/sz8c1396a7e-1ac2-4da9-bc48-e02108156148,NMAICulture_257,Irántxe (Iranche),,Uaura; Aura; Iranxe; Münkü,Language Family info:  Arawakan/Maipuran/Southern Maipuran/Unclassified,South America - Amazonia - Southern Amazonia - Irántxe (Iranche),South America,Amazonia,Southern Amazonia,Irántxe (Iranche),,,
http://n2t.net/ark:/65665/sz852ac740c-10fd-4fe4-b121-b6ffe211e423,NMAICulture_263,Jurúna (Yaruna/Juruna),"Jurúna (Yaruna/Juruna) is Xingu Park, Mato Grosso state, Brazil",Yuruna ; Jurúna ; Yurúna ; Iuruna ; Jaruna ; Yudya ; Yudjá,Language Family info:  Tupi/Yuruna,South America - Amazonia - Southern Amazonia - Jurúna (Yaruna/Juruna),South America,Amazonia,Southern Amazonia,Jurúna (Yaruna/Juruna),,,
http://n2t.net/ark:/65665/sz89c6a1a78-d34f-4694-8ab8-4d215c79d49e,NMAICulture_2974,Kabixí (Cabichí/Cabishi),,,Language Family info:  Chapacura-Wanham/Guapore,South America - Amazonia - Southern Amazonia - Kabixí (Cabichí/Cabishi),South America,Amazonia,Southern Amazonia,Kabixí (Cabichí/Cabishi),,,
http://n2t.net/ark:/65665/sz8ebd1e4e0-71dc-4892-8953-63e54163ad3a,NMAICulture_543,Apalakiri (Apalakire),,Apalaquiri,Language Family info:  Carib/Southern/Xingu Basin,South America - Amazonia - Southern Amazonia - Kalapálo (Kalapalo) - Apalakiri (Apalakire),South America,Amazonia,Southern Amazonia,Kalapálo (Kalapalo),Apalakiri (Apalakire),,
http://n2t.net/ark:/65665/sz895fedaa3-b808-4f09-98f2-88a9c7d08c1c,NMAICulture_268,Kalapálo (Kalapalo),,,Language Family info:  Carib/Southern/Xingu Basin,South America - Amazonia - Southern Amazonia - Kalapálo (Kalapalo),South America,Amazonia,Southern Amazonia,Kalapálo (Kalapalo),,,
http://n2t.net/ark:/65665/sz80982e42d-2edf-43e4-9bc2-03d62cfcfcd7,NMAICulture_269,Kamayurá (Camayura),,Kamayura ; Kamaiurá ; Camaiura ; Kamayirá,Language Family info: Tupi/Tupi-Guarani/Subgroup VII,South America - Amazonia - Southern Amazonia - Kamayurá (Camayura),South America,Amazonia,Southern Amazonia,Kamayurá (Camayura),,,
http://n2t.net/ark:/65665/sz8392c9752-c9fa-4730-b1d4-1d2396ac3b48,NMAICulture_273,Karipuná (Caripuna),,Karipuná do Guaporé; Jau-Navo; Juanauo; Karipuná de Rondônia; Kagwahiva,Language Family info:  Tupi/Tupi-Guarani/Subgroup VI,South America - Amazonia - Southern Amazonia - Karipuná (Caripuna),South America,Amazonia,Southern Amazonia,Karipuná (Caripuna),,,
http://n2t.net/ark:/65665/sz86c266da4-4c1e-4a8b-be9e-cf1f889a250c,NMAICulture_2838,Karitiâna (Caritiana),,,,South America - Amazonia - Southern Amazonia - Karitiâna (Caritiana),South America,Amazonia,Southern Amazonia,Karitiâna (Caritiana),,,
http://n2t.net/ark:/65665/sz822e01080-dd19-43ef-89c9-44b044bd1a6a,NMAICulture_285,Kuikúro (Kuikuro),,Guicurú; Kurkuro; Cuicutl,Language Family info:  Carib/Southern/Xingu Basin,South America - Amazonia - Southern Amazonia - Kuikúro (Kuikuro),South America,Amazonia,Southern Amazonia,Kuikúro (Kuikuro),,,
http://n2t.net/ark:/65665/sz80724ec50-fac3-4532-94b0-da0cabce8dbc,NMAICulture_318,Mehináku (Mehinacu),,Mehinaku; Mehinaco; Mahinaku; Minaco,Language Family info:  Arawakan/Maipuran/Central Maipuran,South America - Amazonia - Southern Amazonia - Mehináku (Mehinacu),South America,Amazonia,Southern Amazonia,Mehináku (Mehinacu),,,
http://n2t.net/ark:/65665/sz897a07aea-330c-4970-9c4b-cdae3583c520,NMAICulture_337,Moxo (Mojo),,Ignaciano; Moxos; Mojos,Language Family info:  Arawakan/Maipuran/Southern Maipuran/Bolivia-Parana,South America - Amazonia - Southern Amazonia - Moxo (Mojo),South America,Amazonia,Southern Amazonia,Moxo (Mojo),,,
http://n2t.net/ark:/65665/sz8e65764b5-cf55-46b0-8628-232b0a09f92d,NMAICulture_340,Nahukuá (Nahuqua),,Matipuhy; Matipu; Mariape-Nahuqua; Nahukwa; Nafuquá,Language Family info:  Carib/Southern/Xingu Basin,South America - Amazonia - Southern Amazonia - Nahukuá (Nahuqua),South America,Amazonia,Southern Amazonia,Nahukuá (Nahuqua),,,
http://n2t.net/ark:/65665/sz8f7cc3596-c978-4b6e-9b91-d6eb6ccd12b7,NMAICulture_874,Tawandê (Tognanis),,Taxmainite; Tawanxte; Taxmainite; Taxwensite,Language Family info:  Nambiquaran,South America - Amazonia - Southern Amazonia - Nambikuára (Nambicuara) - Tawandê (Tognanis),South America,Amazonia,Southern Amazonia,Nambikuára (Nambicuara),Tawandê (Tognanis),,
http://n2t.net/ark:/65665/sz8280f0433-9d34-47ec-b688-c70375cdc997,NMAICulture_343,Nambikuára (Nambicuara),,Nambiquara;Nambikwara; Nahambaquaras; Nambhaquara; Nhambi Kuaras; Nhambiquaras; Nhambi Kuara; Nhambiquara,Language Family info:  Nambiquaran,South America - Amazonia - Southern Amazonia - Nambikuára (Nambicuara),South America,Amazonia,Southern Amazonia,Nambikuára (Nambicuara),,,
http://n2t.net/ark:/65665/sz8049693f7-39ed-4b0b-89a3-4c17b8b461d4,NMAICulture_374,Pacahuara (Pacaguara),,Pacaguaras; Pacawara,Language Family info:  Panoan/Southern,South America - Amazonia - Southern Amazonia - Pacahuara (Pacaguara),South America,Amazonia,Southern Amazonia,Pacahuara (Pacaguara),,,
http://n2t.net/ark:/65665/sz892ca4a05-014c-4e52-bc64-cc9d93f693db,NMAICulture_1920,Pacajá (Pacaja),A Kayapo vilage name but also considered its own tribe on  lower Tocantins River,,Language Family info:  Macro-Ge/Ge-Kaingang/Ge/Northwest/Kayapo,South America - Amazonia - Southern Amazonia - Pacajá (Pacaja),South America,Amazonia,Southern Amazonia,Pacajá (Pacaja),,,
http://n2t.net/ark:/65665/sz87f2bdf7e-52a6-4946-9993-7ea815a92a4c,NMAICulture_377,Parecís (Paressi),,Paresí; Haliti; Pareceis; Parecis,Language Family info:  Arawakan/Maipuran/Central Maipuran,South America - Amazonia - Southern Amazonia - Parecís (Paressi),South America,Amazonia,Southern Amazonia,Parecís (Paressi),,,
http://n2t.net/ark:/65665/sz84ee166b0-4190-4350-98fc-1a02d616d3ed,NMAICulture_414,Rikbaktsa (Erikbaksa),,Erigpaktsa; Aripaktsa; Erikbatsa; Erikpatsa; Erigpatsa; Canoeiros; Canoeiro,Language Family info:  Macro-Ge/Rikbaktsa,South America - Amazonia - Southern Amazonia - Rikbaktsa (Erikbaksa),South America,Amazonia,Southern Amazonia,Rikbaktsa (Erikbaksa),,,
http://n2t.net/ark:/65665/sz85be2419d-0a19-4d7f-aa92-3206b2694ebd,NMAICulture_419,Sateré-Mawé (Maue),,Sataré-Maué ; Satere Maue ; Maué ; Mawé ; Mabue ; Maragua ; Sataré ; Andira ; Arapium ; Mauhes ; Maues,Language Family info:  Tupi/Mawe-Satere,South America - Amazonia - Southern Amazonia - Sateré-Mawé (Maue),South America,Amazonia,Southern Amazonia,Sateré-Mawé (Maue),,,
http://n2t.net/ark:/65665/sz8bea6c652-b8e5-4703-9455-a3130e74d808,NMAICulture_2978,Sirionó,,,Language Family info:  Tupi/Tupi-Guarani/Subgroup II,South America - Amazonia - Southern Amazonia - Sirionó,South America,Amazonia,Southern Amazonia,Sirionó,,,
http://n2t.net/ark:/65665/sz8e451c59d-667c-4d4d-a6f2-a501c497dc43,NMAICulture_2607,Tacana,,,Language Family info: Tacanan/Araona-Tacana/Cavinena-Tacana/Tacana Proper,South America - Amazonia - Southern Amazonia - Tacana,South America,Amazonia,Southern Amazonia,Tacana,,,
http://n2t.net/ark:/65665/sz851fbf91f-70a8-4898-9bff-298c84ebb384,NMAICulture_443,Tapajó (Tapajo),Mouth of the Xingu and perhaps not on the Tapajos River,Tapajos ; Topaio ; Topaios,Language Family info:  Tupi,South America - Amazonia - Southern Amazonia - Tapajó (Tapajo),South America,Amazonia,Southern Amazonia,Tapajó (Tapajo),,,
http://n2t.net/ark:/65665/sz81c276b99-f03e-4558-81bf-fbc326ed435c,NMAICulture_444,Tapirapé (Tapirape),,Taipirape ; Tapi'irape,Language Family info:  Tupi/Tupi-Guarani/Subgroup IV,South America - Amazonia - Southern Amazonia - Tapirapé (Tapirape),South America,Amazonia,Southern Amazonia,Tapirapé (Tapirape),,,
http://n2t.net/ark:/65665/sz85ac6fe5d-066f-4b58-9b41-3aea6f89059a,NMAICulture_2074,Parintintín (Parintintin),,Paratintin ; Parentintin ; Parintintin ; Parintintín,Language Family info:  Tupi/Tupi-Guarani/Subgroup VI,South America - Amazonia - Southern Amazonia - Tenharim - Parintintín (Parintintin),South America,Amazonia,Southern Amazonia,Tenharim,Parintintín (Parintintin),,
http://n2t.net/ark:/65665/sz88e028110-ac87-49f0-a040-fd51b8be7ab8,NMAICulture_447,Tenharim,,Tenharem ; Tenharin ; Kagwahiva ; Kagwahiv ; Kawaib,Language Family info:  Tupi/Tupi-Guarani/Subgroup VI,South America - Amazonia - Southern Amazonia - Tenharim,South America,Amazonia,Southern Amazonia,Tenharim,,,
http://n2t.net/ark:/65665/sz8b12bf3d5-7065-437b-bf8b-bb48d903a204,NMAICulture_461,Tsimané (Pano),"Some catalogue card information says Chano and Chime, similar to Tsimané/Chimane/Chimané, which matches the objects' provenience.  of Bolivia (Beni).  However, some objects called Pano may be from other Pano language family speakers rather than Tsimané.",Chano ; Chime ; Chimane ; Chimané,Language Family info:  language isolate,South America - Amazonia - Southern Amazonia - Tsimané (Pano),South America,Amazonia,Southern Amazonia,Tsimané (Pano),,,
http://n2t.net/ark:/65665/sz85bf252ee-2208-40c9-bd00-5d195aced7c8,NMAICulture_470,Tupian,This is a generic term for diverse groups that speak Tupian languages: more specific terms should be used where possible,,Language Family info:  Tupi,South America - Amazonia - Southern Amazonia - Tupian,South America,Amazonia,Southern Amazonia,Tupian,,,
http://n2t.net/ark:/65665/sz8cbc30da8-43d1-48b1-af2f-54116576e2d6,NMAICulture_479,Uru-Eu-Wau-Wau,,Uru-Eu-Uau-Uau ; Eru-Eu-Wau-Wau ; Uruewawau ; Kagwahiva,Language Family info:  Tupi/Tupi-Guarani/Subgroup VI,South America - Amazonia - Southern Amazonia - Uru-Eu-Wau-Wau,South America,Amazonia,Southern Amazonia,Uru-Eu-Wau-Wau,,,
http://n2t.net/ark:/65665/sz82336f086-cbbf-4af6-a1c3-c9da21a110b0,NMAICulture_492,Wari (Pacanawa),,Pakaa Nova ; Jaru ; Uomo ; Pakaanovas ; Pacaas-Novos ; Pakaanova ; Pacahanovo ; Oro Wari,Language Family info:  Chapacura-Wanham/Madeira,South America - Amazonia - Southern Amazonia - Wari (Pacanawa),South America,Amazonia,Southern Amazonia,Wari (Pacanawa),,,
http://n2t.net/ark:/65665/sz82d20c7b0-b9be-4d86-9c51-1b7edb0c1dd8,NMAICulture_493,Wauja (Waurá),,,Language Family info:  Arawakan/Maipuran/Central Maipuran,South America - Amazonia - Southern Amazonia - Wauja (Waurá),South America,Amazonia,Southern Amazonia,Wauja (Waurá),,,
http://n2t.net/ark:/65665/sz8227ef838-8322-451a-83cf-09abd9ae9e5b,NMAICulture_504,Wuy jugu (Mundurucu),,Mundurukú ; Monjoroku ; Weidyenye ; Paiquize ; Pari ; Caras-Pretas,Language Family info:  Tupi/Munduruku,South America - Amazonia - Southern Amazonia - Wuy jugu (Mundurucu),South America,Amazonia,Southern Amazonia,Wuy jugu (Mundurucu),,,
http://n2t.net/ark:/65665/sz8a6fb6e54-5d35-4b77-afa9-b346ff5e2a76,NMAICulture_88,Southern Amazonia,,,,South America - Amazonia - Southern Amazonia,South America,Amazonia,Southern Amazonia,,,,
http://n2t.net/ark:/65665/sz8583e7055-0d3c-4bd7-aca4-57adc5800368,NMAICulture_116,Amahuaca,,Amawaka ;  Amaguaco ; Ameuhaque ; Ipitineri ; Sayaco ; Amahuaces,Language Family info:  Panoan/South-Central/Amahuaca,South America - Amazonia - Southwestern Amazonia - Amahuaca,South America,Amazonia,Southwestern Amazonia,Amahuaca,,,
http://n2t.net/ark:/65665/sz8174f3d88-0859-4bfe-8830-75808404f9ae,NMAICulture_1917,Kareneri,,,Language Family info:  Harakmbet,South America - Amazonia - Southwestern Amazonia - Amarakaeri - Kareneri,South America,Amazonia,Southwestern Amazonia,Amarakaeri,Kareneri,,
http://n2t.net/ark:/65665/sz8625e7ac9-2213-4666-be09-b9d72f24fd1c,NMAICulture_118,Amarakaeri,,Amarakaire ; Amaracaire ; Mashco,Language Family info:  Harakmbet,South America - Amazonia - Southwestern Amazonia - Amarakaeri,South America,Amazonia,Southwestern Amazonia,Amarakaeri,,,
http://n2t.net/ark:/65665/sz884c1e040-f582-46a9-afd9-774373649838,NMAICulture_119,Amazonas,"This is a generic term for diverse groups in Amazonas state, Brazil: more specific terms should be used where possible",,Language Family info:  Quechuan,South America - Amazonia - Southwestern Amazonia - Amazonas,South America,Amazonia,Southwestern Amazonia,Amazonas,,,
http://n2t.net/ark:/65665/sz8a886b76f-83c0-4c7a-8d6b-ff60ac2a9d75,NMAICulture_135,Asháninka (Campa/Chuncha),Chuncha is a pejorative term,Asháninca ; Chuncho ; Campas ; Chunchas,Language Family info:  Arawakan/Maipuran/Southern Maipuran/Pre-Andine,South America - Amazonia - Southwestern Amazonia - Asháninka (Campa/Chuncha),South America,Amazonia,Southwestern Amazonia,Asháninka (Campa/Chuncha),,,
http://n2t.net/ark:/65665/sz8990ef903-45a2-44f5-810e-54e1624eeaab,NMAICulture_522,Carabayo (Yuri),"Problematic term:  by provenience, Yuri seems to be Carabayo/Jurí in Amazonas state, but could also be  Yurimagua (Peruvian Amazon) or (Yurutí) in Amazonas state",Carabayo ; Jurí,Language Family info:  unclassified,South America - Amazonia - Southwestern Amazonia - Carabayo (Yuri),South America,Amazonia,Southwestern Amazonia,Carabayo (Yuri),,,
http://n2t.net/ark:/65665/sz87f2e55bd-c2e2-416c-a259-e07d3a7d58c9,NMAICulture_159,Cashibo,,Caxibo; Cacibo; Cachibo; Cahivo; Managua; Hagueti,Language Family info:  Panoan/Western,South America - Amazonia - Southwestern Amazonia - Cashibo,South America,Amazonia,Southwestern Amazonia,Cashibo,,,
http://n2t.net/ark:/65665/sz8066ef7c8-dcdc-474b-85c4-f2e2195aeb43,NMAICulture_160,Cashinahua (Kaxinawa),,Kaxinawá; Kaxynawa; Caxinawa; Caxinawá,Language Family info:  Panoan/Southeastern,South America - Amazonia - Southwestern Amazonia - Cashinahua (Kaxinawa),South America,Amazonia,Southwestern Amazonia,Cashinahua (Kaxinawa),,,
http://n2t.net/ark:/65665/sz80d95b6c2-4381-4f4a-b27e-6e9f65968621,NMAICulture_198,Conibo,"Conibo documented for Peru, although many NMAI objects have proveniences in Brazil.",Conibos ; Conebo ; Coniba ; Cunivo,Language Family info:  Panoan/North-Central,South America - Amazonia - Southwestern Amazonia - Conibo,South America,Amazonia,Southwestern Amazonia,Conibo,,,
http://n2t.net/ark:/65665/sz813a43726-fcc7-47f7-af1f-1c8535f9a963,NMAICulture_218,Ese Ejja (Chama),,Ese Exa ; Tiatinagua ; Huarayo,"Language Family info:  Tacanan/Tiatinagua   Chama"" on Ucayali River in Peru means Shipibo  on Tambopata and Heath and Beni rivers in Peru and Bolivia- term should be Ese Ejje""",South America - Amazonia - Southwestern Amazonia - Ese Ejja (Chama),South America,Amazonia,Southwestern Amazonia,Ese Ejja (Chama),,,
http://n2t.net/ark:/65665/sz85ee57b3c-64a8-4915-9d12-e7240bb2faa8,NMAICulture_2968,Huachipaeri (Huachipairi),,Huachipaire ; Wacipaire,Language Family info:  Harakmbet,South America - Amazonia - Southwestern Amazonia - Huachipaeri (Huachipairi),South America,Amazonia,Southwestern Amazonia,Huachipaeri (Huachipairi),,,
http://n2t.net/ark:/65665/sz803d0ae83-5363-48c4-8b9e-676980486bc4,NMAICulture_246,Ihakayo,Problematic term: catalogue card says Inhays and Tupi--does not match any know cultural term,Inhays,Language Family info:  Tupi,South America - Amazonia - Southwestern Amazonia - Ihakayo,South America,Amazonia,Southwestern Amazonia,Ihakayo,,,
http://n2t.net/ark:/65665/sz8221ede21-e767-4eec-8a49-1471f649f9da,NMAICulture_260,Iyene,Problematic term: Iyene does not match any known cultural term,,,South America - Amazonia - Southwestern Amazonia - Iyene,South America,Amazonia,Southwestern Amazonia,Iyene,,,
http://n2t.net/ark:/65665/sz80aa2b0b1-4d15-4958-9ae9-e165121cebeb,NMAICulture_208,Kulina (Culina),Culina (Kulina) is different than Kulina (caribs) in the Caribbean,Kulína; Kulina; Kulyna; Corina; Madija; Madihá,Language Family info:  Arauan,South America - Amazonia - Southwestern Amazonia - Kulina (Culina),South America,Amazonia,Southwestern Amazonia,Kulina (Culina),,,
http://n2t.net/ark:/65665/sz8f777fa21-a8cc-49da-bada-12e75260835c,NMAICulture_297,Machiguenga,,Matsiganga; Matsigenka; Mañaries,Language Family info:  Arawakan/Maipuran/Southern Maipuran/Pre-Andine,South America - Amazonia - Southwestern Amazonia - Machiguenga,South America,Amazonia,Southwestern Amazonia,Machiguenga,,,
http://n2t.net/ark:/65665/sz8de65c491-2581-46ad-b038-51b4c21bcd05,NMAICulture_311,Matís (Matis),,,Language Family info:  Panoan/Northern,South America - Amazonia - Southwestern Amazonia - Matís (Matis),South America,Amazonia,Southwestern Amazonia,Matís (Matis),,,
http://n2t.net/ark:/65665/sz8a6f55e84-4e2b-49d8-9eb7-7e2bcb00f38f,NMAICulture_314,Maxuruna,"Problematic term: Maxuruna is a syn of Mayoruna (Matsés).  However, cat card info says Mato Grosso and the Mayoruna live in Amazonas state).  Reference to Maxuruna may actually mean Makuráp (Makurápi, Macuráp, Macurapi, Massaka, Kurateg) in Rondonia and scattered elsewhere (Tupi-speakers).",Majuruna ; Mayiruna ; Maxirona ; Magirona ; Mayuzuna ; Matsés ; Matsé ; Muyuruna,Language Family info:  Panoan/Northern,South America - Amazonia - Southwestern Amazonia - Maxuruna,South America,Amazonia,Southwestern Amazonia,Maxuruna,,,
http://n2t.net/ark:/65665/sz8b289136f-890f-4bc0-b740-0b980872d443,NMAICulture_315,Mayoruna (Maxuruna),,Majuruna ; Mayiruna ; Maxirona ; Magirona ; Mayuzuna ; Matsés ; Matsé ; Muyuruna,Language Family info:  Panoan/Northern,South America - Amazonia - Southwestern Amazonia - Mayoruna (Maxuruna),South America,Amazonia,Southwestern Amazonia,Mayoruna (Maxuruna),,,
http://n2t.net/ark:/65665/sz8bdc93a5d-63ec-41a7-a8a0-dd2156ba7cf5,NMAICulture_388,Piro,,Cujareno; Cujareño; Mashco,Language Family info:  Arawakan/Maipuran/Southern Maipuran/Purus,South America - Amazonia - Southwestern Amazonia - Piro,South America,Amazonia,Southwestern Amazonia,Piro,,,
http://n2t.net/ark:/65665/sz8a0137fa5-94d2-40c9-a3f1-17e598bc3760,NMAICulture_397,Pukirieri (Puquiri),,Puquiri ;Huachipaire; Wacipaire;Mashco,Language Family info:  Harakmbet,South America - Amazonia - Southwestern Amazonia - Pukirieri (Puquiri),South America,Amazonia,Southwestern Amazonia,Pukirieri (Puquiri),,,
http://n2t.net/ark:/65665/sz88dc88331-7b9c-425f-b9d0-86044e8a5856,NMAICulture_427,Shipibo,,Chipibo; Sipibo; Chama,Language Family info:  Panoan/North-Central,South America - Amazonia - Southwestern Amazonia - Shipibo,South America,Amazonia,Southwestern Amazonia,Shipibo,,,
http://n2t.net/ark:/65665/sz8679c7e6f-c238-4999-b6c3-9981862cc57e,NMAICulture_450,Ticuna (Tucuna),"Some Tukano objects could be mixed with similar names: Ticuna, Tukana, etc., but Tukano is Rio Vaupes/Uapes, Rio Negro, and adjacent parts of Colombia.  Ticuna is more in Peru and othe rparts of Colombia.",Tacuna; Tikuna; Tukuna ; Tukúna; Magüta,Language Family info:  language isolate,South America - Amazonia - Southwestern Amazonia - Ticuna (Tucuna),South America,Amazonia,Southwestern Amazonia,Ticuna (Tucuna),,,
http://n2t.net/ark:/65665/sz8be1eb535-507c-447f-8331-3997f38683b2,NMAICulture_511,Yanesha' (Amuesha),,Amuencha ; Amuese ; Amueixa ; Amoishe ; Amagues ; Amage ; Omage ; Amajo ; Lorenzo ; Amuetamo ; Amaje ; Amuensha,Language Family info:  Arawakan/Maipuran/Western Maipuran,South America - Amazonia - Southwestern Amazonia - Yanesha' (Amuesha),South America,Amazonia,Southwestern Amazonia,Yanesha' (Amuesha),,,
http://n2t.net/ark:/65665/sz8a6322d84-abfd-4d8e-96b5-e69e41d8378e,NMAICulture_89,Southwestern Amazonia,,,,South America - Amazonia - Southwestern Amazonia,South America,Amazonia,Southwestern Amazonia,,,,
http://n2t.net/ark:/65665/sz837dfb08f-3ba1-41ea-9e71-d37270896bed,NMAICulture_26,Amazonia,,Amazonian Indians,,South America - Amazonia,South America,Amazonia,,,,,
http://n2t.net/ark:/65665/sz8fe4550bd-3476-44e3-8d3a-ea8e697500a2,NMAICulture_3418,Cajamarca (archaeological culture),,,,South America - Andes - Central  Andes - Cajamarca (archaeological culture),South America,Andes,Central  Andes,Cajamarca (archaeological culture),,,
http://n2t.net/ark:/65665/sz807c75df1-82a7-45dd-895b-cacbaf07a661,NMAICulture_2646,Casma (archaeological culture),,,,South America - Andes - Central  Andes - Casma (archaeological culture),South America,Andes,Central  Andes,Casma (archaeological culture),,,
http://n2t.net/ark:/65665/sz8b575d6ee-d42b-4106-b121-e76be95f51e1,NMAICulture_3422,Central Andes: Huaura style (archaeological culture),,,,South America - Andes - Central  Andes - Central Andes: Huaura style (archaeological culture),South America,Andes,Central  Andes,Central Andes: Huaura style (archaeological culture),,,
http://n2t.net/ark:/65665/sz8b74e0ab7-d64d-4c48-80cb-b018fd994b2b,NMAICulture_3424,Central Andes: Teatino style (archaeological culture),,,,South America - Andes - Central  Andes - Central Andes: Teatino style (archaeological culture),South America,Andes,Central  Andes,Central Andes: Teatino style (archaeological culture),,,
http://n2t.net/ark:/65665/sz8852272d1-65cc-491b-af51-13358e8daae6,NMAICulture_1818,Chacamaca,Presumed to be a community,,Language Family info:  Quechuan,South America - Andes - Central  Andes - Chacamaca,South America,Andes,Central  Andes,Chacamaca,,,
http://n2t.net/ark:/65665/sz8f43f2b27-5826-4970-9638-18eb7c686e32,NMAICulture_2642,Chancay (archaeological culture),,,,South America - Andes - Central  Andes - Chancay (archaeological culture),South America,Andes,Central  Andes,Chancay (archaeological culture),,,
http://n2t.net/ark:/65665/sz8a228d834-ccc4-4e07-8cbc-cf84625beda2,NMAICulture_2638,Chavín (archaeological culture),,,,South America - Andes - Central  Andes - Chavín (archaeological culture),South America,Andes,Central  Andes,Chavín (archaeological culture),,,
http://n2t.net/ark:/65665/sz8e43b3d13-778b-4dd3-a139-e32e80a9c8c8,NMAICulture_2617,Chimú (archaeological culture),,,,South America - Andes - Central  Andes - Chimú (archaeological culture),South America,Andes,Central  Andes,Chimú (archaeological culture),,,
http://n2t.net/ark:/65665/sz8d9d32bb6-a293-4830-8f1e-349b2d88f96d,NMAICulture_3419,Chupaychu (archaeological culture),,,,South America - Andes - Central  Andes - Chupaychu (archaeological culture),South America,Andes,Central  Andes,Chupaychu (archaeological culture),,,
http://n2t.net/ark:/65665/sz8e1645135-ea12-4b41-b753-5443a9ac6c30,NMAICulture_2645,Chuquibamba (archaeological culture),,,,South America - Andes - Central  Andes - Chuquibamba (archaeological culture),South America,Andes,Central  Andes,Chuquibamba (archaeological culture),,,
http://n2t.net/ark:/65665/sz8d3317f10-d814-4332-9342-43cf2b29347b,NMAICulture_3420,Churajón (archaeological culture),,,,South America - Andes - Central  Andes - Churajón (archaeological culture),South America,Andes,Central  Andes,Churajón (archaeological culture),,,
http://n2t.net/ark:/65665/sz856963bca-6b45-4339-9b91-ffc3085e2a22,NMAICulture_2618,Cupisnique (archaeological culture),,,,South America - Andes - Central  Andes - Cupisnique (archaeological culture),South America,Andes,Central  Andes,Cupisnique (archaeological culture),,,
http://n2t.net/ark:/65665/sz81006c837-f112-423c-a0fd-17db9c54bc55,NMAICulture_2644,Ica-Chincha (archaeological culture),,,,South America - Andes - Central  Andes - Ica-Chincha (archaeological culture),South America,Andes,Central  Andes,Ica-Chincha (archaeological culture),,,
http://n2t.net/ark:/65665/sz886253784-7c88-48e3-98af-7f7c12f6aa84,NMAICulture_1810,Colonial Inka (Inca),,,,South America - Andes - Central  Andes - Inka (Inca) (archaeological) - Colonial Inka (Inca),South America,Andes,Central  Andes,Inka (Inca) (archaeological),Colonial Inka (Inca),,
http://n2t.net/ark:/65665/sz8b5eb897e-ab78-467e-98a3-c192142a5e67,NMAICulture_2916,Lima Tradition: Maranga (archaeological culture),,,,South America - Andes - Central  Andes - Lima (archaeological culture) - Lima Tradition: Maranga (archaeological culture),South America,Andes,Central  Andes,Lima (archaeological culture),Lima Tradition: Maranga (archaeological culture),,
http://n2t.net/ark:/65665/sz8b16e1d10-8fdb-429e-b06b-e8ed577fc683,NMAICulture_2915,Lima (archaeological culture),,,,South America - Andes - Central  Andes - Lima (archaeological culture),South America,Andes,Central  Andes,Lima (archaeological culture),,,
http://n2t.net/ark:/65665/sz803132ff0-6b74-465d-9055-23c881a95d17,NMAICulture_3325,Loro (archaeological culture),,,,South America - Andes - Central  Andes - Loro (archaeological culture),South America,Andes,Central  Andes,Loro (archaeological culture),,,
http://n2t.net/ark:/65665/sz8d8ba4e60-18bb-45b5-8e79-241bed0c2495,NMAICulture_2635,Moche (Mochica) (archaeological culture),,,,South America - Andes - Central  Andes - Moche (Mochica) (archaeological culture),South America,Andes,Central  Andes,Moche (Mochica) (archaeological culture),,,
http://n2t.net/ark:/65665/sz8c80f64e2-83ba-4705-b622-04f50b51e77d,NMAICulture_2634,Nasca (Nazca) (archaeological culture),,,,South America - Andes - Central  Andes - Nasca (Nazca) (archaeological culture),South America,Andes,Central  Andes,Nasca (Nazca) (archaeological culture),,,
http://n2t.net/ark:/65665/sz8c2dfad3a-ffe8-4147-b67f-4cbb387f5aed,NMAICulture_2861,Pachacamac (archaeological culture),,,,South America - Andes - Central  Andes - Pachacamac (archaeological culture),South America,Andes,Central  Andes,Pachacamac (archaeological culture),,,
http://n2t.net/ark:/65665/sz86ed6be76-ed87-473d-9cb2-f33fb808e41c,NMAICulture_2639,Paracas (archaeological culture),,,,South America - Andes - Central  Andes - Paracas (archaeological culture),South America,Andes,Central  Andes,Paracas (archaeological culture),,,
http://n2t.net/ark:/65665/sz877a373a2-bb14-4a74-acd3-f53698d4f091,NMAICulture_1816,Peruvian Indians,,,,South America - Andes - Central  Andes - Peruvian Indians,South America,Andes,Central  Andes,Peruvian Indians,,,
http://n2t.net/ark:/65665/sz85c6dabc0-34e5-4add-930c-459f69a986bc,NMAICulture_3330,Proto-Nasca (Nazca) (archaeological culture),,,,South America - Andes - Central  Andes - Proto-Nasca (Nazca) (archaeological culture),South America,Andes,Central  Andes,Proto-Nasca (Nazca) (archaeological culture),,,
http://n2t.net/ark:/65665/sz8d9ae3cf0-ae3c-4ec3-9413-69dc019207e6,NMAICulture_692,La Paz Indians,,,,South America - Andes - Central  Andes - Quechua - La Paz Indians,South America,Andes,Central  Andes,Quechua,La Paz Indians,,
http://n2t.net/ark:/65665/sz8a1241b1c-ffe7-48fd-8f6d-74ce3072fc47,NMAICulture_871,Tarapata,Problematic term: a place name associated with Machu Picchu,,,South America - Andes - Central  Andes - Quechua - Tarapata,South America,Andes,Central  Andes,Quechua,Tarapata,,
http://n2t.net/ark:/65665/sz8d21d7e92-abba-4129-b33a-22a8f3cd194e,NMAICulture_910,Wanka Quechua,,Huanca ; Huancas ; Huanacas ; Uanca,Language Family info:  Quechuan/Quechua I,South America - Andes - Central  Andes - Quechua - Wanka Quechua,South America,Andes,Central  Andes,Quechua,Wanka Quechua,,
http://n2t.net/ark:/65665/sz87be2d762-3b9a-4d4b-9e74-0a949453c22c,NMAICulture_404,Quechua,,,Language Family info:  Quechuan,South America - Andes - Central  Andes - Quechua,South America,Andes,Central  Andes,Quechua,,,
http://n2t.net/ark:/65665/sz84ed6e1b6-6f63-43ad-b548-837d6f3ec7a5,NMAICulture_2636,Recuay (archaeological culture),,,,South America - Andes - Central  Andes - Recuay (archaeological culture),South America,Andes,Central  Andes,Recuay (archaeological culture),,,
http://n2t.net/ark:/65665/sz876561534-6cbd-453b-9b06-5411bd00af4d,NMAICulture_3423,Recuay: Recuay-Wari style (archaeological culture),,,,South America - Andes - Central  Andes - Recuay: Recuay-Wari style (archaeological culture),South America,Andes,Central  Andes,Recuay: Recuay-Wari style (archaeological culture),,,
http://n2t.net/ark:/65665/sz8718ba193-e503-464a-86f2-db5bcae61220,NMAICulture_2637,Salinar (archaeological culture),,,,South America - Andes - Central  Andes - Salinar (archaeological culture),South America,Andes,Central  Andes,Salinar (archaeological culture),,,
http://n2t.net/ark:/65665/sz87bb27227-d49d-4b97-ac77-88c9d19302f6,NMAICulture_2643,Sicán (Lambayeque) (archaeological culture),,,,South America - Andes - Central  Andes - Sicán (Lambayeque) (archaeological culture),South America,Andes,Central  Andes,Sicán (Lambayeque) (archaeological culture),,,
http://n2t.net/ark:/65665/sz8c00dbc63-e25e-45c6-a486-ccb9efd919cf,NMAICulture_3425,Tembladera (archaeological culture),,,,South America - Andes - Central  Andes - Tembladera (archaeological culture),South America,Andes,Central  Andes,Tembladera (archaeological culture),,,
http://n2t.net/ark:/65665/sz83b524b7f-f829-4df7-b68e-1d5488e650dc,NMAICulture_3426,Tiwanaku: Qeya style (archaeological culture),,,,South America - Andes - Central  Andes - Tiwanaku: Qeya style (archaeological culture),South America,Andes,Central  Andes,Tiwanaku: Qeya style (archaeological culture),,,
http://n2t.net/ark:/65665/sz87bff8fe7-7ae6-4dcd-9243-5ea0cea40227,NMAICulture_1819,Uru,,Morato; Muratu; Iru-Itu,Language Family info:  Uru-Chipaya,South America - Andes - Central  Andes - Uru,South America,Andes,Central  Andes,Uru,,,
http://n2t.net/ark:/65665/sz852db6f35-2c7e-4b49-8e86-45b6c33c15f4,NMAICulture_2640,Vicús (archaeological culture),,,,South America - Andes - Central  Andes - Vicús (archaeological culture),South America,Andes,Central  Andes,Vicús (archaeological culture),,,
http://n2t.net/ark:/65665/sz8f915ee65-7816-455b-8611-3f913fc4a5bf,NMAICulture_3421,Viru-Gallinazo: Gallinazo Castillo style (archaeological culture),,,,South America - Andes - Central  Andes - Viru-Gallinazo: Gallinazo Castillo style (archaeological culture),South America,Andes,Central  Andes,Viru-Gallinazo: Gallinazo Castillo style (archaeological culture),,,
http://n2t.net/ark:/65665/sz8fa9574bf-3753-41c4-982c-249f77d7cd59,NMAICulture_3245,Viru-Gallinazo: Viru style (archaeological culture),,,,South America - Andes - Central  Andes - Viru-Gallinazo: Viru style (archaeological culture),South America,Andes,Central  Andes,Viru-Gallinazo: Viru style (archaeological culture),,,
http://n2t.net/ark:/65665/sz8842c6627-814e-4a13-b7e9-1920f2066802,NMAICulture_3427,Wanka (archaeological culture),,,,South America - Andes - Central  Andes - Wanka (archaeological culture),South America,Andes,Central  Andes,Wanka (archaeological culture),,,
http://n2t.net/ark:/65665/sz8b8b21d6e-c34e-40ad-87bf-2d28ca91d90f,NMAICulture_2641,Wari (Huari) (archaeological culture),,,,South America - Andes - Central  Andes - Wari (Huari) (archaeological culture),South America,Andes,Central  Andes,Wari (Huari) (archaeological culture),,,
http://n2t.net/ark:/65665/sz8f0fddf69-8ca5-4ae7-8795-6dfb97d1ef93,NMAICulture_3428,Wari: Casma style (archaeological culture),,,,South America - Andes - Central  Andes - Wari: Casma style (archaeological culture),South America,Andes,Central  Andes,Wari: Casma style (archaeological culture),,,
http://n2t.net/ark:/65665/sz88b33af22-224e-4723-8600-752d851ac011,NMAICulture_3413,Ychsma (Ichma) (archaeological culture),,Ichmay,,South America - Andes - Central  Andes - Ychsma (Ichma) (archaeological culture),South America,Andes,Central  Andes,Ychsma (Ichma) (archaeological culture),,,
http://n2t.net/ark:/65665/sz892e5c319-5697-4d11-9b21-56fe5a2703e8,NMAICulture_90,Central  Andes,,,,South America - Andes - Central  Andes,South America,Andes,Central  Andes,,,,
http://n2t.net/ark:/65665/sz8dec6110e-a506-4812-a984-056461a79193,NMAICulture_1812,Quechua [Chupa],Assumed to be people of Chupa and Quechua or Quechua mestizos,Chupaca ; Chupenos ; Chupeño,Language Family info:  Quechuan,South America - Andes - Central  Andes/Central Highlands - Quechua - Quechua [Chupa],South America,Andes,Central  Andes/Central Highlands,Quechua,Quechua [Chupa],,
http://n2t.net/ark:/65665/sz87be2d762-3b9a-4d4b-9e74-0a949453c22c,NMAICulture_404,Quechua,,,Language Family info:  Quechuan,South America - Andes - Central  Andes/Central Highlands - Quechua,South America,Andes,Central  Andes/Central Highlands,Quechua,,,
http://n2t.net/ark:/65665/sz8ac63057f-9a4e-4aed-9b2b-a557334ca372,NMAICulture_91,Central  Andes/Central Highlands,,,,South America - Andes - Central  Andes/Central Highlands,South America,Andes,Central  Andes/Central Highlands,,,,
http://n2t.net/ark:/65665/sz8aff020d0-1d9f-4df1-a907-e621ad3694d8,NMAICulture_581,Lamista Quechua (Changa/Chanca),,,Language Family info:  Quechuan,South America - Andes - Central  Andes/North Coast - Quechua - Lamista Quechua (Changa/Chanca),South America,Andes,Central  Andes/North Coast,Quechua,Lamista Quechua (Changa/Chanca),,
http://n2t.net/ark:/65665/sz87be2d762-3b9a-4d4b-9e74-0a949453c22c,NMAICulture_404,Quechua,,,Language Family info:  Quechuan,South America - Andes - Central  Andes/North Coast - Quechua,South America,Andes,Central  Andes/North Coast,Quechua,,,
http://n2t.net/ark:/65665/sz8670ab41d-f820-4eec-8603-bf5cd53f3e94,NMAICulture_92,Central  Andes/North Coast,,,,South America - Andes - Central  Andes/North Coast,South America,Andes,Central  Andes/North Coast,,,,
http://n2t.net/ark:/65665/sz855caa5e6-4355-451e-bd6c-7fb4292190a2,NMAICulture_1814,Aymara [Chulumani],Chulumani is the name of a town northeast of La Paz,Chulemani,Language Family info:  Aymaran,South America - Andes - Central  Andes/Southern Highlands - Aymara - Aymara [Chulumani],South America,Andes,Central  Andes/Southern Highlands,Aymara,Aymara [Chulumani],,
http://n2t.net/ark:/65665/sz82958ef01-e7eb-4e05-952d-414b9ada59c5,NMAICulture_1815,Aymara [Iquique],Iquique is a region where Aymara is spoken; also said to be the name of a Chango village,,Language Family info:  Aymaran,South America - Andes - Central  Andes/Southern Highlands - Aymara - Aymara [Iquique],South America,Andes,Central  Andes/Southern Highlands,Aymara,Aymara [Iquique],,
http://n2t.net/ark:/65665/sz82fc90ba9-7c01-4a94-bb56-0caa1a5fa38e,NMAICulture_2934,Aymara [Uros-Chulluni],"community in Puno, Peru; people are associated with flaoting islands of Lake Titicaca",,Language Family info:  Aymaran,South America - Andes - Central  Andes/Southern Highlands - Aymara - Aymara [Uros-Chulluni],South America,Andes,Central  Andes/Southern Highlands,Aymara,Aymara [Uros-Chulluni],,
http://n2t.net/ark:/65665/sz8435eeb09-8b95-460d-9699-44e5640abb60,NMAICulture_607,Colla,,Collas; Jujuy,Language Family info:  Aymara,South America - Andes - Central  Andes/Southern Highlands - Aymara - Colla,South America,Andes,Central  Andes/Southern Highlands,Aymara,Colla,,
http://n2t.net/ark:/65665/sz83c803691-f580-456f-a6c4-dab0a1699147,NMAICulture_140,Aymara,,Canas or Canchis; Aymaara ; Aimara ; Ayamara,Language Family info:  Aymaran,South America - Andes - Central  Andes/Southern Highlands - Aymara,South America,Andes,Central  Andes/Southern Highlands,Aymara,,,
http://n2t.net/ark:/65665/sz8ff2cad84-048f-45be-8487-d5ee328eeefd,NMAICulture_666,Jalq'a Quechua,"Quechua speakers in Cantons of Quilaquila, Marawa and Potolo in the Province of Oropeza, Bolivia",,Language Family info:  Quechuan,South America - Andes - Central  Andes/Southern Highlands - Quechua - Jalq'a Quechua,South America,Andes,Central  Andes/Southern Highlands,Quechua,Jalq'a Quechua,,
http://n2t.net/ark:/65665/sz86e41f6b8-d426-4efd-a5fb-e07cdb916808,NMAICulture_870,Tarabuco Quechua (Tarabuqueños),"Quechua speakers in Canton of Icla in the Province of Zudáñez, Bolivia",,Language Family info:  Quechuan,South America - Andes - Central  Andes/Southern Highlands - Quechua - Tarabuco Quechua (Tarabuqueños),South America,Andes,Central  Andes/Southern Highlands,Quechua,Tarabuco Quechua (Tarabuqueños),,
http://n2t.net/ark:/65665/sz87be2d762-3b9a-4d4b-9e74-0a949453c22c,NMAICulture_404,Quechua,,,Language Family info:  Quechuan,South America - Andes - Central  Andes/Southern Highlands - Quechua,South America,Andes,Central  Andes/Southern Highlands,Quechua,,,
http://n2t.net/ark:/65665/sz8068a5d58-ddff-41f8-8906-1b1453637671,NMAICulture_93,Central  Andes/Southern Highlands,,,,South America - Andes - Central  Andes/Southern Highlands,South America,Andes,Central  Andes/Southern Highlands,,,,
http://n2t.net/ark:/65665/sz823b4f1bd-670f-4a57-a518-9cb1f58d7261,NMAICulture_2730,Bahía (archaeological culture),,Bahia,,South America - Andes - Northern Andes - Bahía (archaeological culture),South America,Andes,Northern Andes,Bahía (archaeological culture),,,
http://n2t.net/ark:/65665/sz89cde8660-6dae-4083-971c-8ac10ae19d59,NMAICulture_2826,Calima (archaeological culture),,,,South America - Andes - Northern Andes - Calima (archaeological culture),South America,Andes,Northern Andes,Calima (archaeological culture),,,
http://n2t.net/ark:/65665/sz8a3c83c1c-4bc8-431e-a9d8-8cd3add06592,NMAICulture_2732,Capulí (archaeological culture),,,,South America - Andes - Northern Andes - Capulí (archaeological culture),South America,Andes,Northern Andes,Capulí (archaeological culture),,,
http://n2t.net/ark:/65665/sz81af6f8aa-96a7-481b-b10a-974564ee5472,NMAICulture_3451,Carchi (Nariño) (archaeological culture),,Tuza-Piartal (archaeological culture),,South America - Andes - Northern Andes - Carchi (Nariño) (archaeological culture),South America,Andes,Northern Andes,Carchi (Nariño) (archaeological culture),,,
http://n2t.net/ark:/65665/sz84304690e-54be-4f0b-9859-7a731cc9fdba,NMAICulture_2791,Cauca (archaeological culture),,,,South America - Andes - Northern Andes - Cauca (archaeological culture),South America,Andes,Northern Andes,Cauca (archaeological culture),,,
http://n2t.net/ark:/65665/sz8023d3dc8-cb97-43c2-9b79-5f544e8e7e21,NMAICulture_2940,Cerro Narrio/Chaullabamba (archaeological culture),,,,South America - Andes - Northern Andes - Cerro Narrio/Chaullabamba (archaeological culture),South America,Andes,Northern Andes,Cerro Narrio/Chaullabamba (archaeological culture),,,
http://n2t.net/ark:/65665/sz8df0f49d1-f3e2-44c4-abd5-6ab5b5cf5217,NMAICulture_163,Chachilla (Cayapas),,Cayapas;Cayapa; Chachi;Cha' Palaachi; Chasis,Language Family info:  Barbacoan/Cayapa-Colorado,South America - Andes - Northern Andes - Chachilla (Cayapas),South America,Andes,Northern Andes,Chachilla (Cayapas),,,
http://n2t.net/ark:/65665/sz8786118a6-460f-42c4-8d18-74fe3279edc4,NMAICulture_2726,Chorrera (archaeological culture),,,,South America - Andes - Northern Andes - Chorrera (archaeological culture),South America,Andes,Northern Andes,Chorrera (archaeological culture),,,
http://n2t.net/ark:/65665/sz86018e207-8624-4375-8a10-6b66b5142fa6,NMAICulture_214,Ecuadorian Indians,,,,South America - Andes - Northern Andes - Ecuadorian Indians,South America,Andes,Northern Andes,Ecuadorian Indians,,,
http://n2t.net/ark:/65665/sz87a6b5cf4-b29e-43d9-a1ff-f4e16824d629,NMAICulture_576,Epena (Cholo),"This term applies specifically to Cholo people in Esmeraldas Province, Ecuador; Cholo is used elsewhere for Quecha mestizos",Cholo ;Embera  ;Emberá-Saija ;Epená Saija ;Saija ; Southern Empera,"Language Family info: Choco,/Embera,/Southern",South America - Andes - Northern Andes - Epena (Cholo),South America,Andes,Northern Andes,Epena (Cholo),,,
http://n2t.net/ark:/65665/sz84fc8849c-450a-4577-90cf-6673ca5c8ac3,NMAICulture_2731,Guangala (archaeological culture),,,,South America - Andes - Northern Andes - Guangala (archaeological culture),South America,Andes,Northern Andes,Guangala (archaeological culture),,,
http://n2t.net/ark:/65665/sz8321f68a0-491f-48b1-bc14-07103c756ae1,NMAICulture_236,Historical Ecuador,,,,South America - Andes - Northern Andes - Historical Ecuador,South America,Andes,Northern Andes,Historical Ecuador,,,
http://n2t.net/ark:/65665/sz872aaf85d-d05c-497a-9f1c-440348377b96,NMAICulture_2729,Jama-Coaque (archaeological culture),,,,South America - Andes - Northern Andes - Jama-Coaque (archaeological culture),South America,Andes,Northern Andes,Jama-Coaque (archaeological culture),,,
http://n2t.net/ark:/65665/sz82742b2c8-98a5-4cda-9984-9d09505119fe,NMAICulture_563,Cañari Kichua (Canari),,Canaris; Caänari,Language Family info:  Quechuan/Quechua II/B,South America - Andes - Northern Andes - Kichua (Quichua) - Cañari Kichua (Canari),South America,Andes,Northern Andes,Kichua (Quichua),Cañari Kichua (Canari),,
http://n2t.net/ark:/65665/sz8e7e6cef4-08c1-4c66-b1ee-b502cd954025,NMAICulture_965,Chimborazo Kichua [Cara],"Cara may be a modern community, but it is also recognized as an archaeological/protohistoric culture",,Language Family info:  Quechuan/Quechua II/B,South America - Andes - Northern Andes - Kichua (Quichua) - Chimborazo Kichua - Chimborazo Kichua [Cara],South America,Andes,Northern Andes,Kichua (Quichua),Chimborazo Kichua,Chimborazo Kichua [Cara],
http://n2t.net/ark:/65665/sz8b0175275-a4a0-4f29-ab43-c3622abe4423,NMAICulture_966,Chimborazo Kichua [Near Penipe],"Chimborazo department, Ecuador",,Language Family info:  Quechuan/Quechua II/B,South America - Andes - Northern Andes - Kichua (Quichua) - Chimborazo Kichua - Chimborazo Kichua [Near Penipe],South America,Andes,Northern Andes,Kichua (Quichua),Chimborazo Kichua,Chimborazo Kichua [Near Penipe],
http://n2t.net/ark:/65665/sz8378a4bac-30a1-4c9b-99f7-21a8c489b99f,NMAICulture_590,Chimborazo Kichua,,,Language Family info:  Quechuan/Quechua II/B,South America - Andes - Northern Andes - Kichua (Quichua) - Chimborazo Kichua,South America,Andes,Northern Andes,Kichua (Quichua),Chimborazo Kichua,,
http://n2t.net/ark:/65665/sz8b35c4eec-6b81-4919-9347-e22c9b88d558,NMAICulture_2828,"Cholos cuencanos (Kichua/Quichua mestizos of Cuenca, Ecuador)",,,,"South America - Andes - Northern Andes - Kichua (Quichua) - Cholos cuencanos (Kichua/Quichua mestizos of Cuenca, Ecuador)",South America,Andes,Northern Andes,Kichua (Quichua),"Cholos cuencanos (Kichua/Quichua mestizos of Cuenca, Ecuador)",,
http://n2t.net/ark:/65665/sz8482947d5-2e89-4e15-ad2d-62ad755dd7c0,NMAICulture_992,Highland Kichua [Near Pujili],"Pujili is just south of Quito, Ecuador",Indians Near Pujili,Language Family info:  Quechuan/Quechua II/B,South America - Andes - Northern Andes - Kichua (Quichua) - Highland Kichua - Highland Kichua [Near Pujili],South America,Andes,Northern Andes,Kichua (Quichua),Highland Kichua,Highland Kichua [Near Pujili],
http://n2t.net/ark:/65665/sz81dd2602f-52e7-46af-8e7c-8950696f8737,NMAICulture_993,Highland Kichua [Near Riobamba],"Riobamba is south of Quito, Ecuador",Indians Near Riobamba,Language Family info:  Quechuan/Quechua II/B,South America - Andes - Northern Andes - Kichua (Quichua) - Highland Kichua - Highland Kichua [Near Riobamba],South America,Andes,Northern Andes,Kichua (Quichua),Highland Kichua,Highland Kichua [Near Riobamba],
http://n2t.net/ark:/65665/sz80429a919-2df0-4566-8723-09664e6d0517,NMAICulture_3107,Tigua Kichua,,,,South America - Andes - Northern Andes - Kichua (Quichua) - Highland Kichua - Tigua Kichua,South America,Andes,Northern Andes,Kichua (Quichua),Highland Kichua,Tigua Kichua,
http://n2t.net/ark:/65665/sz879e6172e-5035-4d8e-883f-8897ce250c04,NMAICulture_643,Highland Kichua,,,,South America - Andes - Northern Andes - Kichua (Quichua) - Highland Kichua,South America,Andes,Northern Andes,Kichua (Quichua),Highland Kichua,,
http://n2t.net/ark:/65665/sz8332a2573-dd88-4cce-a0b7-8755865e6637,NMAICulture_657,Inga,,Mocoa; Ingano; Ynga,Language Family info:  Quechuan/Quechua II/B,South America - Andes - Northern Andes - Kichua (Quichua) - Inga,South America,Andes,Northern Andes,Kichua (Quichua),Inga,,
http://n2t.net/ark:/65665/sz8e0be3286-a589-4d13-a4a1-86f97e6f5f00,NMAICulture_776,Pailon,,,Language Family info:  Quechuan/Quechua II/B,South America - Andes - Northern Andes - Kichua (Quichua) - Pailon,South America,Andes,Northern Andes,Kichua (Quichua),Pailon,,
http://n2t.net/ark:/65665/sz89b5e9dbb-1032-41cf-9716-f2e7664fe8cc,NMAICulture_3163,Puruhá Kichua,,,Language Family info:  Quechuan/Quechua II/B,South America - Andes - Northern Andes - Kichua (Quichua) - Puruhá Kichua,South America,Andes,Northern Andes,Kichua (Quichua),Puruhá Kichua,,
http://n2t.net/ark:/65665/sz8913189ce-4dd7-4935-bb47-56af3c929cd2,NMAICulture_807,Runa (Otavaleño/Otavalo),,Otalvo; Otavalenos; Imbabura Kichua; Imbabura Quichua,Language Family info:  Quechuan/Quechua II/B,South America - Andes - Northern Andes - Kichua (Quichua) - Runa (Otavaleño/Otavalo),South America,Andes,Northern Andes,Kichua (Quichua),Runa (Otavaleño/Otavalo),,
http://n2t.net/ark:/65665/sz8c6e46c78-7cd3-4b56-8876-49a209db7d45,NMAICulture_825,Saraguro,,Loja,Language Family info:  Quechuan/Quechua II/B,South America - Andes - Northern Andes - Kichua (Quichua) - Saraguro,South America,Andes,Northern Andes,Kichua (Quichua),Saraguro,,
http://n2t.net/ark:/65665/sz85f92dc70-f692-4663-93f2-072d2e393d58,NMAICulture_278,Kichua (Quichua),Kichua is preferred term for Quechua people of Ecuador,Quichas; Quicha,Language Family info:  Quechuan/Quechua II/B,South America - Andes - Northern Andes - Kichua (Quichua),South America,Andes,Northern Andes,Kichua (Quichua),,,
http://n2t.net/ark:/65665/sz8415b0ab7-cd6c-411a-ab31-3bc7d13399b8,NMAICulture_2824,Malagana (archaeological culture),,,,South America - Andes - Northern Andes - Malagana (archaeological culture),South America,Andes,Northern Andes,Malagana (archaeological culture),,,
http://n2t.net/ark:/65665/sz81bc168b3-01aa-4ceb-926f-bd35a300c7f9,NMAICulture_2733,Manteño-Huancavilca (archaeological culture),,,,South America - Andes - Northern Andes - Manteño-Huancavilca (archaeological culture),South America,Andes,Northern Andes,Manteño-Huancavilca (archaeological culture),,,
http://n2t.net/ark:/65665/sz8a4fffdd8-7911-402d-9ed5-b94203754287,NMAICulture_2800,Milagro (archaeological culture),,,,South America - Andes - Northern Andes - Milagro (archaeological culture),South America,Andes,Northern Andes,Milagro (archaeological culture),,,
http://n2t.net/ark:/65665/sz8de36d25c-4ba6-429a-a783-6250c5f36715,NMAICulture_549,Awa-Cuaiquer,,Coaiquer ; Quaiquer ; Kwaiker ; Awa ; Awa Pit ; Cuaiquer ; Tuquerres,Language Family info:  Barbacoan/Pasto,South America - Andes - Northern Andes - Pasto - Awa-Cuaiquer,South America,Andes,Northern Andes,Pasto,Awa-Cuaiquer,,
http://n2t.net/ark:/65665/sz8254c8af2-f36c-433c-9b35-ffd7a802730a,NMAICulture_378,Pasto,,,Language Family info:  Barbacoan/Pasto,South America - Andes - Northern Andes - Pasto,South America,Andes,Northern Andes,Pasto,,,
http://n2t.net/ark:/65665/sz850c33d66-4de4-4eee-9ab2-e17491c3fa17,NMAICulture_2830,Pijao,,Piajao; Pixao; Pinao; Pijaos,,South America - Andes - Northern Andes - Pijao,South America,Andes,Northern Andes,Pijao,,,
http://n2t.net/ark:/65665/sz8a79d0030-4b2c-4d92-b1f9-71e7c997c589,NMAICulture_2825,Popayán (archaeological culture),,,,South America - Andes - Northern Andes - Popayán (archaeological culture),South America,Andes,Northern Andes,Popayán (archaeological culture),,,
http://n2t.net/ark:/65665/sz88c2a242e-a611-42ec-a457-c673861af283,NMAICulture_2736,Quimbaya (archaeological culture),,,,South America - Andes - Northern Andes - Quimbaya (archaeological culture),South America,Andes,Northern Andes,Quimbaya (archaeological culture),,,
http://n2t.net/ark:/65665/sz82baa0086-3dc9-48ff-a337-1f1ccd7b9382,NMAICulture_3449,San Agustín (archaeological culture),,,,South America - Andes - Northern Andes - San Agustín (archaeological culture),South America,Andes,Northern Andes,San Agustín (archaeological culture),,,
http://n2t.net/ark:/65665/sz82a5e937a-af54-4e16-9a84-1107430a4d54,NMAICulture_2860,San Agustín: Tierradentro (archaeological culture),,,,South America - Andes - Northern Andes - San Agustín: Tierradentro (archaeological culture),South America,Andes,Northern Andes,San Agustín: Tierradentro (archaeological culture),,,
http://n2t.net/ark:/65665/sz81d545bd9-43c8-40de-804c-02404dbe6e7a,NMAICulture_2778,South American Hunting Tradition (archaeological culture),,,,South America - Andes - Northern Andes - South American Hunting Tradition (archaeological culture),South America,Andes,Northern Andes,South American Hunting Tradition (archaeological culture),,,
http://n2t.net/ark:/65665/sz8c05ceeee-7803-4700-b797-6d5cd63d191a,NMAICulture_3452,Tacalshapa (Cañari) (archaeological culture),,,,South America - Andes - Northern Andes - Tacalshapa (Cañari) (archaeological culture),South America,Andes,Northern Andes,Tacalshapa (Cañari) (archaeological culture),,,
http://n2t.net/ark:/65665/sz866188695-b76a-4f00-a024-36a41f4ab7fb,NMAICulture_2787,Tolima (archaeological culture),,,,South America - Andes - Northern Andes - Tolima (archaeological culture),South America,Andes,Northern Andes,Tolima (archaeological culture),,,
http://n2t.net/ark:/65665/sz85a95c808-eeac-42fb-9b2a-696560e6dcfe,NMAICulture_460,Tsáchila (Colorado),,Tatchila ; Tsafiki ; Tsatchela,Language Family info:  Barbacoan/Cayapa-Colorado,South America - Andes - Northern Andes - Tsáchila (Colorado),South America,Andes,Northern Andes,Tsáchila (Colorado),,,
http://n2t.net/ark:/65665/sz8a848e559-096f-46c2-83b7-45d7a59ecc3a,NMAICulture_2727,TumacoLa Tolita (archaeological culture),,,,South America - Andes - Northern Andes - TumacoLa Tolita (archaeological culture),South America,Andes,Northern Andes,TumacoLa Tolita (archaeological culture),,,
http://n2t.net/ark:/65665/sz8f700cb82-1870-4d79-a1bc-77fd888fee3a,NMAICulture_2725,Valdivia (archaeological culture),,,,South America - Andes - Northern Andes - Valdivia (archaeological culture),South America,Andes,Northern Andes,Valdivia (archaeological culture),,,
http://n2t.net/ark:/65665/sz85406816a-de1a-477b-b3cd-026b9e1bfd24,NMAICulture_2993,Northern Andes (archaeological culture),,,,South America - Andes - Northern Andes (archaeological culture),South America,Andes,Northern Andes (archaeological culture),,,,
http://n2t.net/ark:/65665/sz8c381ef50-c903-4572-a432-5bc8323f0485,NMAICulture_95,Northern Andes,,,,South America - Andes - Northern Andes,South America,Andes,Northern Andes,,,,
http://n2t.net/ark:/65665/sz8da74581c-ddd6-4dc1-b558-08079858dc37,NMAICulture_2761,Andean Hunting-Collecting Tradition (archaeological culture),,,,South America - Andes - Southern Andes - Andean Hunting-Collecting Tradition (archaeological culture),South America,Andes,Southern Andes,Andean Hunting-Collecting Tradition (archaeological culture),,,
http://n2t.net/ark:/65665/sz89a5a6470-8bcc-4222-80d2-d53e18039b00,NMAICulture_3349,Arica/Western Valleys Tradition (archaeological culture): Alto Ramirez style,,,,South America - Andes - Southern Andes - Arica/Western Valleys Tradition (archaeological culture) - Arica/Western Valleys Tradition (archaeological culture): Alto Ramirez style,South America,Andes,Southern Andes,Arica/Western Valleys Tradition (archaeological culture),Arica/Western Valleys Tradition (archaeological culture): Alto Ramirez style,,
http://n2t.net/ark:/65665/sz8802fff54-3786-4c73-9d84-3fb9dd7d51e5,NMAICulture_3344,Arica/Western Valleys Tradition: Gentilar style (archaeological culture),,,,South America - Andes - Southern Andes - Arica/Western Valleys Tradition (archaeological culture) - Arica/Western Valleys Tradition: Gentilar style (archaeological culture),South America,Andes,Southern Andes,Arica/Western Valleys Tradition (archaeological culture),Arica/Western Valleys Tradition: Gentilar style (archaeological culture),,
http://n2t.net/ark:/65665/sz819f77025-d662-4e9a-ad77-13dbd0b7b770,NMAICulture_3338,Arica/Western Valleys Tradition: Maytas-Chiribaya style (archaeological culture),,Maitas-Chiribaya,,South America - Andes - Southern Andes - Arica/Western Valleys Tradition (archaeological culture) - Arica/Western Valleys Tradition: Maytas-Chiribaya style (archaeological culture),South America,Andes,Southern Andes,Arica/Western Valleys Tradition (archaeological culture),Arica/Western Valleys Tradition: Maytas-Chiribaya style (archaeological culture),,
http://n2t.net/ark:/65665/sz82f3383db-18e0-43f2-ad0a-47cf78a2bd87,NMAICulture_3345,Arica/Western Valleys Tradition: Pocoma style (archaeological culture),,,,South America - Andes - Southern Andes - Arica/Western Valleys Tradition (archaeological culture) - Arica/Western Valleys Tradition: Pocoma style (archaeological culture),South America,Andes,Southern Andes,Arica/Western Valleys Tradition (archaeological culture),Arica/Western Valleys Tradition: Pocoma style (archaeological culture),,
http://n2t.net/ark:/65665/sz8ee56ca41-fd7d-47a1-8e44-ac06f780aaec,NMAICulture_3346,Arica/Western Valleys Tradition: San Miguel style (archaeological culture),,,,South America - Andes - Southern Andes - Arica/Western Valleys Tradition (archaeological culture) - Arica/Western Valleys Tradition: San Miguel style (archaeological culture),South America,Andes,Southern Andes,Arica/Western Valleys Tradition (archaeological culture),Arica/Western Valleys Tradition: San Miguel style (archaeological culture),,
http://n2t.net/ark:/65665/sz8fe082594-8135-48eb-b819-cf84253d62e7,NMAICulture_3341,Arica/Western Valleys Tradition (archaeological culture),,,,South America - Andes - Southern Andes - Arica/Western Valleys Tradition (archaeological culture),South America,Andes,Southern Andes,Arica/Western Valleys Tradition (archaeological culture),,,
http://n2t.net/ark:/65665/sz8df623588-81db-4426-9d67-c0752442507a,NMAICulture_935,Yunga (Yungas),"Yungas is an subtropical woodland ecological zone on eastern slopes of Andes to which some Aymara speakers have moved.  Yungay also a dialect of Quechua, Huaylas Ancash.",Yunca,Language Family info:  Aymaran,South America - Andes - Southern Andes - Aymara - Yunga (Yungas),South America,Andes,Southern Andes,Aymara,Yunga (Yungas),,
http://n2t.net/ark:/65665/sz83c803691-f580-456f-a6c4-dab0a1699147,NMAICulture_140,Aymara,,Canas or Canchis; Aymaara ; Aimara ; Ayamara,Language Family info:  Aymaran,South America - Andes - Southern Andes - Aymara,South America,Andes,Southern Andes,Aymara,,,
http://n2t.net/ark:/65665/sz8bb5bc8bc-3b88-421c-9a05-e8cc60d111c8,NMAICulture_145,Bolivian Indians,,,,South America - Andes - Southern Andes - Bolivian Indians,South America,Andes,Southern Andes,Bolivian Indians,,,
http://n2t.net/ark:/65665/sz8bfccd95b-6157-4a25-bdf9-ee7bd43f7398,NMAICulture_582,Chango,"Chango is said to be a protohistoric group, but also seems to be used for modern mestizos in Chile",Changos,,South America - Andes - Southern Andes - Chango,South America,Andes,Southern Andes,Chango,,,
http://n2t.net/ark:/65665/sz89d96d5c1-c065-4ae6-aa56-88f7aa1986f8,NMAICulture_2913,Diaguita (archaeological culture),,,,South America - Andes - Southern Andes - Diaguita (archaeological culture),South America,Andes,Southern Andes,Diaguita (archaeological culture),,,
http://n2t.net/ark:/65665/sz850965e05-ce10-45ff-90a3-ec7ad307ddb4,NMAICulture_235,Historical Bolivia,,,,South America - Andes - Southern Andes - Historical Bolivia,South America,Andes,Southern Andes,Historical Bolivia,,,
http://n2t.net/ark:/65665/sz866b9f426-6cfa-4002-bbe2-3b5eb33cf7b3,NMAICulture_2770,Ichuña microlithic tradition (archaeological culture),,,,South America - Andes - Southern Andes - Ichuña microlithic tradition (archaeological culture),South America,Andes,Southern Andes,Ichuña microlithic tradition (archaeological culture),,,
http://n2t.net/ark:/65665/sz824523b43-b6cb-4d8e-879b-4e8188e5598d,NMAICulture_594,Choros,"Choros Islands, Chile",,Language Family info:  ? Macro-Chibchan,South America - Andes - Southern Andes - Likan Antaí (Atacameño) - Choros,South America,Andes,Southern Andes,Likan Antaí (Atacameño),Choros,,
http://n2t.net/ark:/65665/sz86b4e68bf-2780-49e5-bfd3-134f29ab5998,NMAICulture_288,Likan Antaí (Atacameño),,Atacamano ; Likanantaí ; Lipe ; Ulipe ; Kunza ; Licken Antai,Language Family info:  ? Macro-Chibchan Language is called Kunza,South America - Andes - Southern Andes - Likan Antaí (Atacameño),South America,Andes,Southern Andes,Likan Antaí (Atacameño),,,
http://n2t.net/ark:/65665/sz88eb0c5f4-c107-4bc3-a044-a687217f4416,NMAICulture_3342,Pica-Tarapacá Tradition (archaeological culture),,,,South America - Andes - Southern Andes - Pica-Tarapacá Tradition (archaeological culture),South America,Andes,Southern Andes,Pica-Tarapacá Tradition (archaeological culture),,,
http://n2t.net/ark:/65665/sz8a006fdf3-0cd9-4273-9e90-5c2365124a47,NMAICulture_2815,Punta Pichalo complex (archaeological culture),,,,South America - Andes - Southern Andes - Punta Pichalo complex (archaeological culture),South America,Andes,Southern Andes,Punta Pichalo complex (archaeological culture),,,
http://n2t.net/ark:/65665/sz80fbb0ac7-497b-479f-b20a-8963c65137ae,NMAICulture_3037,Cabana Quechua,,,Language Family info:  Quechuan,South America - Andes - Southern Andes - Quechua - Cabana Quechua,South America,Andes,Southern Andes,Quechua,Cabana Quechua,,
http://n2t.net/ark:/65665/sz8f0044435-3ca0-4855-ba2b-f4281a8ac08d,NMAICulture_600,Ch'uta (Chuta),"near the city of Sucre, Bolivia",Chutas,Language Family info:  Quechuan,South America - Andes - Southern Andes - Quechua - Ch'uta (Chuta),South America,Andes,Southern Andes,Quechua,Ch'uta (Chuta),,
http://n2t.net/ark:/65665/sz87be2d762-3b9a-4d4b-9e74-0a949453c22c,NMAICulture_404,Quechua,,,Language Family info:  Quechuan,South America - Andes - Southern Andes - Quechua,South America,Andes,Southern Andes,Quechua,,,
http://n2t.net/ark:/65665/sz8ceca8feb-8aef-4157-b96c-6b7fb61e3ce9,NMAICulture_3343,San Pedro de Atacama Tradition (archaeological culture),,Circumpuna Andes: Atacama region (archaeological),,South America - Andes - Southern Andes - San Pedro de Atacama Tradition (archaeological culture),South America,Andes,Southern Andes,San Pedro de Atacama Tradition (archaeological culture),,,
http://n2t.net/ark:/65665/sz83358bc05-89c1-473b-becb-8124d9d26dfd,NMAICulture_2813,Tagua-Tagua complex (archaeological culture),,,,South America - Andes - Southern Andes - Tagua-Tagua complex (archaeological culture),South America,Andes,Southern Andes,Tagua-Tagua complex (archaeological culture),,,
http://n2t.net/ark:/65665/sz8642dc6f5-2202-4281-9801-86a7508fb4a4,NMAICulture_2814,Tal Tal (Taltal) complex (archaeological culture),,,,South America - Andes - Southern Andes - Tal Tal (Taltal) complex (archaeological culture),South America,Andes,Southern Andes,Tal Tal (Taltal) complex (archaeological culture),,,
http://n2t.net/ark:/65665/sz8dbb47832-c8b6-4ea8-be0e-c4c6598c909c,NMAICulture_2735,Tiwanaku (Tiahuanaco) (archaeological culture),,,,South America - Andes - Southern Andes - Tiwanaku (Tiahuanaco) (archaeological culture),South America,Andes,Southern Andes,Tiwanaku (Tiahuanaco) (archaeological culture),,,
http://n2t.net/ark:/65665/sz8605fd937-c781-46c9-9173-afbdf03b6a60,NMAICulture_2997,Southern Andes (archaeological culture),,,,South America - Andes - Southern Andes (archaeological culture),South America,Andes,Southern Andes (archaeological culture),,,,
http://n2t.net/ark:/65665/sz8b2b8db3c-9644-4917-b906-13ccb5db637a,NMAICulture_96,Southern Andes,,,,South America - Andes - Southern Andes,South America,Andes,Southern Andes,,,,
http://n2t.net/ark:/65665/sz84cd92614-7b58-48c9-9bf4-a35c0dd92cbc,NMAICulture_27,Andes,,,,South America - Andes,South America,Andes,,,,,
http://n2t.net/ark:/65665/sz8342e9b32-e30b-4ec1-9bee-e4d5f2bdea4e,NMAICulture_105,Achagua (Axagua),"Slighly problematic identification:  Axagua/Achagua are seen as strictly in Colombia or more interior, and not matching these proveniences for coastal Venezuela (near Caracas/Lake Maracaibo).  Based on the provenieces, these could be identified as Wayuu, which is synonymous with Guajira (Goajiro)",Ajagua ; Xagua ; Guacana ; Guacara,"Language Family info:  Arawakan, Maipuran, Northern Maipuran, Inland",South America - Circum-Caribbean - Mainland Caribbean - Achagua (Axagua),South America,Circum-Caribbean,Mainland Caribbean,Achagua (Axagua),,,
http://n2t.net/ark:/65665/sz8cb059beb-6d85-46be-a581-e32adaefadf7,NMAICulture_122,Andaqui (Andaki),,,Language Family info:  Barbacoan/Andaqui,South America - Circum-Caribbean - Mainland Caribbean - Andaqui (Andaki),South America,Circum-Caribbean,Mainland Caribbean,Andaqui (Andaki),,,
http://n2t.net/ark:/65665/sz8046a3572-c5fd-4041-b4d7-885fb92a338f,NMAICulture_171,Chibcha,,Muisca; Mosca,Language Family info:  Chibchan,South America - Circum-Caribbean - Mainland Caribbean - Chibcha,South America,Circum-Caribbean,Mainland Caribbean,Chibcha,,,
http://n2t.net/ark:/65665/sz8a4fd6db0-e7ac-44e7-8bd0-01f5bcff8c12,NMAICulture_925,Wounaan (Noanama),"Wounaan a subdivision (per Emberá community members, 9/2006)",Waun Meo; Waunana; Waumeo; Wounmeu; Wounaan; Noanama; Noanamá ; Noenama; Nonama; Chocama; Chanco; Chapo,Language Family info:  Choco,South America - Circum-Caribbean - Mainland Caribbean - Emberá (Choikoi) - Wounaan (Noanama),South America,Circum-Caribbean,Mainland Caribbean,Emberá (Choikoi),Wounaan (Noanama),,
http://n2t.net/ark:/65665/sz86253eccc-927a-4f07-90aa-f3bea5d89d8a,NMAICulture_216,Emberá (Choikoi),"Choikoi is an unpreferred colonial/outsider term (per Emberá community members, 9/2006)",Chokoi; Choco,Language Family info:  Choco,South America - Circum-Caribbean - Mainland Caribbean - Emberá (Choikoi),South America,Circum-Caribbean,Mainland Caribbean,Emberá (Choikoi),,,
http://n2t.net/ark:/65665/sz873fcd11d-030a-4f63-96f7-649c4a93e63c,NMAICulture_542,Amorua/Rio Tomo Guahibo (Pihibi Cuiapo),,Cuiapo-Phibi,Language Family info:  Guahiban,South America - Circum-Caribbean - Mainland Caribbean - Guahibo - Amorua/Rio Tomo Guahibo (Pihibi Cuiapo),South America,Circum-Caribbean,Mainland Caribbean,Guahibo,Amorua/Rio Tomo Guahibo (Pihibi Cuiapo),,
http://n2t.net/ark:/65665/sz89edf40c8-363e-41d1-b90e-a9d3860286c0,NMAICulture_224,Guahibo,,"Guajibo; Goahibo; Guaigua;, Guayba; Wahibo; Goahiva; Sicuani; Sikuani",Language Family info:  Guahiban,South America - Circum-Caribbean - Mainland Caribbean - Guahibo,South America,Circum-Caribbean,Mainland Caribbean,Guahibo,,,
http://n2t.net/ark:/65665/sz82dccdc4e-93c9-4dea-b15c-51e1539864ed,NMAICulture_227,Guambiano (Guambia),,Moguex; Namdrik; Guambino,Language Family info:  Barbacoan/Coconucan,South America - Circum-Caribbean - Mainland Caribbean - Guambiano (Guambia),South America,Circum-Caribbean,Mainland Caribbean,Guambiano (Guambia),,,
http://n2t.net/ark:/65665/sz87f1a1480-aa8e-442f-ad2e-78ef85612fda,NMAICulture_2966,Guayabero,,Cunimía ; Jiw ; Mítua ; Mítus,Language Family info:  Guahiban,South America - Circum-Caribbean - Mainland Caribbean - Guayabero,South America,Circum-Caribbean,Mainland Caribbean,Guayabero,,,
http://n2t.net/ark:/65665/sz85693b5f6-716c-47df-9914-bad1656f30df,NMAICulture_1132,Sabanero Buglere,,Bokota; Bogota; Bofota; Bobota; Bocota; Bukueta; Nortenyo; Murire; Veraguas Sabanero; Sabanero; Bokotá,Language Family info:  Chibchan,South America - Circum-Caribbean - Mainland Caribbean - Guaymi - Buglere - Sabanero Buglere,South America,Circum-Caribbean,Mainland Caribbean,Guaymi,Buglere,Sabanero Buglere,
http://n2t.net/ark:/65665/sz859ad10a8-5559-4391-93c2-21db27df4d00,NMAICulture_560,Buglere,,,,South America - Circum-Caribbean - Mainland Caribbean - Guaymi - Buglere,South America,Circum-Caribbean,Mainland Caribbean,Guaymi,Buglere,,
http://n2t.net/ark:/65665/sz8ab8aba25-dcec-4d1c-83cf-34ef78a769b9,NMAICulture_748,Ngäbe (Guaymi),,Boorabi;Boorabbi; Ngäbere; Chiriqui; Ngobere; Valiente; Ngobe; Cuaymi; Boorabi; Guaymi,Language Family info:  Chibchan,South America - Circum-Caribbean - Mainland Caribbean - Guaymi - Ngäbe (Guaymi),South America,Circum-Caribbean,Mainland Caribbean,Guaymi,Ngäbe (Guaymi),,
http://n2t.net/ark:/65665/sz8513af9dc-5b9b-4063-b862-b7ca21f0c005,NMAICulture_247,Ika (Ica/Arhuaco),,Aruaco ; Bintuk ; Bíntukua ; Bintucua ; Ica ; Ijca ; Ijka ; Ike,Language Family info:  Chibchan/Aruak,South America - Circum-Caribbean - Mainland Caribbean - Ika (Ica/Arhuaco),South America,Circum-Caribbean,Mainland Caribbean,Ika (Ica/Arhuaco),,,
http://n2t.net/ark:/65665/sz80842d438-4f57-4179-86b2-18de3d0ab76b,NMAICulture_261,Jicaque,,Xicaque; Jicaques; Tol; Tolpan,Language Family info:  Language isolate,South America - Circum-Caribbean - Mainland Caribbean - Jicaque,South America,Circum-Caribbean,Mainland Caribbean,Jicaque,,,
http://n2t.net/ark:/65665/sz8edae5625-0822-4c96-b8e8-a5dfcbef6b58,NMAICulture_266,Kogi (Kagaba),,Cogui; Kogui; Coghui; Kaggaba,Language Family info:  Chibchan/Aruak,South America - Circum-Caribbean - Mainland Caribbean - Kogi (Kagaba),South America,Circum-Caribbean,Mainland Caribbean,Kogi (Kagaba),,,
http://n2t.net/ark:/65665/sz8c2a4de47-df52-4571-a7ef-f12f1e0da016,NMAICulture_2832,Páez,,,,South America - Circum-Caribbean - Mainland Caribbean - Páez,South America,Circum-Caribbean,Mainland Caribbean,Páez,,,
http://n2t.net/ark:/65665/sz81d545bd9-43c8-40de-804c-02404dbe6e7a,NMAICulture_2778,South American Hunting Tradition (archaeological culture),,,,South America - Circum-Caribbean - Mainland Caribbean - South American Hunting Tradition (archaeological culture),South America,Circum-Caribbean,Mainland Caribbean,South American Hunting Tradition (archaeological culture),,,
http://n2t.net/ark:/65665/sz855daf000-17db-4ba7-997b-221914e2e4e8,NMAICulture_2834,Taima-Taima Tradition (archaeological culture),,,,South America - Circum-Caribbean - Mainland Caribbean - Taima-Taima Tradition (archaeological culture),South America,Circum-Caribbean,Mainland Caribbean,Taima-Taima Tradition (archaeological culture),,,
http://n2t.net/ark:/65665/sz8115b54f9-9937-476e-9aca-29401b3a1851,NMAICulture_2633,Tairona (archaeological culture),,,,South America - Circum-Caribbean - Mainland Caribbean - Tairona (archaeological culture),South America,Circum-Caribbean,Mainland Caribbean,Tairona (archaeological culture),,,
http://n2t.net/ark:/65665/sz8b2fe908b-5b54-4252-9974-3684c95f04d8,NMAICulture_2859,Tierroid (archaeological culture),,,,South America - Circum-Caribbean - Mainland Caribbean - Tierroid (archaeological culture),South America,Circum-Caribbean,Mainland Caribbean,Tierroid (archaeological culture),,,
http://n2t.net/ark:/65665/sz89b0c7035-541e-4a0d-8cac-daeeb1a5b0da,NMAICulture_2809,Venezuelan Mesoindian Tradition (archaeological culture),,,,South America - Circum-Caribbean - Mainland Caribbean - Venezuelan Mesoindian Tradition (archaeological culture),South America,Circum-Caribbean,Mainland Caribbean,Venezuelan Mesoindian Tradition (archaeological culture),,,
http://n2t.net/ark:/65665/sz80d5e041c-8d7d-410b-b386-7343dfb7758a,NMAICulture_2808,Venezuelan Neoindian Tradition (archaeological culture),,,,South America - Circum-Caribbean - Mainland Caribbean - Venezuelan Neoindian Tradition (archaeological culture),South America,Circum-Caribbean,Mainland Caribbean,Venezuelan Neoindian Tradition (archaeological culture),,,
http://n2t.net/ark:/65665/sz894a6822d-ff6f-4032-b05f-27b15ad46b7c,NMAICulture_226,Wayuu (Guajira/Goajiro),,Goajiros ; Wayúu ; Wahiro,Language Family info:  Arawakan/Maipuran/Northern Maipuran/Caribbean,South America - Circum-Caribbean - Mainland Caribbean - Wayuu (Guajira/Goajiro),South America,Circum-Caribbean,Mainland Caribbean,Wayuu (Guajira/Goajiro),,,
http://n2t.net/ark:/65665/sz85aa6c05d-01e2-47f3-acbd-97f2da0c3ef2,NMAICulture_39,Mainland Caribbean,,Caribe ; Cariña ; Kalihna ; Kalinya ; Galibi,,South America - Circum-Caribbean - Mainland Caribbean,South America,Circum-Caribbean,Mainland Caribbean,,,,
http://n2t.net/ark:/65665/sz84d5f8417-ea5e-4cb1-a413-264cadbb68d7,NMAICulture_10,Circum-Caribbean,,,,South America - Circum-Caribbean,South America,Circum-Caribbean,,,,,
http://n2t.net/ark:/65665/sz8a2c2b36d-c524-4498-891a-c80e9d8f2d69,NMAICulture_1937,Aché (Guayaki),,Guayaki-Ache; Axe; Guaiaqui; Guayakí; Guoyagui,Language Family info:  Tupi/Tupi-Guarani/Subgroup I,South America - East Brazil - East Brazil (no sub-culture area) - Aché (Guayaki),South America,East Brazil,East Brazil (no sub-culture area),Aché (Guayaki),,,
http://n2t.net/ark:/65665/sz8fcd700b0-d8c1-4323-9ef9-751bcdf1a80d,NMAICulture_3257,"Aimoré (Aymore, Aimboré)",,,Language Family info: Botocudan or Aimoré/Krenakan,"South America - East Brazil - East Brazil (no sub-culture area) - Aimoré (Aymore, Aimboré)",South America,East Brazil,East Brazil (no sub-culture area),"Aimoré (Aymore, Aimboré)",,,
http://n2t.net/ark:/65665/sz8f7fd7f3d-253b-4962-906a-83743df45135,NMAICulture_1928,Apinajé (Apinaye Caroyo),,Apinagé; Apinaje; Apinayé; Apinaje,Language Family info:  Macro-Ge/Ge-Kaingang/Ge/Northwest/Apinaye,South America - East Brazil - East Brazil (no sub-culture area) - Apinajé (Apinaye Caroyo),South America,East Brazil,East Brazil (no sub-culture area),Apinajé (Apinaye Caroyo),,,
http://n2t.net/ark:/65665/sz80c476fe1-af61-4127-a84d-ad948cb06fae,NMAICulture_1925,Borôro (Bororo),,Borôro (Boro); Boe,Language Family info:  Macro-Ge/Bororo/Bororo Proper,South America - East Brazil - East Brazil (no sub-culture area) - Borôro (Bororo),South America,East Brazil,East Brazil (no sub-culture area),Borôro (Bororo),,,
http://n2t.net/ark:/65665/sz8e9cf4e40-81aa-4e04-85e3-9484769d467f,NMAICulture_1938,Carijo Guarani,,Mbyá; Mbua; Mbiá; Bugre,Language Family info:  Tupi/Tupi-Guarani/Subgroup I,South America - East Brazil - East Brazil (no sub-culture area) - Carijo Guarani,South America,East Brazil,East Brazil (no sub-culture area),Carijo Guarani,,,
http://n2t.net/ark:/65665/sz82914e719-d92b-4450-8601-593de2c970f7,NMAICulture_2769,East Brazilian Tradition (archaeological culture),,,,South America - East Brazil - East Brazil (no sub-culture area) - East Brazilian Tradition (archaeological culture),South America,East Brazil,East Brazil (no sub-culture area),East Brazilian Tradition (archaeological culture),,,
http://n2t.net/ark:/65665/sz8931e69c6-a788-45ca-b24b-17b7cf9494d1,NMAICulture_1918,Guató (Guato),,,Language Family info:  Macro-Ge,South America - East Brazil - East Brazil (no sub-culture area) - Guató (Guato),South America,East Brazil,East Brazil (no sub-culture area),Guató (Guato),,,
http://n2t.net/ark:/65665/sz8d48633bc-5500-469c-95df-93e51cfe14c0,NMAICulture_1936,Kadiwéu (Caduveo/Cadioeos/Guaicuru),,Caduevo ; Kaduveo ; Guaycurú ; Mbayá ; Kadurco ; Mbaya ; Caduvéo ; Ediu-Adig ; Cadjuens ; Cadjueos,Language Family info:  Mataco-Guaicuru/Guaicuruan,South America - East Brazil - East Brazil (no sub-culture area) - Kadiwéu (Caduveo/Cadioeos/Guaicuru),South America,East Brazil,East Brazil (no sub-culture area),Kadiwéu (Caduveo/Cadioeos/Guaicuru),,,
http://n2t.net/ark:/65665/sz8687cfdda-7b4b-45b4-a0da-fc4e1ffa2114,NMAICulture_1932,Kaingáng (Caingang),,Coroado ; Coroados ; Bugre ; Caingangue,Language Family info:  Macro-Ge/Ge-Kaingang/Kaingang/Northern,South America - East Brazil - East Brazil (no sub-culture area) - Kaingáng (Caingang),South America,East Brazil,East Brazil (no sub-culture area),Kaingáng (Caingang),,,
http://n2t.net/ark:/65665/sz8c4868c9b-822f-4757-9bc0-b01e84e1d41f,NMAICulture_1935,Javaé (Javahe),,Javahes; Itya Mahãdu,Language Family info:  Macro-Ge/Karaja,South America - East Brazil - East Brazil (no sub-culture area) - Karajá (Caraja) - Javaé (Javahe),South America,East Brazil,East Brazil (no sub-culture area),Karajá (Caraja),Javaé (Javahe),,
http://n2t.net/ark:/65665/sz8121e8a81-7964-48d3-9c2f-76a478321e94,NMAICulture_1934,Karajá (Caraja),,Xambioá; Chamboa; Ynã; Iny; Hinan; Carajá; Carajas; Carajaz; Karaja,Language Family info:  Macro-Ge/Karaja,South America - East Brazil - East Brazil (no sub-culture area) - Karajá (Caraja),South America,East Brazil,East Brazil (no sub-culture area),Karajá (Caraja),,,
http://n2t.net/ark:/65665/sz8d8e70d00-46d9-462e-819f-9f815c5b5f21,NMAICulture_1933,Laklãnõ (Xokleng/Aweikoma),,Shokleng; Aimores; Aimbores;  Bugre; Kaingang of Santa Catarina; Botocudos,Language Family info:  Macro-Ge/Ge-Kaingang/Kaingang/Northern,South America - East Brazil - East Brazil (no sub-culture area) - Laklãnõ (Xokleng/Aweikoma),South America,East Brazil,East Brazil (no sub-culture area),Laklãnõ (Xokleng/Aweikoma),,,
http://n2t.net/ark:/65665/sz83ef12fa8-4f1a-4b41-b319-6e74ada4a082,NMAICulture_1922,Mato Grosso,"Generic term for Mato Grosso state, Brazil; more specific cultural terms should be used where possible",,,South America - East Brazil - East Brazil (no sub-culture area) - Mato Grosso,South America,East Brazil,East Brazil (no sub-culture area),Mato Grosso,,,
http://n2t.net/ark:/65665/sz86f3b5243-bd45-4d2e-8b5b-d5ab38b76cc0,NMAICulture_3055,Maxacali,,,,South America - East Brazil - East Brazil (no sub-culture area) - Maxacali,South America,East Brazil,East Brazil (no sub-culture area),Maxacali,,,
http://n2t.net/ark:/65665/sz8f3fc3239-88ef-4f16-be2b-6e436fb0ff7d,NMAICulture_1921,Mebêngôkre (Kayapó/Cayapo) [Menkragnotire (Mentuktire)],"Kayapó village, Xingú Indigenous Reserve, Mato Grosso State",,Language Family info:  Macro-Ge/Ge-Kaingang/Ge/Northwest/Kayapo,South America - East Brazil - East Brazil (no sub-culture area) - Mebêngôkre (Kayapó/Cayapo) - Mebêngôkre (Kayapó/Cayapo) [Menkragnotire (Mentuktire)],South America,East Brazil,East Brazil (no sub-culture area),Mebêngôkre (Kayapó/Cayapo),Mebêngôkre (Kayapó/Cayapo) [Menkragnotire (Mentuktire)],,
http://n2t.net/ark:/65665/sz82dabe84d-6c6a-4da3-bf62-6cadbf966c34,NMAICulture_1929,Mebêngôkre (Kayapó/Cayapo) [Xikrin],"Kayapó subdivision and perhaps a village, State of Pará, Brazil",Put; Karot; Kayapó-Xikrin do Cateté,Language Family info:  Macro-Ge/Ge-Kaingang/Ge/Northwest/Kayapo,South America - East Brazil - East Brazil (no sub-culture area) - Mebêngôkre (Kayapó/Cayapo) - Mebêngôkre (Kayapó/Cayapo) [Xikrin],South America,East Brazil,East Brazil (no sub-culture area),Mebêngôkre (Kayapó/Cayapo),Mebêngôkre (Kayapó/Cayapo) [Xikrin],,
http://n2t.net/ark:/65665/sz8ffc78b17-ad59-4b7a-8da6-3b5199a60c39,NMAICulture_1919,Mebêngôkre (Kayapó/Cayapo),,Mebegnokre; Metuktire; Kokraimoro; Caiapó ; Kayapo,Language Family info:  Macro-Ge/Ge-Kaingang/Ge/Northwest/Kayapo,South America - East Brazil - East Brazil (no sub-culture area) - Mebêngôkre (Kayapó/Cayapo),South America,East Brazil,East Brazil (no sub-culture area),Mebêngôkre (Kayapó/Cayapo),,,
http://n2t.net/ark:/65665/sz8cf40cba3-5ab4-4784-a6aa-54cc5bd4a9aa,NMAICulture_1930,Mehim (Krahô/Crahao),,Craô ; Kraô ; Kraho ; Crao ; Crahaos,Language Family info:  Macro-Ge/Ge-Kaingang/Ge/Northwest/Timbira,South America - East Brazil - East Brazil (no sub-culture area) - Mehim (Krahô/Crahao),South America,East Brazil,East Brazil (no sub-culture area),Mehim (Krahô/Crahao),,,
http://n2t.net/ark:/65665/sz8e1a1a2c8-983d-4eed-a047-98ccade3dbfe,NMAICulture_3087,Panará,,Indios Gigantes; Kreen Akarore; Kren Akarore,Language Family info: Macro-Ge/Ge-Kaingang/Ge/Northwest/Panará,South America - East Brazil - East Brazil (no sub-culture area) - Panará,South America,East Brazil,East Brazil (no sub-culture area),Panará,,,
http://n2t.net/ark:/65665/sz87f97becf-ceb7-4160-ada1-1eb8272ff9b1,NMAICulture_1923,Parakatêjê (Gaioes/Gavião),"State of Para, Araguaia River",Gavioes; Pukobjê; Gavião of Pará,"Language Family info:  Macro-Ge, Ge-Kaingang, Ge, Northwest, Timbira",South America - East Brazil - East Brazil (no sub-culture area) - Parakatêjê (Gaioes/Gavião),South America,East Brazil,East Brazil (no sub-culture area),Parakatêjê (Gaioes/Gavião),,,
http://n2t.net/ark:/65665/sz8fb71974b-5d64-4780-aaa4-9b4b7317a6b9,NMAICulture_1939,Potiguára (Pitigoares),,Pitonara; Potiguara,Language Family info:  Tupi/Tupi-Guarani/Subgroup III,South America - East Brazil - East Brazil (no sub-culture area) - Potiguára (Pitigoares),South America,East Brazil,East Brazil (no sub-culture area),Potiguára (Pitigoares),,,
http://n2t.net/ark:/65665/sz8316ad424-c7ec-485b-be8c-af609f9e82a5,NMAICulture_2982,Terêna (Tereno),,,Language Family info:  Arawakan/Maipuran/Southern Maipuran/Bolivia-Parana,South America - East Brazil - East Brazil (no sub-culture area) - Terêna (Tereno),South America,East Brazil,East Brazil (no sub-culture area),Terêna (Tereno),,,
http://n2t.net/ark:/65665/sz8fb631374-76a1-4b75-9260-12380c568136,NMAICulture_1924,Umutina (Barbados),,Omotina; Umotína,Language Family info:  Macro-Ge/Bororo/Bororo Proper,South America - East Brazil - East Brazil (no sub-culture area) - Umutina (Barbados),South America,East Brazil,East Brazil (no sub-culture area),Umutina (Barbados),,,
http://n2t.net/ark:/65665/sz8a76805df-5f45-497a-ac26-6b835e755448,NMAICulture_1926,Xavánte (Shavante),,Chavante ; Chavantes ; Chavanti ; Xavante ; A'uwe Uptabi ; Akuên ; Akwen ; A'we ; Crisca ; Pusciti ; Tapacua,Language Family info:  Macro-Ge/Ge-Kaingang/Ge/Central/Acua,South America - East Brazil - East Brazil (no sub-culture area) - Xavánte (Shavante),South America,East Brazil,East Brazil (no sub-culture area),Xavánte (Shavante),,,
http://n2t.net/ark:/65665/sz850895473-5d71-4624-b703-0cb749239602,NMAICulture_1927,Xerénte (Sherente),,Sherenté,Language Family info:  Macro-Ge/Ge-Kaingang/Ge/Central/Acua,South America - East Brazil - East Brazil (no sub-culture area) - Xerénte (Sherente),South America,East Brazil,East Brazil (no sub-culture area),Xerénte (Sherente),,,
http://n2t.net/ark:/65665/sz8f469a066-a28b-406d-a648-c47f7e663b27,NMAICulture_2608,East Brazil (no sub-culture area),,,,South America - East Brazil - East Brazil (no sub-culture area),South America,East Brazil,East Brazil (no sub-culture area),,,,
http://n2t.net/ark:/65665/sz8bcaaa726-517c-44e7-8e17-ba66965922b8,NMAICulture_29,East Brazil,,,,South America - East Brazil,South America,East Brazil,,,,,
http://n2t.net/ark:/65665/sz8006a789b-1d06-4c1e-bf72-846f429b0390,NMAICulture_1871,Tsirakua,,Tsiracua,Language Family info:  Zamucoan,South America - Gran Chaco - Gran Chaco (no sub-culture area) - Ayoreo (Morotoco) - Tsirakua,South America,Gran Chaco,Gran Chaco (no sub-culture area),Ayoreo (Morotoco),Tsirakua,,
http://n2t.net/ark:/65665/sz80221c210-4261-491e-9363-ef1fbdc8271f,NMAICulture_1869,Ayoreo (Morotoco),,Ayoré ; Marotoco ; Morotoco ; Moro ; Pyeta ; Yovai,Language Family info:  Zamucoan,South America - Gran Chaco - Gran Chaco (no sub-culture area) - Ayoreo (Morotoco),South America,Gran Chaco,Gran Chaco (no sub-culture area),Ayoreo (Morotoco),,,
http://n2t.net/ark:/65665/sz87dcba3c8-822d-44bb-bf1f-ca5928172322,NMAICulture_1873,Chaco Boreal,Generic term for Chaco Boreal region; more specific cultural terms should be used where possible,,,South America - Gran Chaco - Gran Chaco (no sub-culture area) - Chaco Boreal,South America,Gran Chaco,Gran Chaco (no sub-culture area),Chaco Boreal,,,
http://n2t.net/ark:/65665/sz8011ccd03-3360-48af-b7aa-c16a8cf68b50,NMAICulture_1875,Tomaráho (Tumraha),,Tomaraxa,Language Family info:  Zamucoan,South America - Gran Chaco - Gran Chaco (no sub-culture area) - Chamacoco (Zamuko) - Tomaráho (Tumraha),South America,Gran Chaco,Gran Chaco (no sub-culture area),Chamacoco (Zamuko),Tomaráho (Tumraha),,
http://n2t.net/ark:/65665/sz89767f755-3e71-45ad-bd20-a32f3291382d,NMAICulture_1874,Chamacoco (Zamuko),,Chamacoca ; Ishiro ; Jeywo ; Ishra,Language Family info:  Zamucoan,South America - Gran Chaco - Gran Chaco (no sub-culture area) - Chamacoco (Zamuko),South America,Gran Chaco,Gran Chaco (no sub-culture area),Chamacoco (Zamuko),,,
http://n2t.net/ark:/65665/sz8250646b2-05a6-44f0-8b6a-01af32f3fc24,NMAICulture_1878,Chorote (Choroti),,Chorotis ; Yofuaha ; Eklenjuy,Language Family info:  Mataco-Guaicuru/Mataco,South America - Gran Chaco - Gran Chaco (no sub-culture area) - Chorote (Choroti),South America,Gran Chaco,Gran Chaco (no sub-culture area),Chorote (Choroti),,,
http://n2t.net/ark:/65665/sz812bd0ff6-eb3f-41e4-b30e-cf71f7cb1335,NMAICulture_1888,Enxet (Lengua),,,Language Family info:  Mascoian,South America - Gran Chaco - Gran Chaco (no sub-culture area) - Enxet (Lengua),South America,Gran Chaco,Gran Chaco (no sub-culture area),Enxet (Lengua),,,
http://n2t.net/ark:/65665/sz8e8fe98bc-6435-44a4-b266-439241f4207a,NMAICulture_1896,Evueví (Payaguá/Payagua),"Payagua may be a synonym of Kadiwéu; also a synonym of Lengua Sur, or may represent extinct Mascoians",Payaguas,Language Family info:  Mataco-Guaicuru/Guaicuruan,South America - Gran Chaco - Gran Chaco (no sub-culture area) - Evueví (Payaguá/Payagua),South America,Gran Chaco,Gran Chaco (no sub-culture area),Evueví (Payaguá/Payagua),,,
http://n2t.net/ark:/65665/sz88cb30de7-1cf5-46ef-a054-b1460d35fc34,NMAICulture_1879,Guana,Synonym Macikui seems to refer to Mascoian language family,Kaskihá; Cashquiha; Macikui,Language Family info:  Mascoian,South America - Gran Chaco - Gran Chaco (no sub-culture area) - Guana,South America,Gran Chaco,Gran Chaco (no sub-culture area),Guana,,,
http://n2t.net/ark:/65665/sz8e8043839-c8bb-4f90-afe5-df9ce6e79e1c,NMAICulture_1884,Guaraní (Chiriguano) [Eastern Bolivia],,Chiriguano; Chiriquanos; Chiriquano; Chawuncu,Language Family info:  Tupi/Tupi-Guarani/Subgroup I,South America - Gran Chaco - Gran Chaco (no sub-culture area) - Guaraní (Guarani) - Guaraní (Chiriguano) [Eastern Bolivia],South America,Gran Chaco,Gran Chaco (no sub-culture area),Guaraní (Guarani),Guaraní (Chiriguano) [Eastern Bolivia],,
http://n2t.net/ark:/65665/sz878e3be03-1eda-492c-b8c8-bc138fbd19a0,NMAICulture_1886,Guaraní (Missiones),,,Language Family info:  Tupi/Tupi-Guarani/Subgroup I,South America - Gran Chaco - Gran Chaco (no sub-culture area) - Guaraní (Guarani) - Guaraní (Missiones),South America,Gran Chaco,Gran Chaco (no sub-culture area),Guaraní (Guarani),Guaraní (Missiones),,
http://n2t.net/ark:/65665/sz8a82a0f57-82b0-482c-abcf-60e159c75cdf,NMAICulture_1880,Guaraní (Guarani),,Guarayo; Simba; Simba Guaraní;  Guaranis,Language Family info:  Tupi/Tupi-Guarani/Subgroup I,South America - Gran Chaco - Gran Chaco (no sub-culture area) - Guaraní (Guarani),South America,Gran Chaco,Gran Chaco (no sub-culture area),Guaraní (Guarani),,,
http://n2t.net/ark:/65665/sz831cdcdf3-47d8-4f96-8638-ace458adbb30,NMAICulture_1908,Guaraní Ñandéva (Tapieté/Yanaigua),,Guasurango; Guasurangue; Tirumbae; Ñanagua; Yanaygua,Language Family info:  Tupi/Tupi-Guarani/Guarani I,South America - Gran Chaco - Gran Chaco (no sub-culture area) - Guaraní Ñandéva (Tapieté/Yanaigua),South America,Gran Chaco,Gran Chaco (no sub-culture area),Guaraní Ñandéva (Tapieté/Yanaigua),,,
http://n2t.net/ark:/65665/sz8d0e417da-03cf-411e-b98b-dcbeee302d7b,NMAICulture_2845,Kaiwá (Caingua),,Caiwa ; Cayua ; Caiua ; Kayova ; Kaiova,,South America - Gran Chaco - Gran Chaco (no sub-culture area) - Kaiwá (Caingua),South America,Gran Chaco,Gran Chaco (no sub-culture area),Kaiwá (Caingua),,,
http://n2t.net/ark:/65665/sz813006e70-6574-4221-afd0-376282fe6322,NMAICulture_1892,Maka (Maca),,Towolhi; Mak'á; Maká; Macá; Enimaca; Enimaga,Language Family info:  Mataco-Guaicuru/Mataco,South America - Gran Chaco - Gran Chaco (no sub-culture area) - Maka (Maca),South America,Gran Chaco,Gran Chaco (no sub-culture area),Maka (Maca),,,
http://n2t.net/ark:/65665/sz8f14bab61-2382-41cf-b38d-c4f5f6d14dc6,NMAICulture_1890,Motilones,Problematic term: see Motalone and Motilone,,,South America - Gran Chaco - Gran Chaco (no sub-culture area) - Motilones,South America,Gran Chaco,Gran Chaco (no sub-culture area),Motilones,,,
http://n2t.net/ark:/65665/sz86494ef5d-fb3a-4da2-83aa-edc22ce40a99,NMAICulture_1891,Motitines,Problematic term: not match to known cultural group,,,South America - Gran Chaco - Gran Chaco (no sub-culture area) - Motitines,South America,Gran Chaco,Gran Chaco (no sub-culture area),Motitines,,,
http://n2t.net/ark:/65665/sz8606346c2-320f-46d7-a335-115b0a332782,NMAICulture_1893,Nivaclé (Ashlushlay),,Choropí ; Sotirai ; Suhin; Nivaklé; Axluslay; Chulupí; Churupí; Chulupie; Chulupe,Language Family info:  Mataco-Guaicuru/Mataco,South America - Gran Chaco - Gran Chaco (no sub-culture area) - Nivaclé (Ashlushlay),South America,Gran Chaco,Gran Chaco (no sub-culture area),Nivaclé (Ashlushlay),,,
http://n2t.net/ark:/65665/sz8c5f17494-d604-41f6-9255-3f554457530e,NMAICulture_1902,Chaco Pilagá,,,Language Family info:  Mataco-Guaicuru/Guaicuruan,South America - Gran Chaco - Gran Chaco (no sub-culture area) - Pilagá - Chaco Pilagá,South America,Gran Chaco,Gran Chaco (no sub-culture area),Pilagá,Chaco Pilagá,,
http://n2t.net/ark:/65665/sz808d212e4-27de-4eb4-a1cf-4a9cba58fcac,NMAICulture_1901,Pilagá,,Pilaca,Language Family info:  Mataco-Guaicuru/Guaicuruan,South America - Gran Chaco - Gran Chaco (no sub-culture area) - Pilagá,South America,Gran Chaco,Gran Chaco (no sub-culture area),Pilagá,,,
http://n2t.net/ark:/65665/sz8bd039644-930d-4a34-b746-98f4b392f2ec,NMAICulture_1904,Angaite,,Angate ; Enlit ; Covavitis ; Covahloc,Language Family info:  Mascoian,South America - Gran Chaco - Gran Chaco (no sub-culture area) - Sanapaná - Angaite,South America,Gran Chaco,Gran Chaco (no sub-culture area),Sanapaná,Angaite,,
http://n2t.net/ark:/65665/sz804d43ba1-48db-4ec9-9a79-97a7cfed530c,NMAICulture_1903,Sanapaná,,Quiativis ; Quilyacmoc ; Lanapsua ; Saapa ; Sanam,Language Family info:  Mascoian,South America - Gran Chaco - Gran Chaco (no sub-culture area) - Sanapaná,South America,Gran Chaco,Gran Chaco (no sub-culture area),Sanapaná,,,
http://n2t.net/ark:/65665/sz88655df8f-854b-4dfb-89e0-1904ef6df9e2,NMAICulture_1909,Toba,some objects may be Toba-Pilagá  rather than Toba proper,Toba-Qom;Toba Qom;Qom; Tobas; Tombas; Chaco Sur; Toba Sur,Language Family info:  Mataco-Guaicuru,South America - Gran Chaco - Gran Chaco (no sub-culture area) - Toba,South America,Gran Chaco,Gran Chaco (no sub-culture area),Toba,,,
http://n2t.net/ark:/65665/sz84e722c04-6447-4cbe-a834-faee6ee6f5fb,NMAICulture_1911,Wichí Vejoz (Mataco),,Mataco; Mataco Vejoz; Vejos,Language Family info:  Mataco-Guaicuru/Mataco,South America - Gran Chaco - Gran Chaco (no sub-culture area) - Wichí (Mataco) - Wichí Vejoz (Mataco),South America,Gran Chaco,Gran Chaco (no sub-culture area),Wichí (Mataco),Wichí Vejoz (Mataco),,
http://n2t.net/ark:/65665/sz84b51d8b2-f7c9-4d0f-aceb-eda187149667,NMAICulture_1910,Wichí (Mataco),,Matacos; Wichi; Mataguayo,Language Family info:  Mataco-Guaicuru/Mataco,South America - Gran Chaco - Gran Chaco (no sub-culture area) - Wichí (Mataco),South America,Gran Chaco,Gran Chaco (no sub-culture area),Wichí (Mataco),,,
http://n2t.net/ark:/65665/sz89e914e22-91fa-4d38-ab9e-dcd8e19de733,NMAICulture_2610,Gran Chaco (no sub-culture area),,,,South America - Gran Chaco - Gran Chaco (no sub-culture area),South America,Gran Chaco,Gran Chaco (no sub-culture area),,,,
http://n2t.net/ark:/65665/sz8ae979840-a9c6-4813-a001-342a056f6311,NMAICulture_30,Gran Chaco,,,,South America - Gran Chaco,South America,Gran Chaco,,,,,
http://n2t.net/ark:/65665/sz8429386a8-6048-4aeb-b4c2-b47b22ac5895,NMAICulture_1833,Historical Argentina,,,,South America - Historical Argentina,South America,Historical Argentina,,,,,
http://n2t.net/ark:/65665/sz8e8f520c9-476d-44ee-9fa8-86419b14fa16,NMAICulture_1835,Historical Venezuela,,,,South America - Historical Venezuela,South America,Historical Venezuela,,,,,
http://n2t.net/ark:/65665/sz8a529427c-9119-409e-9ab6-58ddad7f7326,NMAICulture_1845,Charrúa (Charrua),Extinct people of Uruguay,,Language Family info:  Language Isolate,South America - Pampas/Patagonia - Pampas/Patagonia (no sub-culture area) - Charrúa (Charrua),South America,Pampas/Patagonia,Pampas/Patagonia (no sub-culture area),Charrúa (Charrua),,,
http://n2t.net/ark:/65665/sz84f667410-cf3c-4490-8782-a44fb6d1ccee,NMAICulture_2771,Intihuasi Tradition (archaeological culture),,,,South America - Pampas/Patagonia - Pampas/Patagonia (no sub-culture area) - Intihuasi Tradition (archaeological culture),South America,Pampas/Patagonia,Pampas/Patagonia (no sub-culture area),Intihuasi Tradition (archaeological culture),,,
http://n2t.net/ark:/65665/sz83f6f3d49-14bb-4314-a90b-d562c41e35a3,NMAICulture_2924,La Aguada (archaeological culture),,,,South America - Pampas/Patagonia - Pampas/Patagonia (no sub-culture area) - La Aguada (archaeological culture),South America,Pampas/Patagonia,Pampas/Patagonia (no sub-culture area),La Aguada (archaeological culture),,,
http://n2t.net/ark:/65665/sz8414d1d83-4a24-46d5-a11d-39275c9747e6,NMAICulture_1838,Pampas/Patagonia mestizos,,Gaucho,,South America - Pampas/Patagonia - Pampas/Patagonia (no sub-culture area) - Pampas/Patagonia mestizos,South America,Pampas/Patagonia,Pampas/Patagonia (no sub-culture area),Pampas/Patagonia mestizos,,,
http://n2t.net/ark:/65665/sz892884224-ca72-45a6-bdec-71f9961a7e98,NMAICulture_1841,Patagonia,Generic term for Patagonia region; more specific cultural terms should be used where possible,,,South America - Pampas/Patagonia - Pampas/Patagonia (no sub-culture area) - Patagonia,South America,Pampas/Patagonia,Pampas/Patagonia (no sub-culture area),Patagonia,,,
http://n2t.net/ark:/65665/sz8e367e453-6bbc-4c0e-b0e4-0bf6bdbfb422,NMAICulture_2911,Aónikenk (Southern Tehuelche),,Aoniken ; Inaquen,Language Family info:  Chon,South America - Pampas/Patagonia - Pampas/Patagonia (no sub-culture area) - Tehuelche - Aónikenk (Southern Tehuelche),South America,Pampas/Patagonia,Pampas/Patagonia (no sub-culture area),Tehuelche,Aónikenk (Southern Tehuelche),,
http://n2t.net/ark:/65665/sz8eb8324c3-6abf-4385-8010-0a2067c6d0e9,NMAICulture_1842,Tehuelche,,Gunua-Kena ; Gununa-Kena,Language Family info:  Chon,South America - Pampas/Patagonia - Pampas/Patagonia (no sub-culture area) - Tehuelche,South America,Pampas/Patagonia,Pampas/Patagonia (no sub-culture area),Tehuelche,,,
http://n2t.net/ark:/65665/sz8026391ea-504f-4b08-871d-43b5d928ac58,NMAICulture_2609,Pampas/Patagonia (no sub-culture area),,,,South America - Pampas/Patagonia - Pampas/Patagonia (no sub-culture area),South America,Pampas/Patagonia,Pampas/Patagonia (no sub-culture area),,,,
http://n2t.net/ark:/65665/sz8f24cc17e-46de-4c51-a45a-dcf1cf8248a1,NMAICulture_2794,Yaguarí complex (archaeological culture),,,,South America - Pampas/Patagonia - Yaguarí complex (archaeological culture),South America,Pampas/Patagonia,Yaguarí complex (archaeological culture),,,,
http://n2t.net/ark:/65665/sz84a28d491-e62c-410a-bd47-17bdfc4d2c5a,NMAICulture_31,Pampas/Patagonia,,Pampa,,South America - Pampas/Patagonia,South America,Pampas/Patagonia,,,,,
http://n2t.net/ark:/65665/sz800c1613d-fa95-4ea8-8ca7-29942d951415,NMAICulture_1834,South American Indians,,,,South America - South American Indians,South America,South American Indians,,,,,
http://n2t.net/ark:/65665/sz89a5a6470-8bcc-4222-80d2-d53e18039b00,NMAICulture_3349,Arica/Western Valleys Tradition (archaeological culture): Alto Ramirez style,,,,South America - Southern South America - Chilean Coast - Arica/Western Valleys Tradition (archaeological culture) - Arica/Western Valleys Tradition (archaeological culture): Alto Ramirez style,South America,Southern South America,Chilean Coast,Arica/Western Valleys Tradition (archaeological culture),Arica/Western Valleys Tradition (archaeological culture): Alto Ramirez style,,
http://n2t.net/ark:/65665/sz8802fff54-3786-4c73-9d84-3fb9dd7d51e5,NMAICulture_3344,Arica/Western Valleys Tradition: Gentilar style (archaeological culture),,,,South America - Southern South America - Chilean Coast - Arica/Western Valleys Tradition (archaeological culture) - Arica/Western Valleys Tradition: Gentilar style (archaeological culture),South America,Southern South America,Chilean Coast,Arica/Western Valleys Tradition (archaeological culture),Arica/Western Valleys Tradition: Gentilar style (archaeological culture),,
http://n2t.net/ark:/65665/sz819f77025-d662-4e9a-ad77-13dbd0b7b770,NMAICulture_3338,Arica/Western Valleys Tradition: Maytas-Chiribaya style (archaeological culture),,Maitas-Chiribaya,,South America - Southern South America - Chilean Coast - Arica/Western Valleys Tradition (archaeological culture) - Arica/Western Valleys Tradition: Maytas-Chiribaya style (archaeological culture),South America,Southern South America,Chilean Coast,Arica/Western Valleys Tradition (archaeological culture),Arica/Western Valleys Tradition: Maytas-Chiribaya style (archaeological culture),,
http://n2t.net/ark:/65665/sz82f3383db-18e0-43f2-ad0a-47cf78a2bd87,NMAICulture_3345,Arica/Western Valleys Tradition: Pocoma style (archaeological culture),,,,South America - Southern South America - Chilean Coast - Arica/Western Valleys Tradition (archaeological culture) - Arica/Western Valleys Tradition: Pocoma style (archaeological culture),South America,Southern South America,Chilean Coast,Arica/Western Valleys Tradition (archaeological culture),Arica/Western Valleys Tradition: Pocoma style (archaeological culture),,
http://n2t.net/ark:/65665/sz8ee56ca41-fd7d-47a1-8e44-ac06f780aaec,NMAICulture_3346,Arica/Western Valleys Tradition: San Miguel style (archaeological culture),,,,South America - Southern South America - Chilean Coast - Arica/Western Valleys Tradition (archaeological culture) - Arica/Western Valleys Tradition: San Miguel style (archaeological culture),South America,Southern South America,Chilean Coast,Arica/Western Valleys Tradition (archaeological culture),Arica/Western Valleys Tradition: San Miguel style (archaeological culture),,
http://n2t.net/ark:/65665/sz8fe082594-8135-48eb-b819-cf84253d62e7,NMAICulture_3341,Arica/Western Valleys Tradition (archaeological culture),,,,South America - Southern South America - Chilean Coast - Arica/Western Valleys Tradition (archaeological culture),South America,Southern South America,Chilean Coast,Arica/Western Valleys Tradition (archaeological culture),,,
http://n2t.net/ark:/65665/sz85851cee4-a19a-4084-8961-a4a621edbfa4,NMAICulture_3347,El Vergel Tradition (archaeological culture),,,,South America - Southern South America - Chilean Coast - El Vergel Tradition (archaeological culture),South America,Southern South America,Chilean Coast,El Vergel Tradition (archaeological culture),,,
http://n2t.net/ark:/65665/sz83f642a2b-8d8d-4765-bbf5-3c04658d5896,NMAICulture_243,Huilliche,,Veliche; Huiliche; Chilote; Cunco,Language Family info:  Araucanian,South America - Southern South America - Chilean Coast - Huilliche,South America,Southern South America,Chilean Coast,Huilliche,,,
http://n2t.net/ark:/65665/sz85cf0812b-e6e2-40d2-83a1-f39cc33fbcf1,NMAICulture_731,Moluche (Manzanero),,Ngoluche,Language Family info:  Araucanian,South America - Southern South America - Chilean Coast - Mapuche - Moluche (Manzanero),South America,Southern South America,Chilean Coast,Mapuche,Moluche (Manzanero),,
http://n2t.net/ark:/65665/sz820d7c250-34c8-4ec4-9d99-9a173cfbafb5,NMAICulture_307,Mapuche,,Mapudungun; Mapudungu; Araucano,Language Family info:  Araucanian,South America - Southern South America - Chilean Coast - Mapuche,South America,Southern South America,Chilean Coast,Mapuche,,,
http://n2t.net/ark:/65665/sz88eb0c5f4-c107-4bc3-a044-a687217f4416,NMAICulture_3342,Pica-Tarapacá Tradition (archaeological culture),,,,South America - Southern South America - Chilean Coast - Pica-Tarapacá Tradition (archaeological culture),South America,Southern South America,Chilean Coast,Pica-Tarapacá Tradition (archaeological culture),,,
http://n2t.net/ark:/65665/sz8c0ab0ab6-e431-4a64-809e-f02f27330c85,NMAICulture_787,Picunche,,,Language Family info:  Araucanian,South America - Southern South America - Chilean Coast - Picunche,South America,Southern South America,Chilean Coast,Picunche,,,
http://n2t.net/ark:/65665/sz8ceca8feb-8aef-4157-b96c-6b7fb61e3ce9,NMAICulture_3343,San Pedro de Atacama Tradition (archaeological culture),,Circumpuna Andes: Atacama region (archaeological),,South America - Southern South America - Chilean Coast - San Pedro de Atacama Tradition (archaeological culture),South America,Southern South America,Chilean Coast,San Pedro de Atacama Tradition (archaeological culture),,,
http://n2t.net/ark:/65665/sz8d88e391b-3f48-49da-96d8-3dfd730ad01a,NMAICulture_97,Chilean Coast,,,,South America - Southern South America - Chilean Coast,South America,Southern South America,Chilean Coast,,,,
http://n2t.net/ark:/65665/sz82f7869e1-9d89-4b97-872b-eaecc6a2eaba,NMAICulture_400,Qawasqar (Alacaluf),,Kawesqar ; Alacalufe ; Halakwulup,Language Family info:  Alacalufan,South America - Southern South America - Tierra del Fuego - Qawasqar (Alacaluf),South America,Southern South America,Tierra del Fuego,Qawasqar (Alacaluf),,,
http://n2t.net/ark:/65665/sz8a6bd803f-3f5b-4a54-aa61-82285f95d8b2,NMAICulture_368,Selk'nam (Ona),,Aona; Selknam; Shelknam,Language Family info:  Chon,South America - Southern South America - Tierra del Fuego - Selk'nam (Ona),South America,Southern South America,Tierra del Fuego,Selk'nam (Ona),,,
http://n2t.net/ark:/65665/sz8666f0e02-a40e-4d77-96bd-845ab4b7b8c9,NMAICulture_506,Yámana (Yagán/Yahgan),,Tequenica; Háusi Kúta,Language Family info:  Language Isolate,South America - Southern South America - Tierra del Fuego - Yámana (Yagán/Yahgan),South America,Southern South America,Tierra del Fuego,Yámana (Yagán/Yahgan),,,
http://n2t.net/ark:/65665/sz8ce35f760-9583-43d2-99ef-2e5fcbc518d8,NMAICulture_98,Tierra del Fuego,,,,South America - Southern South America - Tierra del Fuego,South America,Southern South America,Tierra del Fuego,,,,
http://n2t.net/ark:/65665/sz8c798ecbe-5889-4c78-a777-a99695d5a69d,NMAICulture_32,Southern South America,,,,South America - Southern South America,South America,Southern South America,,,,,
http://n2t.net/ark:/65665/sz8e0309891-9b06-42d5-b258-2532afe7ec84,NMAICulture_8,South America,,,,South America,South America,,,,,,
http://n2t.net/ark:/65665/sz89e34b5a6-2ee8-4242-8640-ece746cc0f5a,NMAICulture_2798,Unknown archaeological culture,,,,Unknown archaeological culture,Unknown archaeological culture,,,,,,
http://n2t.net/ark:/65665/sz86809add1-ad0a-41d7-9cdd-8fe165b2698b,NMAICulture_1199,Unknown culture,Unknown should be used only for objects where absolutely no cultural identification is discernible.,,,Unknown culture,Unknown culture,,,,,,